name,datetime,tempmax,tempmin,temp,feelslikemax,feelslikemin,feelslike,dew,humidity,precip,precipprob,precipcover,preciptype,snow,snowdepth,windgust,windspeed,winddir,sealevelpressure,cloudcover,visibility,solarradiation,solarenergy,uvindex,severerisk,sunrise,sunset,moonphase,conditions,description,icon,stations
kathmandu,2021-01-01,64.4,34.6,47.9,64.4,34.6,47.5,37.7,72.1,0,0,0,,0,0,16.8,9.2,233.2,1020.4,27.5,3.1,180,15.5,7,,2021-01-01T06:54:38,2021-01-01T17:20:04,0.58,Partially cloudy,Partly cloudy throughout the day.,partly-cloudy-day,"44454099999,VNKT,44449099999"
kathmandu,2021-01-02,66.2,37.4,48.7,66.2,37.4,48.5,36,67.8,0,0,0,,0,0,16.8,5.8,168.9,1020.1,53.7,2.9,178.4,15.5,7,,2021-01-02T06:54:53,2021-01-02T17:20:45,0.61,Partially cloudy,Partly cloudy throughout the day.,partly-cloudy-day,"44454099999,VNKT,44449099999"
kathmandu,2021-01-03,68,37.4,52.3,68,37.4,52.1,37.9,62.6,0,0,0,,0,0,17.4,6.9,221.1,1018.9,77.6,3,174.4,15,7,,2021-01-03T06:55:07,2021-01-03T17:21:28,0.65,Partially cloudy,Partly cloudy throughout the day.,partly-cloudy-day,"44454099999,VNKT,44449099999"
kathmandu,2021-01-04,62.6,50,55.9,62.6,50,55.9,46,70.4,0,0,0,,0,0,16.3,6.9,182.8,1020.6,85.9,1.6,74.5,6.3,3,,2021-01-04T06:55:19,2021-01-04T17:22:11,0.68,Partially cloudy,Partly cloudy throughout the day.,partly-cloudy-day,"44454099999,VNKT,44449099999"
kathmandu,2021-01-05,66.2,48.2,55.6,66.2,48.2,55.6,46.3,72.9,0,0,0,,0,0,15,8.1,7.2,1021.3,89.1,1.7,59.9,5.1,2,,2021-01-05T06:55:29,2021-01-05T17:22:54,0.72,Partially cloudy,Partly cloudy throughout the day.,partly-cloudy-day,"44454099999,VNKT,44449099999"
kathmandu,2021-01-06,73.4,44.6,57.4,73.4,42.1,57.1,44.3,66.5,0,0,0,,0,0,22.1,11.4,332.6,1018.4,38.2,3.6,181.8,15.8,7,,2021-01-06T06:55:38,2021-01-06T17:23:39,0.75,Partially cloudy,Partly cloudy throughout the day.,partly-cloudy-day,"44454099999,VNKT,44449099999"
kathmandu,2021-01-07,73.4,42.8,55.9,73.4,40,55.4,39,61.7,0,0,0,,0,0,20.4,15,318.1,1016.6,26.9,4,179.6,15.5,7,,2021-01-07T06:55:46,2021-01-07T17:24:24,0.79,Partially cloudy,Partly cloudy throughout the day.,partly-cloudy-day,"44454099999,VNKT,remote,44449099999"
kathmandu,2021-01-08,69.8,39.2,53.1,69.8,37.1,52.5,39.2,63.9,0,0,0,,0,0,19.7,11.4,232.1,1016.8,28,4,176.7,15.3,7,,2021-01-08T06:55:52,2021-01-08T17:25:09,0.82,Partially cloudy,Partly cloudy throughout the day.,partly-cloudy-day,"44454099999,VNKT,44449099999"
kathmandu,2021-01-09,73.4,41,54.6,73.4,37.9,54.3,40.8,65.5,0,0,0,,0,0,20.8,11.4,353.8,1016.3,28,3.6,178.5,15.5,7,,2021-01-09T06:55:56,2021-01-09T17:25:55,0.86,Partially cloudy,Partly cloudy throughout the day.,partly-cloudy-day,"44454099999,VNKT,44449099999"
kathmandu,2021-01-10,73.4,41,55.2,73.4,37.9,54.7,37.6,58.5,0,0,0,,0,0,19.5,13.9,353.2,1015.5,28,3.6,175.4,15.2,6,,2021-01-10T06:55:59,2021-01-10T17:26:42,0.9,Partially cloudy,Partly cloudy throughout the day.,partly-cloudy-day,"44454099999,VNKT,44449099999"
kathmandu,2021-01-11,69.8,41,53.2,69.8,37.9,52.6,41.1,67.7,0,0,0,,0,0,18.1,8.1,165.4,1016.2,28,3.2,160.5,13.8,6,,2021-01-11T06:56:01,2021-01-11T17:27:28,0.93,Partially cloudy,Partly cloudy throughout the day.,partly-cloudy-day,"44454099999,VNKT,44449099999"
kathmandu,2021-01-12,64.4,44.6,51.9,64.4,43.3,51.7,44.8,78.8,0.004,100,4.17,rain,0,0,16.3,11.4,190.9,1016.5,50.8,2.5,111.8,9.7,5,,2021-01-12T06:56:00,2021-01-12T17:28:16,0.97,"Rain, Partially cloudy",Partly cloudy throughout the day with afternoon rain.,rain,"44454099999,VNKT,44449099999"
kathmandu,2021-01-13,62.6,44.6,51.6,62.6,44.6,51.4,44.3,78.5,0,0,0,,0,0,13.6,13.9,203.2,1016.2,62,2.2,116.9,10,4,,2021-01-13T06:55:58,2021-01-13T17:29:03,0,Partially cloudy,Partly cloudy throughout the day.,partly-cloudy-day,"44454099999,VNKT,44449099999"
kathmandu,2021-01-14,64.4,46.4,52.3,64.4,46.4,52.2,45.1,78.1,0,0,0,,0,0,14.8,10.3,228.5,1017.1,51.9,2.2,154.8,13.3,6,,2021-01-14T06:55:55,2021-01-14T17:29:51,0.03,Partially cloudy,Clearing in the afternoon.,partly-cloudy-day,"44454099999,VNKT,44449099999"
kathmandu,2021-01-15,66.2,42.8,51.9,66.2,41.2,51.7,45.5,81.1,0,0,0,,0,0,18.1,12.8,239,1015.9,32.4,2.2,182,15.7,7,,2021-01-15T06:55:50,2021-01-15T17:30:40,0.07,Partially cloudy,Clearing in the afternoon.,partly-cloudy-day,"44454099999,VNKT,44449099999"
kathmandu,2021-01-16,64.4,42.8,52.6,64.4,42.8,52.5,43.9,74.7,0,0,0,,0,0,18.6,10.3,233.3,1014.4,43.1,2.7,131.6,11.3,6,,2021-01-16T06:55:44,2021-01-16T17:31:28,0.1,Partially cloudy,Becoming cloudy in the afternoon.,partly-cloudy-day,"44454099999,VNKT,44449099999"
kathmandu,2021-01-17,64.4,48.2,54.7,64.4,48.2,54.7,45.1,71.8,0,0,0,,0,0,14.1,8.1,210.7,1019.2,64.6,3.1,126.2,10.8,6,,2021-01-17T06:55:35,2021-01-17T17:32:17,0.13,Partially cloudy,Partly cloudy throughout the day.,partly-cloudy-day,"44454099999,VNKT,44449099999"
kathmandu,2021-01-18,68,42.8,54.2,68,41.2,54.1,44.1,71.8,0,0,0,,0,0,15.4,9.2,247.6,1019.5,41.5,3.1,162.6,13.9,6,,2021-01-18T06:55:26,2021-01-18T17:33:05,0.16,Partially cloudy,Partly cloudy throughout the day.,partly-cloudy-day,"44454099999,VNKT,remote,44449099999"
kathmandu,2021-01-19,64.4,46.4,53.8,64.4,45.3,53.5,43.1,70.5,0,0,0,,0,0,21.7,12.8,292.6,1015.5,35.3,3.7,148.7,12.9,6,,2021-01-19T06:55:14,2021-01-19T17:33:54,0.19,Partially cloudy,Partly cloudy throughout the day.,partly-cloudy-day,"44454099999,VNKT,44449099999"
kathmandu,2021-01-20,62.6,41,51.3,62.6,41,51,41.9,73.3,0,0,0,,0,0,15.9,11.4,210.9,1014.5,31.7,3.1,103.9,8.9,4,,2021-01-20T06:55:02,2021-01-20T17:34:43,0.23,Partially cloudy,Partly cloudy throughout the day.,partly-cloudy-day,"44454099999,VNKT,44449099999"
kathmandu,2021-01-21,62.6,41,49.9,62.6,41,49.6,40,70.8,0,0,0,,0,0,17,11.4,191.3,1014,31.5,2.8,160.8,13.9,7,,2021-01-21T06:54:47,2021-01-21T17:35:32,0.25,Partially cloudy,Partly cloudy throughout the day.,partly-cloudy-day,"44454099999,VNKT,44449099999"
kathmandu,2021-01-22,62.6,39.2,50.1,62.6,39.2,49.9,40.8,72.5,0,0,0,,0,0,16.1,11.4,235.5,1017.5,28,2.8,172.4,14.9,7,,2021-01-22T06:54:31,2021-01-22T17:36:22,0.29,Partially cloudy,Partly cloudy throughout the day.,partly-cloudy-day,"44454099999,VNKT,44449099999"
kathmandu,2021-01-23,64.4,41,51.3,64.4,39.1,51,42.8,76.6,0,0,0,,0,0,18.3,9.2,229.1,1016.7,28,2.7,190.6,16.5,7,,2021-01-23T06:54:14,2021-01-23T17:37:11,0.32,Partially cloudy,Partly cloudy throughout the day.,partly-cloudy-day,"44454099999,VNKT,44449099999"
kathmandu,2021-01-24,64.4,41,51.5,64.4,39.1,51.2,42.6,75.2,0,0,0,,0,0,19.7,11.4,254.4,1017.3,31.5,3,186.4,16.2,7,,2021-01-24T06:53:55,2021-01-24T17:38:00,0.35,Partially cloudy,Partly cloudy throughout the day.,partly-cloudy-day,"44454099999,VNKT,remote,44449099999"
kathmandu,2021-01-25,62.6,39.2,50.3,62.6,39.1,50,40.8,73.2,0,0,0,,0,0,17.7,10.3,206.3,1018.6,28,3,172.3,14.9,7,,2021-01-25T06:53:34,2021-01-25T17:38:49,0.39,Partially cloudy,Partly cloudy throughout the day.,partly-cloudy-day,"44454099999,VNKT,44449099999"
kathmandu,2021-01-26,64.4,39.2,49.9,64.4,35.8,49.5,39.1,70.1,0,0,0,,0,0,16.3,5.8,330.9,1018.1,28.3,3.2,180.7,15.8,7,,2021-01-26T06:53:12,2021-01-26T17:39:37,0.42,Partially cloudy,Partly cloudy throughout the day.,partly-cloudy-day,"44454099999,VNKT,44449099999"
kathmandu,2021-01-27,66.3,37.5,49.8,66.3,35.1,49.2,37.8,67.5,0,0,0,,0,0,17.4,9.2,195.5,1018.3,29.6,3.5,178.5,15.5,7,,2021-01-27T06:52:49,2021-01-27T17:40:26,0.45,Partially cloudy,Partly cloudy throughout the day.,partly-cloudy-day,"44454099999,VNKT,44449099999"
kathmandu,2021-01-28,64.4,37.4,49.6,64.4,35,49,37.3,67.1,0,0,0,,0,0,17.2,12.8,155.5,1020,28,3.4,197.2,17.1,8,,2021-01-28T06:52:24,2021-01-28T17:41:15,0.48,Partially cloudy,Partly cloudy throughout the day.,partly-cloudy-day,"44454099999,VNKT,44449099999"
kathmandu,2021-01-29,64.4,39.2,50.2,64.4,37.1,49.7,37.1,65.4,0,0,0,,0,0,17.2,12.8,189.1,1018.7,29.8,3.4,202.7,17.5,8,,2021-01-29T06:51:58,2021-01-29T17:42:03,0.5,Partially cloudy,Partly cloudy throughout the day.,partly-cloudy-day,"44454099999,VNKT,44449099999"
kathmandu,2021-01-30,60.8,39.2,49,60.8,37.1,48.5,35.7,64.4,0,0,0,,0,0,17.7,11.4,190.2,1016.8,28,3.8,193.4,16.6,8,,2021-01-30T06:51:30,2021-01-30T17:42:51,0.55,Partially cloudy,Partly cloudy throughout the day.,partly-cloudy-day,"44454099999,VNKT,44449099999"
kathmandu,2021-01-31,62.7,37.4,48.7,62.7,37.4,48.4,35.5,64.1,0,0,0,,0,0,15.7,12.8,198,1019,29.9,3.8,179.6,15.6,7,,2021-01-31T06:51:01,2021-01-31T17:43:39,0.59,Partially cloudy,Partly cloudy throughout the day.,partly-cloudy-day,"44454099999,VNKT,44449099999"
kathmandu,2021-02-01,62.6,39.2,49,62.6,35.8,48.4,36.8,66.9,0,0,0,,0,0,15.2,9.2,189.5,1021,35.6,3.4,165.4,14.2,6,,2021-02-01T06:50:30,2021-02-01T17:44:27,0.62,Partially cloudy,Becoming cloudy in the afternoon.,partly-cloudy-day,"44454099999,VNKT,44449099999"
kathmandu,2021-02-02,64.4,39.2,50.6,64.4,37.1,50.3,37.5,65,0,0,0,,0,0,16.8,11.4,192.4,1021.2,30.5,3.4,204.7,17.6,7,,2021-02-02T06:49:58,2021-02-02T17:45:14,0.66,Partially cloudy,Becoming cloudy in the afternoon.,partly-cloudy-day,"44454099999,VNKT,44449099999"
kathmandu,2021-02-03,66.2,39.2,52.3,66.2,39.1,52,38.2,63.5,0,0,0,,0,0,17.2,9.2,228.2,1021,28,3.5,209.2,18,8,,2021-02-03T06:49:24,2021-02-03T17:46:01,0.69,Partially cloudy,Partly cloudy throughout the day.,partly-cloudy-day,"44454099999,VNKT,44449099999"
kathmandu,2021-02-04,68,41,52.9,68,41,52.5,38.8,63.6,0,0,0,,0,0,19.7,9.2,92.1,1021.2,28,3.9,215.7,18.6,8,,2021-02-04T06:48:50,2021-02-04T17:46:48,0.75,Partially cloudy,Partly cloudy throughout the day.,partly-cloudy-day,"44454099999,VNKT,44449099999"
kathmandu,2021-02-05,62.6,41,50.8,62.6,39.1,50.3,39.9,68.1,0,0,0,,0,0,21.9,15,323.2,1020.5,60.5,3.5,150.3,13.1,6,,2021-02-05T06:48:14,2021-02-05T17:47:35,0.77,Partially cloudy,Partly cloudy throughout the day.,partly-cloudy-day,"44454099999,VNKT,remote,44449099999"
kathmandu,2021-02-06,64.4,41,49.6,64.4,39.1,48.7,41,74.1,0.043,100,8.33,rain,0,0,17.4,13.8,107.9,1019,71,3.8,159.8,13.8,7,,2021-02-06T06:47:36,2021-02-06T17:48:21,0.8,"Rain, Partially cloudy",Partly cloudy throughout the day with rain in the morning and afternoon.,rain,"44454099999,VNKT,44449099999"
kathmandu,2021-02-07,64.4,35.6,48.4,64.4,33,47.3,36.4,69,0,0,0,,0,0,19.2,9.2,110.4,1020,28,4.4,217.2,18.7,8,,2021-02-07T06:46:58,2021-02-07T17:49:07,0.84,Partially cloudy,Partly cloudy throughout the day.,partly-cloudy-day,"44454099999,VNKT,44449099999"
kathmandu,2021-02-08,71.6,39.2,52.9,71.6,37.1,52.4,36.9,61.8,0,0,0,,0,0,14.5,6.9,105.1,1020.3,28,3.6,221.9,19.2,8,,2021-02-08T06:46:18,2021-02-08T17:49:52,0.87,Partially cloudy,Partly cloudy throughout the day.,partly-cloudy-day,"44454099999,VNKT,44449099999"
kathmandu,2021-02-09,71.6,41,54.6,71.6,41,54.4,41.1,65.3,0,0,0,,0,0,15.7,11.4,188.8,1017.9,28.5,3.9,211,18.3,8,,2021-02-09T06:45:36,2021-02-09T17:50:37,0.91,Partially cloudy,Partly cloudy throughout the day.,partly-cloudy-day,"44454099999,VNKT,44449099999"
kathmandu,2021-02-10,66.2,44.6,54.1,66.2,43.2,53.9,45.8,75.6,0,0,0,,0,0,15,10.3,242.2,1016.1,61.9,3.1,160.3,13.7,6,,2021-02-10T06:44:54,2021-02-10T17:51:22,0.95,Partially cloudy,Partly cloudy throughout the day.,partly-cloudy-day,"44454099999,VNKT,44449099999"
kathmandu,2021-02-11,67.9,44.6,55.2,67.9,42.1,55,46.7,76,0,0,0,,0,0,17.7,9.2,222.4,1015,29.4,2.9,207.7,17.9,8,,2021-02-11T06:44:11,2021-02-11T17:52:06,0.98,Partially cloudy,Partly cloudy throughout the day.,partly-cloudy-day,"44454099999,VNKT,44449099999"
kathmandu,2021-02-12,67.9,48.1,56.3,67.9,47.2,56.2,47.4,75.2,0.012,100,8.33,rain,0,0,17.7,9.2,246.8,1016.1,69,2.8,162.3,13.9,8,,2021-02-12T06:43:26,2021-02-12T17:52:50,0,"Rain, Partially cloudy",Partly cloudy throughout the day with afternoon rain.,rain,VNKT
kathmandu,2021-02-13,67.9,48.1,56.6,67.9,46.2,56.5,48.1,75.4,0.02,100,16.67,rain,0,0,15.2,8.1,224.5,1017.3,60.1,2.8,145.9,12.4,6,,2021-02-13T06:42:40,2021-02-13T17:53:34,0.05,"Rain, Partially cloudy",Partly cloudy throughout the day with rain in the morning and afternoon.,rain,"44454099999,VNKT,44449099999"
kathmandu,2021-02-14,69.8,48.3,57.7,69.8,48.3,57.7,48.7,74.5,0,0,0,,0,0,16.6,12.8,210.7,1018.3,54.9,2.7,165.7,14.3,6,,2021-02-14T06:41:53,2021-02-14T17:54:17,0.08,Partially cloudy,Partly cloudy throughout the day.,partly-cloudy-day,"44454099999,VNKT,44449099999"
kathmandu,2021-02-15,69.8,48.2,57.4,69.8,47.4,57.4,48.2,73.9,0,0,0,,0,0,18.3,12.6,240.6,1016.8,45.1,2.4,197.5,17.1,8,,2021-02-15T06:41:05,2021-02-15T17:55:00,0.11,Partially cloudy,Becoming cloudy in the afternoon.,partly-cloudy-day,"44454099999,VNKT,44449099999"
kathmandu,2021-02-16,69.8,44.6,56.5,69.8,42.1,56.2,45.4,70.9,0,0,0,,0,0,19.5,10.3,207.5,1017.1,31.7,3.1,184.9,16,8,,2021-02-16T06:40:16,2021-02-16T17:55:42,0.14,Partially cloudy,Partly cloudy throughout the day.,partly-cloudy-day,"44454099999,VNKT,44449099999"
kathmandu,2021-02-17,69.8,44.9,55.8,69.8,44.9,55.7,43,66.3,0,0,0,,0,0,16.8,15,244.5,1018.8,49,3.5,203,17.6,8,,2021-02-17T06:39:26,2021-02-17T17:56:24,0.18,Partially cloudy,Becoming cloudy in the afternoon.,partly-cloudy-day,"44454099999,VNKT,remote,44449099999"
kathmandu,2021-02-18,66.2,44.6,54.7,66.2,43.2,54.6,40.7,61.5,0,0,0,,0,0,17.9,10.3,127.8,1021.8,48.6,3.9,180.5,15.6,7,,2021-02-18T06:38:35,2021-02-18T17:57:05,0.21,Partially cloudy,Becoming cloudy in the afternoon.,partly-cloudy-day,"44454099999,VNKT,44449099999"
kathmandu,2021-02-19,69.8,42.8,55,69.8,41.2,54.8,40.1,61.6,0.008,100,4.17,rain,0,0,15.9,11.4,113.7,1022.4,42.2,3.9,222.5,19.4,8,,2021-02-19T06:37:43,2021-02-19T17:57:46,0.24,"Rain, Partially cloudy",Becoming cloudy in the afternoon with afternoon rain.,rain,"44454099999,VNKT,remote,44449099999"
kathmandu,2021-02-20,71.5,44.5,56.6,71.5,43.1,56.3,40.6,59.5,0,0,0,,0,0,14.3,11.4,341,1019.8,22.9,4.1,226.6,19.7,8,,2021-02-20T06:36:50,2021-02-20T17:58:27,0.25,Partially cloudy,Partly cloudy throughout the day.,partly-cloudy-day,"VNKT,remote"
kathmandu,2021-02-21,73.3,44.5,58,73.3,43.1,57.9,42.5,61.4,0,0,0,,0,0,18.1,9.2,263.1,1018,24,3.8,241.4,20.9,9,,2021-02-21T06:35:56,2021-02-21T17:59:07,0.3,Partially cloudy,Partly cloudy throughout the day.,partly-cloudy-day,"VNKT,remote"
kathmandu,2021-02-22,73.4,46.4,58.9,73.4,45.3,58.7,46.2,66,0,0,0,,0,0,15.7,10.3,223.5,1019.5,28,3.1,246.2,21.1,9,,2021-02-22T06:35:02,2021-02-22T17:59:47,0.34,Partially cloudy,Partly cloudy throughout the day.,partly-cloudy-day,"44454099999,VNKT,44449099999"
kathmandu,2021-02-23,75.2,50,60.6,75.2,50,60.6,48.8,68.6,0,0,0,,0,0,17.4,10.3,227.4,1017.9,41.9,2.9,225.7,19.3,8,,2021-02-23T06:34:06,2021-02-23T18:00:26,0.37,Partially cloudy,Partly cloudy throughout the day.,partly-cloudy-day,"44454099999,VNKT,44449099999"
kathmandu,2021-02-24,75.2,50,60.8,75.2,50,60.8,49.3,69.5,0,0,0,,0,0,16.8,11.4,245.3,1015.4,28.8,2.9,177.8,15.3,6,,2021-02-24T06:33:10,2021-02-24T18:01:05,0.4,Partially cloudy,Partly cloudy throughout the day.,partly-cloudy-day,"44454099999,VNKT,44449099999"
kathmandu,2021-02-25,73.4,51.8,61,73.4,51.8,61,52.3,75.6,0,0,0,,0,0,18.1,10.3,199.9,1013.1,37.7,2.2,177,15.3,6,,2021-02-25T06:32:12,2021-02-25T18:01:44,0.43,Partially cloudy,Becoming cloudy in the afternoon.,partly-cloudy-day,"44454099999,VNKT,44449099999"
kathmandu,2021-02-26,73.4,51.8,61.6,73.4,51.8,61.6,53.2,76.6,0,0,0,,0,0,16.1,13.9,204.4,1011.8,49.7,2.2,173.7,15,7,,2021-02-26T06:31:14,2021-02-26T18:02:22,0.47,Partially cloudy,Becoming cloudy in the afternoon.,partly-cloudy-day,"44454099999,VNKT,44449099999"
kathmandu,2021-02-27,73.4,55.4,63.6,73.4,55.4,63.6,53.6,72.4,0.008,100,4.17,rain,0,0,25.3,13.9,286.3,1011.8,68.5,2.4,179.9,15.6,7,,2021-02-27T06:30:16,2021-02-27T18:03:00,0.5,"Rain, Partially cloudy",Partly cloudy throughout the day with late afternoon rain.,rain,"44454099999,VNKT,remote,44449099999"
kathmandu,2021-02-28,75.2,57.2,64.9,75.2,57.2,64.9,51.8,65.7,0,0,0,,0,0,23,13.9,252.5,1013.3,48.8,3.1,198.8,17.2,7,,2021-02-28T06:29:16,2021-02-28T18:03:37,0.53,Partially cloudy,Partly cloudy throughout the day.,partly-cloudy-day,"44454099999,VNKT,44449099999"
kathmandu,2021-03-01,77,51.8,63.4,77,51.8,63.4,48.8,61.5,0,0,0,,0,0,21.3,15,215.1,1015.5,25.6,3.6,240.7,20.7,9,,2021-03-01T06:28:16,2021-03-01T18:04:14,0.57,Partially cloudy,Partly cloudy throughout the day.,partly-cloudy-day,"44454099999,VNKT,remote,44449099999"
kathmandu,2021-03-02,73.4,50,59.8,73.4,50,59.8,37.8,49.7,0,0,0,,0,0,18.6,16.1,180.8,1016.5,28,4.5,244.1,21,9,,2021-03-02T06:27:16,2021-03-02T18:04:51,0.6,Partially cloudy,Partly cloudy throughout the day.,partly-cloudy-day,"44454099999,VNKT,44449099999"
kathmandu,2021-03-03,71.6,46.4,58.9,71.6,44.2,58.8,38.5,50.7,0,0,0,,0,0,19.5,15,204.4,1017.2,28,3.8,254.1,21.9,9,,2021-03-03T06:26:14,2021-03-03T18:05:27,0.64,Partially cloudy,Partly cloudy throughout the day.,partly-cloudy-day,"44454099999,VNKT,44449099999"
kathmandu,2021-03-04,71.6,48.2,59.4,71.6,47.3,59.3,42.3,55.8,0,0,0,,0,0,19.5,13.9,195.5,1016.8,44.6,3.7,169.6,14.9,7,,2021-03-04T06:25:12,2021-03-04T18:06:03,0.67,Partially cloudy,Becoming cloudy in the afternoon.,partly-cloudy-day,"44454099999,VNKT,44449099999"
kathmandu,2021-03-05,73.4,50,59.2,73.4,50,59.2,47.1,69.1,0,0,0,,0,0,23.5,12.8,204.9,1015.3,46.9,3.4,224.2,19.3,8,,2021-03-05T06:24:10,2021-03-05T18:06:39,0.71,Partially cloudy,Becoming cloudy in the afternoon.,partly-cloudy-day,"44454099999,VNKT,44449099999"
kathmandu,2021-03-06,71.6,48.2,58.2,71.6,47.3,58.1,48.1,74.4,0.236,100,4.17,rain,0,0,17.2,12.8,193.5,1016.2,49.9,3.5,210.3,18.1,9,,2021-03-06T06:23:07,2021-03-06T18:07:14,0.75,"Rain, Partially cloudy",Partly cloudy throughout the day with morning rain.,rain,"44454099999,VNKT,44449099999"
kathmandu,2021-03-07,66.2,50,58.6,66.2,50,58.6,51.7,79.8,0,0,0,,0,0,16.6,9.2,126,1018,67.7,3,162,14,7,,2021-03-07T06:22:03,2021-03-07T18:07:49,0.78,Partially cloudy,Partly cloudy throughout the day.,partly-cloudy-day,"44454099999,VNKT,44449099999"
kathmandu,2021-03-08,77,51.8,62.4,77,51.8,62.4,51.3,71.1,0,0,0,,0,0,25.1,16.1,305.3,1019.3,51.1,3,227.6,19.7,8,,2021-03-08T06:20:59,2021-03-08T18:08:24,0.82,Partially cloudy,Partly cloudy throughout the day.,partly-cloudy-day,"44454099999,VNKT,44449099999"
kathmandu,2021-03-09,77,50,63.4,77,50,63.4,46.7,60.8,0,0,0,,0,0,26.4,16.1,291.8,1018.5,28.9,4.2,228.5,19.7,8,,2021-03-09T06:19:55,2021-03-09T18:08:59,0.85,Partially cloudy,Partly cloudy throughout the day.,partly-cloudy-day,"44454099999,VNKT,44449099999"
kathmandu,2021-03-10,77,53.6,63,77,53.6,63,49.6,65.3,0,0,0,,0,0,23,13.9,298.4,1019,40.9,4,225.9,19.5,8,,2021-03-10T06:18:50,2021-03-10T18:09:33,0.89,Partially cloudy,Becoming cloudy in the afternoon.,partly-cloudy-day,"44454099999,VNKT,44449099999"
kathmandu,2021-03-11,75.2,50,63.1,75.2,50,63.1,48.1,61.7,0.02,100,4.17,rain,0,0,22.6,13.8,288.9,1020.3,29.8,4.1,248.6,21.6,9,,2021-03-11T06:17:44,2021-03-11T18:10:07,0.92,"Rain, Partially cloudy",Partly cloudy throughout the day with morning rain.,rain,"44454099999,VNKT,44449099999"
kathmandu,2021-03-12,77,53.6,64.9,77,53.6,64.9,50.6,63.1,0,0,0,,0,0,21,12.8,242.6,1022.3,38.9,3.5,252.9,21.9,9,,2021-03-12T06:16:39,2021-03-12T18:10:41,0.96,Partially cloudy,Becoming cloudy in the afternoon.,partly-cloudy-day,"44454099999,VNKT,44449099999"
kathmandu,2021-03-13,69.8,55.4,62.2,69.8,55.4,62.2,49.9,65.2,0.004,100,4.17,rain,0,0,18.1,10.3,210.5,1021.1,75,3.8,171,14.7,7,,2021-03-13T06:15:33,2021-03-13T18:11:14,0,"Rain, Partially cloudy",Partly cloudy throughout the day with afternoon rain.,rain,"44454099999,VNKT,44449099999"
kathmandu,2021-03-14,75.2,50,61.6,75.2,50,61.6,51,71,0,0,0,,0,0,19.9,13.9,217.4,1017.1,36.9,3.7,209.3,17.9,8,,2021-03-14T06:14:27,2021-03-14T18:11:47,0.03,Partially cloudy,Partly cloudy throughout the day.,partly-cloudy-day,"44454099999,VNKT,remote,44449099999"
kathmandu,2021-03-15,75.2,48.3,63.1,75.2,48.3,63.1,50.6,66.6,0,0,0,,0,0,20.4,12.8,213.6,1016.5,31.9,3.3,243.9,21,8,,2021-03-15T06:13:20,2021-03-15T18:12:20,0.06,Partially cloudy,Partly cloudy throughout the day.,partly-cloudy-day,"44454099999,VNKT,remote,44449099999"
kathmandu,2021-03-16,77,53.6,64.1,77,53.6,64.1,50.4,63.6,0,0,0,,0,0,19.9,15,211.3,1016.8,40.4,3.3,203.2,17.5,7,,2021-03-16T06:12:13,2021-03-16T18:12:53,0.09,Partially cloudy,Becoming cloudy in the afternoon.,partly-cloudy-day,"44454099999,VNKT,44449099999"
kathmandu,2021-03-17,77,53.6,64.6,77,53.6,64.6,48.8,59.8,0,0,0,,0,0,20.8,13.9,203.1,1016.2,30.1,3.1,246.1,21.3,8,,2021-03-17T06:11:06,2021-03-17T18:13:26,0.12,Partially cloudy,Partly cloudy throughout the day.,partly-cloudy-day,"44454099999,VNKT,remote,44449099999"
kathmandu,2021-03-18,77,53.6,64.9,77,53.6,64.9,48.4,57.8,0,0,0,,0,0,21.9,15,212.6,1017.2,28.3,2.8,243.9,20.9,9,,2021-03-18T06:09:59,2021-03-18T18:13:58,0.16,Partially cloudy,Partly cloudy throughout the day.,partly-cloudy-day,"44454099999,VNKT,44449099999"
kathmandu,2021-03-19,77,53.6,65.7,77,53.6,65.7,49,58.4,0,0,0,,0,0,23.7,10.3,255.3,1016.7,58.8,2.8,246.7,21.1,9,,2021-03-19T06:08:52,2021-03-19T18:14:30,0.19,Partially cloudy,Partly cloudy throughout the day.,partly-cloudy-day,"44454099999,VNKT,44449099999"
kathmandu,2021-03-20,78.8,55.4,65.8,78.8,55.4,65.8,45.3,51.1,0,0,0,,0,0,25.3,12.8,292.9,1014.8,57.3,3.3,243.8,21,9,,2021-03-20T06:07:44,2021-03-20T18:15:03,0.22,Partially cloudy,Partly cloudy throughout the day.,partly-cloudy-day,"44454099999,VNKT,44449099999"
kathmandu,2021-03-21,80.6,53.6,66,79.3,53.6,65.9,43.6,47.6,0,0,0,,0,0,21.5,36.9,302.6,1015.8,37,3.6,256.8,22.1,9,,2021-03-21T06:06:37,2021-03-21T18:15:35,0.25,Partially cloudy,Partly cloudy throughout the day.,wind,"44454099999,VNKT,44449099999"
kathmandu,2021-03-22,80.6,53.6,66.1,79,53.6,66.1,44.5,49,0,0,0,,0,0,23.3,12.8,234.9,1018.6,28.9,2.8,263.2,22.7,9,,2021-03-22T06:05:29,2021-03-22T18:16:06,0.29,Partially cloudy,Partly cloudy throughout the day.,partly-cloudy-day,"44454099999,VNKT,44449099999"
kathmandu,2021-03-23,80.6,55.4,67.3,79.4,55.4,67.1,46.1,49.8,0,0,0,,0,0,24.8,15,246.6,1019.8,37,2.5,259.2,22.5,9,,2021-03-23T06:04:21,2021-03-23T18:16:38,0.32,Partially cloudy,Partly cloudy throughout the day.,partly-cloudy-day,"44454099999,VNKT,44449099999"
kathmandu,2021-03-24,78.8,57.2,67.9,78.8,57.2,67.9,45.2,47,0,0,0,,0,0,24.2,12.8,295.7,1018,45.5,3.1,248.8,21.3,9,,2021-03-24T06:03:13,2021-03-24T18:17:10,0.35,Partially cloudy,Partly cloudy throughout the day.,partly-cloudy-day,"44454099999,VNKT,44449099999"
kathmandu,2021-03-25,78.9,53.6,65.8,78.9,53.6,65.8,37.9,40.5,0,0,0,,0,0,26.2,11.4,265.6,1016.1,28,3.5,282.5,24.4,9,,2021-03-25T06:02:06,2021-03-25T18:17:42,0.39,Partially cloudy,Partly cloudy throughout the day.,partly-cloudy-day,"44454099999,VNKT,44449099999"
kathmandu,2021-03-26,78.8,50,63.5,78.8,50,63.5,40.4,45.2,0,0,0,,0,0,20.8,13.9,207.7,1016.2,27.1,2.2,298.5,25.9,10,,2021-03-26T06:00:58,2021-03-26T18:18:13,0.42,Partially cloudy,Partly cloudy throughout the day.,partly-cloudy-day,"44454099999,VNKT,remote,44449099999"
kathmandu,2021-03-27,77,51.8,63.7,77,51.8,63.7,45.3,53.9,0,0,0,,0,0,18.1,11.4,232,1016.7,28,1.4,298.5,26,10,,2021-03-27T05:59:50,2021-03-27T18:18:45,0.45,Partially cloudy,Partly cloudy throughout the day.,partly-cloudy-day,"44454099999,VNKT,44449099999"
kathmandu,2021-03-28,75.2,53.6,63.3,75.2,53.6,63.3,46.5,56.3,0,0,0,,0,0,19.5,11.4,266.2,1015.5,28,1.4,281.5,24.4,10,,2021-03-28T05:58:43,2021-03-28T18:19:16,0.48,Partially cloudy,Partly cloudy throughout the day.,partly-cloudy-day,"44454099999,VNKT,44449099999"
kathmandu,2021-03-29,75.2,53.6,64,75.2,53.6,64,48,58.5,0,0,0,,0,0,23.9,10.3,252.7,1013.5,47,1.4,245.8,21.4,9,,2021-03-29T05:57:35,2021-03-29T18:19:47,0.5,Partially cloudy,Becoming cloudy in the afternoon.,partly-cloudy-day,"44454099999,VNKT,44449099999"
kathmandu,2021-03-30,78.8,53.6,66.6,78.8,53.6,66.6,50,57.8,0,0,0,,0,0,20.8,9.2,165.3,1008.1,39.1,1.9,224,19.1,7,,2021-03-30T05:56:28,2021-03-30T18:20:19,0.55,Partially cloudy,Becoming cloudy in the afternoon.,partly-cloudy-day,"44454099999,VNKT,44449099999"
kathmandu,2021-03-31,75.2,55.4,64.6,75.2,55.4,64.6,54.1,70.7,0,0,0,,0,0,17.4,9.2,321.2,1005.5,56.2,2,207.2,17.9,7,,2021-03-31T05:55:21,2021-03-31T18:20:50,0.59,Partially cloudy,Becoming cloudy in the afternoon.,partly-cloudy-day,"44454099999,VNKT,44449099999"
kathmandu,2021-04-01,77,57.2,64.3,77,57.2,64.3,52.2,69.3,0.394,100,4.17,rain,0,0,20.6,18.3,182.6,1007.5,53.7,3.3,252.9,21.8,9,,2021-04-01T05:54:14,2021-04-01T18:21:22,0.62,"Rain, Partially cloudy",Partly cloudy throughout the day with morning rain.,rain,"44454099999,VNKT,44449099999"
kathmandu,2021-04-02,77,51.8,64,77,51.8,64,41.8,49.9,0,0,0,,0,0,25.9,13.9,187.3,1012.3,33.3,3.9,291.4,25.2,10,,2021-04-02T05:53:07,2021-04-02T18:21:53,0.66,Partially cloudy,Partly cloudy throughout the day.,partly-cloudy-day,"44454099999,VNKT,44449099999"
kathmandu,2021-04-03,78.8,50,64.6,78.8,50,64.6,32.8,38.2,0,0,0,,0,0,22.6,12.8,201.6,1015.5,36.6,3.8,287.1,24.8,10,,2021-04-03T05:52:00,2021-04-03T18:22:24,0.69,Partially cloudy,Partly cloudy throughout the day.,partly-cloudy-day,"44454099999,VNKT,44449099999"
kathmandu,2021-04-04,78.8,50,63.6,78.8,50,63.6,34.1,37.3,0,0,0,,0,0,18.3,11.4,160.7,1016,30.5,2.4,300.2,25.9,10,,2021-04-04T05:50:54,2021-04-04T18:22:56,0.75,Partially cloudy,Partly cloudy throughout the day.,partly-cloudy-day,"44454099999,VNKT,remote,44449099999"
kathmandu,2021-04-05,78.8,50,63.4,78.8,50,63.4,40.2,46.1,0,0,0,,0,0,18.1,12.8,178.2,1018,28,1.7,309.8,26.8,10,,2021-04-05T05:49:48,2021-04-05T18:23:27,0.76,Partially cloudy,Partly cloudy throughout the day.,partly-cloudy-day,"44454099999,VNKT,44449099999"
kathmandu,2021-04-06,78.8,51.8,64.5,78.8,51.8,64.5,44.6,51.3,0,0,0,,0,0,20.1,9.2,307.3,1017.3,31.5,1.5,297,25.7,10,,2021-04-06T05:48:43,2021-04-06T18:23:59,0.8,Partially cloudy,Partly cloudy throughout the day.,partly-cloudy-day,"44454099999,VNKT,remote,44449099999"
kathmandu,2021-04-07,80.7,53.6,66.9,80.1,53.6,66.8,49.8,56.8,0,0,0,,0,0,26.8,8.1,206.8,1017.7,28,1.8,280.7,24.2,9,,2021-04-07T05:47:37,2021-04-07T18:24:30,0.83,Partially cloudy,Partly cloudy throughout the day.,partly-cloudy-day,"44454099999,VNKT,44449099999"
kathmandu,2021-04-08,82.4,57.2,68.9,80.2,57.2,68.5,49,54.6,0,0,0,,0,0,27.7,16.1,282.9,1015.4,36.6,2.8,295.5,25.5,10,,2021-04-08T05:46:32,2021-04-08T18:25:02,0.87,Partially cloudy,Partly cloudy throughout the day.,partly-cloudy-day,"44454099999,VNKT,remote,44449099999"
kathmandu,2021-04-09,82.3,55.4,66.6,79.8,55.4,66.4,47,55,0,0,0,,0,0,30,18.3,274.2,1016.9,48.4,3.9,301.4,26.1,10,,2021-04-09T05:45:28,2021-04-09T18:25:34,0.9,Partially cloudy,Partly cloudy throughout the day.,partly-cloudy-day,"44454099999,VNKT,remote,44449099999"
kathmandu,2021-04-10,82.5,53.6,66.8,80.2,53.6,66.5,43.2,48.9,0.039,100,4.17,rain,0,0,26.8,11.4,291.1,1018.3,26.8,4.8,314.4,27.1,10,,2021-04-10T05:44:24,2021-04-10T18:26:06,0.94,"Rain, Partially cloudy",Partly cloudy throughout the day with morning rain.,rain,"44454099999,VNKT,remote,44449099999"
kathmandu,2021-04-11,84.2,55.4,69,81.3,55.4,68.4,39.5,38.6,0,0,0,,0,0,23.3,8.1,248.2,1018.6,30.7,3.9,316.7,27.4,10,,2021-04-11T05:43:20,2021-04-11T18:26:38,0.97,Partially cloudy,Partly cloudy throughout the day.,partly-cloudy-day,"44454099999,VNKT,44449099999"
kathmandu,2021-04-12,82.4,55.4,68.2,80,55.4,67.8,38.9,38.5,0,0,0,,0,0,23.7,15,217.2,1019.3,49.5,2.6,275.2,23.8,10,,2021-04-12T05:42:17,2021-04-12T18:27:10,0,Partially cloudy,Clearing in the afternoon.,partly-cloudy-day,"44454099999,VNKT,44449099999"
kathmandu,2021-04-13,82.4,55.4,67.1,80.2,55.4,66.9,42.1,43.5,0,0,0,,0,0,21.9,9.2,129.9,1018.1,44.3,2.7,275.9,24,10,,2021-04-13T05:41:14,2021-04-13T18:27:42,0.04,Partially cloudy,Becoming cloudy in the afternoon.,partly-cloudy-day,"44454099999,VNKT,44449099999"
kathmandu,2021-04-14,84.2,55.4,69.4,81.6,55.4,69,46.9,48.5,0,0,0,,0,0,21.9,10.3,237.9,1017,29.8,2.9,297.6,25.9,10,,2021-04-14T05:40:12,2021-04-14T18:28:14,0.07,Partially cloudy,Partly cloudy throughout the day.,partly-cloudy-day,"44454099999,VNKT,44449099999"
kathmandu,2021-04-15,84.2,59,69.7,81.6,59,69.3,49.3,51.6,0,0,0,,0,0,53,30,281.5,1016,50.1,3.1,276.2,23.8,10,,2021-04-15T05:39:11,2021-04-15T18:28:46,0.1,Partially cloudy,Becoming cloudy in the afternoon.,partly-cloudy-day,"44454099999,VNKT,44449099999"
kathmandu,2021-04-16,75.2,57.1,62.7,75.2,57.1,62.7,52.3,71.2,0,0,0,,0,0,24.4,10.3,118.7,1017.1,78.4,3.8,267.9,23.2,10,,2021-04-16T05:38:10,2021-04-16T18:29:19,0.14,Partially cloudy,Partly cloudy throughout the day.,partly-cloudy-day,"44454099999,VNKT,44449099999"
kathmandu,2021-04-17,80.6,55.3,64.8,80.8,55.3,64.8,54.4,72.3,0.512,100,4.17,rain,0,0,27.3,15,296.4,1017.6,38.9,3.5,245.3,21.1,9,,2021-04-17T05:37:09,2021-04-17T18:29:51,0.17,"Rain, Partially cloudy",Becoming cloudy in the afternoon with morning rain.,rain,"44454099999,VNKT,44449099999"
kathmandu,2021-04-18,78.8,53.5,64.5,78.8,53.5,64.5,49.8,64.6,0.012,100,4.17,rain,0,0,32.2,20.8,288.4,1017.3,39.9,4.7,279.9,24.1,9,,2021-04-18T05:36:10,2021-04-18T18:30:24,0.2,"Rain, Partially cloudy",Becoming cloudy in the afternoon with morning rain.,rain,"44454099999,VNKT,44449099999"
kathmandu,2021-04-19,78.9,51.8,65.8,78.9,51.8,65.8,50.5,62.4,0.276,100,4.17,rain,0,0,22.6,10.3,244.3,1013.2,28,4.9,276.7,23.9,9,,2021-04-19T05:35:11,2021-04-19T18:30:57,0.24,"Rain, Partially cloudy",Partly cloudy throughout the day with morning rain.,rain,"44454099999,VNKT,44449099999"
kathmandu,2021-04-20,82.4,55.4,69.3,80.5,55.4,69,51,56.4,0,0,0,,0,0,24.4,15,216.6,1014,29.8,4.3,305.4,26.5,10,,2021-04-20T05:34:12,2021-04-20T18:31:30,0.25,Partially cloudy,Partly cloudy throughout the day.,partly-cloudy-day,"44454099999,VNKT,44449099999"
kathmandu,2021-04-21,71.6,59,65.5,71.6,59,65.5,53.2,65.4,0,0,0,,0,0,21,10.3,89.2,1017.9,71.5,3.3,179.8,15.4,6,,2021-04-21T05:33:15,2021-04-21T18:32:03,0.3,Partially cloudy,Partly cloudy throughout the day.,partly-cloudy-day,"44454099999,VNKT,44449099999"
kathmandu,2021-04-22,77,57.2,64.8,77,57.2,64.8,49.4,62,0.276,100,4.17,rain,0,0,20.1,12.8,246.3,1018.8,57.2,4.9,230.9,19.9,9,,2021-04-22T05:32:18,2021-04-22T18:32:37,0.34,"Rain, Partially cloudy",Partly cloudy throughout the day with morning rain.,rain,"44454099999,VNKT,44449099999"
kathmandu,2021-04-23,90.8,51.8,67.8,89.5,51.8,67.6,44.6,47,0,0,0,,0,0,22.8,12.8,291.9,1016.1,26.7,5.7,329.3,28.6,10,,2021-04-23T05:31:21,2021-04-23T18:33:10,0.37,Partially cloudy,Partly cloudy throughout the day.,partly-cloudy-day,"44454099999,VNKT,44449099999"
kathmandu,2021-04-24,82.4,57.2,71.1,80.3,57.2,70.5,44.8,43.5,0,0,0,,0,0,31.1,15,302,1016.5,33.3,5.1,295.8,25.6,10,,2021-04-24T05:30:26,2021-04-24T18:33:43,0.4,Partially cloudy,Clearing in the afternoon.,partly-cloudy-day,"44454099999,VNKT,44449099999"
kathmandu,2021-04-25,86,57.2,72,82.7,57.2,71.3,45.2,42.9,0,0,0,,0,0,21.9,13.9,231.4,1016.6,28,4.9,318.2,27.4,10,,2021-04-25T05:29:31,2021-04-25T18:34:17,0.44,Partially cloudy,Partly cloudy throughout the day.,partly-cloudy-day,"44454099999,VNKT,44449099999"
kathmandu,2021-04-26,84.2,59,72.6,82.1,59,72,48,44.7,0,0,0,,0,0,17.4,12.8,186.7,1015.9,28,4.3,333.9,28.8,10,,2021-04-26T05:28:38,2021-04-26T18:34:51,0.47,Partially cloudy,Partly cloudy throughout the day.,partly-cloudy-day,"44454099999,VNKT,44449099999"
kathmandu,2021-04-27,86,59,72.4,83.2,59,71.8,47.9,44.4,0,0,0,,0,0,23.5,16.1,187.2,1016.6,29.8,3.7,309.5,26.8,10,,2021-04-27T05:27:45,2021-04-27T18:35:25,0.5,Partially cloudy,Partly cloudy throughout the day.,partly-cloudy-day,"44454099999,VNKT,44449099999"
kathmandu,2021-04-28,84.2,59,72.8,82.3,59,72.3,49.7,46.3,0,0,0,,0,0,24.6,13.9,201.7,1017.7,28.6,3.6,277.4,23.8,10,,2021-04-28T05:26:53,2021-04-28T18:35:59,0.54,Partially cloudy,Partly cloudy throughout the day.,partly-cloudy-day,"44454099999,VNKT,remote,44449099999"
kathmandu,2021-04-29,80.6,59,66.7,80.6,59,66.6,55,68.4,0.213,100,4.17,rain,0,0,20.8,13.9,109,1019.2,59.7,3.7,264.1,22.7,9,,2021-04-29T05:26:01,2021-04-29T18:36:33,0.57,"Rain, Partially cloudy",Partly cloudy throughout the day with afternoon rain.,rain,"44454099999,VNKT,44449099999"
kathmandu,2021-04-30,80.6,57.2,65.8,79.9,57.2,65.8,54.4,70.9,0.039,100,4.17,rain,0,0,16.1,11.4,148.6,1017.9,63,4,187.3,16.2,8,,2021-04-30T05:25:11,2021-04-30T18:37:08,0.61,"Rain, Partially cloudy",Partly cloudy throughout the day with afternoon rain.,rain,"44454099999,VNKT,44449099999"
kathmandu,2021-05-01,78.8,59,66.7,78.8,59,66.7,57.2,73.5,0.008,100,4.17,rain,0,0,17.4,15.7,164,1017.6,78.2,3.8,203.5,17.5,8,,2021-05-01T05:24:22,2021-05-01T18:37:42,0.64,"Rain, Partially cloudy",Partly cloudy throughout the day with afternoon rain.,rain,"44454099999,VNKT,44449099999"
kathmandu,2021-05-02,69.8,59,63.5,69.8,59,63.5,59.7,88.1,0.504,100,4.17,rain,0,0,15.9,6.9,105.4,1017.5,78.2,3.5,206.2,17.9,7,,2021-05-02T05:23:34,2021-05-02T18:38:16,0.67,"Rain, Partially cloudy",Partly cloudy throughout the day with afternoon rain.,rain,"44454099999,VNKT,remote,44449099999"
kathmandu,2021-05-03,78.8,57.2,67.1,78.8,57.2,67.1,60.3,81,0,0,0,,0,0,27.1,19.7,281.4,1015.2,65.7,3.5,213,18.3,7,,2021-05-03T05:22:46,2021-05-03T18:38:51,0.71,Partially cloudy,Partly cloudy throughout the day.,partly-cloudy-day,"44454099999,VNKT,44449099999"
kathmandu,2021-05-04,75.2,60.8,65.4,75.2,60.8,65.4,61,86.2,0,0,0,,0,0,17.2,15,155.7,1015.3,89.2,3.4,211.6,18.4,8,,2021-05-04T05:22:00,2021-05-04T18:39:26,0.75,Partially cloudy,Partly cloudy throughout the day.,partly-cloudy-day,"44454099999,VNKT,44449099999"
kathmandu,2021-05-05,71.6,60.8,65.9,71.6,60.8,65.9,60.1,82.3,0.059,100,8.33,rain,0,0,15,12.8,148.8,1015.6,70.6,4.3,92.1,8,5,,2021-05-05T05:21:15,2021-05-05T18:40:01,0.78,"Rain, Partially cloudy",Partly cloudy throughout the day with rain in the morning and afternoon.,rain,"44454099999,VNKT,44449099999"
kathmandu,2021-05-06,75.2,58.9,67.1,75.2,58.9,67.1,59,76.1,0.028,100,4.17,rain,0,0,19,6.9,109.2,1017.3,83.8,3.9,211.6,18.3,7,,2021-05-06T05:20:30,2021-05-06T18:40:35,0.81,"Rain, Partially cloudy",Partly cloudy throughout the day with afternoon rain.,rain,"44454099999,VNKT,remote,44449099999"
kathmandu,2021-05-07,78.8,62.6,68.1,78.8,62.6,68.1,60.1,77.7,0,0,0,,0,0,16.3,9.2,121.9,1017.7,76.5,4.1,166.4,14.3,7,,2021-05-07T05:19:47,2021-05-07T18:41:10,0.85,Partially cloudy,Partly cloudy throughout the day.,partly-cloudy-day,"44454099999,VNKT,remote,44449099999"
kathmandu,2021-05-08,78.8,60.8,68.8,78.8,60.8,68.8,56.2,65.9,0,0,0,,0,0,18.3,12.8,257.7,1017.1,65,4.3,258.9,22.3,8,,2021-05-08T05:19:05,2021-05-08T18:41:45,0.88,Partially cloudy,Partly cloudy throughout the day.,partly-cloudy-day,"44454099999,VNKT,44449099999"
kathmandu,2021-05-09,80.6,59,68.5,80.1,59,68.4,53.9,61.3,0,0,0,,0,0,21,18.3,217.1,1015.2,57.2,5.2,257.3,22.2,9,,2021-05-09T05:18:24,2021-05-09T18:42:20,0.91,Partially cloudy,Partly cloudy throughout the day.,partly-cloudy-day,"44454099999,VNKT,44449099999"
kathmandu,2021-05-10,75.2,60.8,66.1,75.2,60.8,66.1,59.3,79.9,0.039,100,4.17,rain,0,0,18.3,8.1,100.8,1014,79.1,4,245.8,21.1,9,,2021-05-10T05:17:44,2021-05-10T18:42:55,0.95,"Rain, Partially cloudy",Partly cloudy throughout the day with morning rain.,rain,"44454099999,VNKT,44449099999"
kathmandu,2021-05-11,73.4,58.2,65.2,73.4,58.2,65.2,60.2,84.5,0.315,100,4.17,rain,0,0,21,11.4,240,1013,67.5,3.9,232.1,20.2,7,,2021-05-11T05:17:05,2021-05-11T18:43:30,0.98,"Rain, Partially cloudy",Partly cloudy throughout the day with afternoon rain.,rain,"44454099999,VNKT,remote,44449099999"
kathmandu,2021-05-12,69.8,60.8,64.8,69.8,60.8,64.8,60.7,87,0.276,100,8.33,rain,0,0,17.4,11.4,123,1011.4,78.3,4.1,118.4,10.3,6,,2021-05-12T05:16:28,2021-05-12T18:44:05,0,"Rain, Partially cloudy",Partly cloudy throughout the day with rain in the morning and afternoon.,rain,"44454099999,VNKT,44449099999"
kathmandu,2021-05-13,71.6,59,64,71.6,59,64,59.3,85.6,0.205,100,8.33,rain,0,0,18.8,5.8,96.4,1012.2,73.3,4.1,197.4,17,8,,2021-05-13T05:15:51,2021-05-13T18:44:40,0.05,"Rain, Partially cloudy",Partly cloudy throughout the day with rain in the morning and afternoon.,rain,"44454099999,VNKT,44449099999"
kathmandu,2021-05-14,87.2,57.2,68.7,92,57.2,68.9,57.8,71.2,0.008,100,4.17,rain,0,0,19.9,12.8,299.2,1010.6,43.1,5,252.1,21.8,9,,2021-05-14T05:15:16,2021-05-14T18:45:15,0.08,"Rain, Partially cloudy",Partly cloudy throughout the day with afternoon rain.,rain,"44454099999,VNKT,44449099999"
kathmandu,2021-05-15,82.4,58.6,70.6,81.5,58.6,70.6,57.5,66.2,0,0,0,,0,0,19,13.9,295.9,1012.9,36.4,5.4,287.1,24.9,9,,2021-05-15T05:14:42,2021-05-15T18:45:49,0.12,Partially cloudy,Becoming cloudy in the afternoon.,partly-cloudy-day,"44454099999,VNKT,remote,44449099999"
kathmandu,2021-05-16,86,60.8,74.1,84.2,60.8,73.6,55.6,56.5,0,0,0,,0,0,20.6,15,274.1,1014.7,29.6,5.1,297.4,25.6,9,,2021-05-16T05:14:09,2021-05-16T18:46:24,0.15,Partially cloudy,Partly cloudy throughout the day.,partly-cloudy-day,"44454099999,VNKT,remote,44449099999"
kathmandu,2021-05-17,82.4,62.6,73.6,82.1,62.6,73.6,58.7,61.1,0,0,0,,0,0,21.9,10.3,325.9,1015.2,71.5,4.9,256.7,22.3,9,,2021-05-17T05:13:38,2021-05-17T18:46:59,0.19,Partially cloudy,Partly cloudy throughout the day.,partly-cloudy-day,"44454099999,VNKT,44449099999"
kathmandu,2021-05-18,82.4,68,73.5,83,68,73.5,62.1,68.3,0.004,100,4.17,rain,0,0,14.1,10.3,282.9,1013.8,86.7,4.2,164.3,14,6,,2021-05-18T05:13:07,2021-05-18T18:47:33,0.22,"Rain, Partially cloudy",Partly cloudy throughout the day with early morning rain.,rain,"44454099999,VNKT,remote,44449099999"
kathmandu,2021-05-19,73.4,64.5,69.5,73.4,64.5,69.5,64.4,84.3,0,0,0,,0,0,15.4,4.7,51.1,1013.6,85.3,3.3,71.9,6,4,,2021-05-19T05:12:38,2021-05-19T18:48:07,0.25,Partially cloudy,Partly cloudy throughout the day.,partly-cloudy-day,"44454099999,VNKT,remote,44449099999"
kathmandu,2021-05-20,73.4,64.4,67.6,73.4,64.4,67.6,65.8,94.4,0.394,100,8.33,rain,0,0,12.5,6.9,101.5,1013.4,89.5,3.7,85.5,7.4,4,,2021-05-20T05:12:10,2021-05-20T18:48:41,0.25,"Rain, Partially cloudy",Partly cloudy throughout the day with rain in the morning and afternoon.,rain,"44454099999,VNKT,remote,44449099999"
kathmandu,2021-05-21,86,62.3,72,86.8,62.3,72.1,64.9,80.9,0.118,100,4.17,rain,0,0,16.8,16.1,211.2,1012.6,73,4.7,250.3,21.8,8,,2021-05-21T05:11:44,2021-05-21T18:49:15,0.32,"Rain, Partially cloudy",Partly cloudy throughout the day with morning rain.,rain,"44454099999,VNKT,remote,44449099999"
kathmandu,2021-05-22,84.2,68,75.6,86.6,68,76,65.5,72.5,0,0,0,,0,0,15.9,39.1,229.2,1011.6,65.4,5.1,263.8,22.8,9,,2021-05-22T05:11:18,2021-05-22T18:49:49,0.36,Partially cloudy,Partly cloudy throughout the day.,wind,"44454099999,VNKT,44449099999"
kathmandu,2021-05-23,86,68,77.2,86.8,68,77.7,65.8,69.9,0,0,0,,0,0,16.6,10.3,227.6,1012.2,57.6,5.4,256,22.1,9,,2021-05-23T05:10:54,2021-05-23T18:50:22,0.39,Partially cloudy,Partly cloudy throughout the day.,partly-cloudy-day,"44454099999,VNKT,44449099999"
kathmandu,2021-05-24,87.8,66.8,76.2,88.5,66.8,76.5,64.4,69,0.012,100,4.17,rain,0,0,15.7,13.9,195.4,1012,70.6,4.7,244.8,21.1,8,,2021-05-24T05:10:32,2021-05-24T18:50:55,0.42,"Rain, Partially cloudy",Partly cloudy throughout the day with afternoon rain.,rain,"44454099999,VNKT,remote,44449099999"
kathmandu,2021-05-25,80.6,68,72,81.9,68,72,65.4,80.4,0,0,0,,0,0,15.9,16.1,179.5,1010.7,73.2,4.2,205.8,17.6,9,,2021-05-25T05:10:10,2021-05-25T18:51:28,0.46,Partially cloudy,Partly cloudy throughout the day.,partly-cloudy-day,"44454099999,VNKT,44449099999"
kathmandu,2021-05-26,71.6,66.1,68.2,71.6,66.1,68.2,67.3,96.8,0.355,100,8.33,rain,0,0,11.9,5.8,255.5,1009.5,90.3,4.1,48.2,4.1,2,,2021-05-26T05:09:50,2021-05-26T18:52:00,0.5,"Rain, Overcast",Cloudy skies throughout the day with rain in the morning and afternoon.,rain,"44454099999,VNKT,remote,44449099999"
kathmandu,2021-05-27,71.6,66.2,68.3,71.6,66.2,68.3,67.9,98.5,1.228,100,8.33,rain,0,0,21.3,5.8,301.9,1009.8,89.2,3.8,59.3,5.1,3,,2021-05-27T05:09:32,2021-05-27T18:52:32,0.53,"Rain, Partially cloudy",Partly cloudy throughout the day with rain in the morning and afternoon.,rain,"44454099999,VNKT,44449099999"
kathmandu,2021-05-28,68,64.4,66.5,68,64.4,66.5,65.8,97.5,1.228,100,8.33,rain,0,0,34.4,11.4,76.5,1012.1,96,4,32.8,2.7,1,,2021-05-28T05:09:14,2021-05-28T18:53:04,0.56,"Rain, Overcast",Cloudy skies throughout the day with rain in the morning and afternoon.,rain,"44454099999,VNKT,44449099999"
kathmandu,2021-05-29,80.6,65.7,70.8,83.4,65.7,70.9,66,85.2,0.39,100,8.33,rain,0,0,25.3,11.4,104.4,1013.9,71.4,4.5,154.9,13.2,7,,2021-05-29T05:08:58,2021-05-29T18:53:35,0.59,"Rain, Partially cloudy",Partly cloudy throughout the day with rain in the morning and afternoon.,rain,"44454099999,VNKT,remote,44449099999"
kathmandu,2021-05-30,84.2,64.4,72.1,86.6,64.4,72.6,65.8,82.2,0,0,0,,0,0,18.6,9.2,120.7,1012.3,66.6,4.5,234.8,20.4,9,,2021-05-30T05:08:43,2021-05-30T18:54:05,0.63,Partially cloudy,Partly cloudy throughout the day.,partly-cloudy-day,"44454099999,VNKT,44449099999"
kathmandu,2021-05-31,82.4,68,74,84,68,74.6,67,80.7,0.669,100,4.17,rain,0,0,17.2,12.7,244.9,1009.8,80.5,4.1,239.8,20.7,8,,2021-05-31T05:08:30,2021-05-31T18:54:36,0.66,"Rain, Partially cloudy",Partly cloudy throughout the day with morning rain.,rain,"44454099999,VNKT,remote,44449099999"
kathmandu,2021-06-01,80.6,68,73.4,82.8,68,73.7,66.1,78.8,0,0,0,,0,0,18.3,11.4,240.4,1011.6,65.9,4.5,213.2,18.5,9,,2021-06-01T05:08:18,2021-06-01T18:55:05,0.69,Partially cloudy,Partly cloudy throughout the day.,partly-cloudy-day,"44454099999,VNKT,44449099999"
kathmandu,2021-06-02,84.2,64.4,74.1,84.5,64.4,74.5,64.5,74.1,0,0,0,,0,0,17,15,231.9,1012.7,42.1,5.1,254.3,22,9,,2021-06-02T05:08:07,2021-06-02T18:55:35,0.75,Partially cloudy,Partly cloudy throughout the day.,partly-cloudy-day,"44454099999,VNKT,44449099999"
kathmandu,2021-06-03,84.2,65.6,75.1,85.1,65.6,75.4,65,73.4,0,0,0,,0,0,18.6,11.4,233.9,1013.9,51.7,5,259.3,22.4,8,,2021-06-03T05:07:57,2021-06-03T18:56:03,0.76,Partially cloudy,Partly cloudy throughout the day.,partly-cloudy-day,"44454099999,VNKT,remote,44449099999"
kathmandu,2021-06-04,82.4,68,75.4,85.4,68,76.1,66.3,74.8,0,0,0,,0,0,20.1,12.8,259.8,1014.1,51.3,5,250.8,21.7,8,,2021-06-04T05:07:49,2021-06-04T18:56:31,0.79,Partially cloudy,Partly cloudy throughout the day.,partly-cloudy-day,"44454099999,VNKT,44449099999"
kathmandu,2021-06-05,86,68,76.1,85.8,68,76.4,65,71.1,0,0,0,,0,0,20.8,12.8,296.8,1012.8,58.4,4.7,241.8,20.8,8,,2021-06-05T05:07:42,2021-06-05T18:56:58,0.83,Partially cloudy,Partly cloudy throughout the day.,partly-cloudy-day,"44454099999,VNKT,remote,44449099999"
kathmandu,2021-06-06,86,68,76.3,86.8,68,76.7,65.3,71,0.004,100,4.17,rain,0,0,23,13.9,288.9,1011.8,45.3,4.5,251.2,21.6,8,,2021-06-06T05:07:37,2021-06-06T18:57:25,0.86,"Rain, Partially cloudy",Partly cloudy throughout the day with morning rain.,rain,"44454099999,VNKT,44449099999"
kathmandu,2021-06-07,86,69.2,78.8,88.4,69.2,79.5,65.6,66,0.004,100,4.17,rain,0,0,24.8,12.8,304.7,1009.8,45.8,5,277.5,23.9,9,,2021-06-07T05:07:32,2021-06-07T18:57:51,0.89,"Rain, Partially cloudy",Clearing in the afternoon with morning rain.,rain,"44454099999,VNKT,remote,44449099999"
kathmandu,2021-06-08,94.7,65.4,76.4,116.2,65.4,77.7,67.3,74.6,0.016,100,4.17,rain,0,0,18.6,12.8,155.7,1008.4,59.8,4.4,254.5,21.9,9,,2021-06-08T05:07:29,2021-06-08T18:58:16,0.93,"Rain, Partially cloudy",Partly cloudy throughout the day with afternoon rain.,rain,"44454099999,VNKT,remote,44449099999"
kathmandu,2021-06-09,82.4,69.8,74.9,85.4,69.8,75.5,68.2,80.7,0,0,0,,0,0,14.1,13.9,194.3,1008.7,89.4,4.4,209.2,17.9,8,,2021-06-09T05:07:28,2021-06-09T18:58:41,0.96,Partially cloudy,Partly cloudy throughout the day.,partly-cloudy-day,"44454099999,VNKT,remote,44449099999"
kathmandu,2021-06-10,80.6,69.8,73,83.4,69.8,73.4,68.9,87.5,1.653,100,8.33,rain,0,0,16.3,11.4,134.5,1008.5,74.7,4,168.7,14.7,6,,2021-06-10T05:07:27,2021-06-10T18:59:05,0,"Rain, Partially cloudy",Partly cloudy throughout the day with rain in the morning and afternoon.,rain,"44454099999,VNKT,remote,44449099999"
kathmandu,2021-06-11,82.4,66.2,73,85.4,66.2,73.4,68.5,86.6,0.961,100,4.17,rain,0,0,14.3,10.3,310.6,1007.8,78.5,4.3,192.4,16.5,7,,2021-06-11T05:07:28,2021-06-11T18:59:27,0.03,"Rain, Partially cloudy",Partly cloudy throughout the day with afternoon rain.,rain,"44454099999,VNKT,44449099999"
kathmandu,2021-06-12,77,66.6,71,77,66.6,71,68,90.9,1.204,100,8.33,rain,0,0,13.4,4.7,240.2,1009.2,93.2,4.6,95.9,8.2,6,,2021-06-12T05:07:30,2021-06-12T18:59:49,0.06,"Rain, Overcast",Cloudy skies throughout the day with rain in the morning and afternoon.,rain,"44454099999,VNKT,remote,44449099999"
kathmandu,2021-06-13,75.2,68,71.4,75.2,68,71.4,69.6,94.2,0.339,100,4.17,rain,0,0,14.3,4.7,286.8,1008.8,91.9,4.7,84,7.4,4,,2021-06-13T05:07:33,2021-06-13T19:00:11,0.1,"Rain, Overcast",Cloudy skies throughout the day with afternoon rain.,rain,"44454099999,VNKT,remote,44449099999"
kathmandu,2021-06-14,78.8,69.8,72.7,78.8,69.8,72.7,70.9,94.7,0.744,100,8.33,rain,0,0,16.8,6.9,237.4,1006.6,89.6,4.3,208.6,18,8,,2021-06-14T05:07:38,2021-06-14T19:00:31,0.13,"Rain, Partially cloudy",Partly cloudy throughout the day with rain in the morning and afternoon.,rain,"44454099999,VNKT,44449099999"
kathmandu,2021-06-15,77,69.3,71.7,77,69.3,71.7,70.2,95.3,0.594,100,4.17,rain,0,0,30.2,10.3,108.5,1004.5,90.1,4,71.9,6.1,5,,2021-06-15T05:07:43,2021-06-15T19:00:50,0.17,"Rain, Overcast",Cloudy skies throughout the day with afternoon rain.,rain,"44454099999,VNKT,remote,44449099999"
kathmandu,2021-06-16,77,68,70.9,77,68,70.9,69.7,96.3,0.185,100,4.17,rain,0,0,16.6,10.3,277,1007.2,90.5,4.2,96.5,8.3,5,,2021-06-16T05:07:50,2021-06-16T19:01:08,0.2,"Rain, Overcast",Cloudy skies throughout the day with afternoon rain.,rain,"44454099999,VNKT,remote,44449099999"
kathmandu,2021-06-17,78.8,68,72.8,78.8,68,72.8,69.6,90.3,0.173,100,4.17,rain,0,0,15.4,9.2,253.9,1008.3,89.3,4.6,196.4,16.8,7,,2021-06-17T05:07:58,2021-06-17T19:01:26,0.24,"Rain, Partially cloudy",Partly cloudy throughout the day with afternoon rain.,rain,"44454099999,VNKT,remote,44449099999"
kathmandu,2021-06-18,80.6,69.8,74.5,84,69.8,74.7,70,86.7,0.008,100,4.17,rain,0,0,23.5,6.9,223.9,1009,81.8,4.8,151.2,13.1,6,,2021-06-18T05:08:07,2021-06-18T19:01:42,0.25,"Rain, Partially cloudy",Partly cloudy throughout the day with afternoon rain.,rain,"44454099999,VNKT,44449099999"
kathmandu,2021-06-19,82.4,68.3,73.3,86.3,68.3,73.8,68.1,84.9,0.008,100,4.17,rain,0,0,27.7,10.3,153.2,1008.8,90.5,5.2,153.7,13.2,5,,2021-06-19T05:08:17,2021-06-19T19:01:58,0.31,"Rain, Overcast",Cloudy skies throughout the day with afternoon rain.,rain,"44454099999,VNKT,remote,44449099999"
kathmandu,2021-06-20,77,69.8,72.1,77,69.8,72.1,69,90.1,0.126,100,8.33,rain,0,0,21.7,8.1,170.6,1009.4,89.2,4.8,78,6.8,4,,2021-06-20T05:08:28,2021-06-20T19:02:12,0.34,"Rain, Partially cloudy",Partly cloudy throughout the day with rain in the morning and afternoon.,rain,"44454099999,VNKT,44449099999"
kathmandu,2021-06-21,82.4,67.9,74.5,87.2,67.9,75.3,68.7,82.8,0.059,100,4.17,rain,0,0,23,12.8,178.5,1009.6,70.1,5.3,194.6,16.7,6,,2021-06-21T05:08:41,2021-06-21T19:02:25,0.38,"Rain, Partially cloudy",Partly cloudy throughout the day with early morning rain.,rain,"44454099999,VNKT,remote,44449099999"
kathmandu,2021-06-22,84.2,69.7,76.2,88.5,69.7,77.3,69.4,80.3,0.094,100,4.17,rain,0,0,19.2,16.1,195.2,1010.2,69.2,5.3,181.3,15.8,6,,2021-06-22T05:08:54,2021-06-22T19:02:37,0.41,"Rain, Partially cloudy",Partly cloudy throughout the day with late afternoon rain.,rain,"44454099999,VNKT,remote,44449099999"
kathmandu,2021-06-23,80.6,71.5,74.7,85.4,71.5,75.2,70.8,88.3,0.078,100,8.33,rain,0,0,17.7,9.2,173.1,1011.8,84.1,4.5,164.8,14.2,6,,2021-06-23T05:09:08,2021-06-23T19:02:48,0.45,"Rain, Partially cloudy",Partly cloudy throughout the day with rain.,rain,"44454099999,VNKT,remote,44449099999"
kathmandu,2021-06-24,84.2,69.8,76,88.5,69.8,77,69.8,82.4,0.354,100,4.17,rain,0,0,17,10.3,235.4,1010.8,82.7,4.7,155.9,13.4,7,,2021-06-24T05:09:24,2021-06-24T19:02:58,0.48,"Rain, Partially cloudy",Partly cloudy throughout the day with morning rain.,rain,"44454099999,VNKT,44449099999"
kathmandu,2021-06-25,77,69.8,72.7,77,69.8,72.7,70,91.2,0.118,100,8.33,rain,0,0,16.1,11.4,217.8,1009.8,89.1,4.2,121.5,10.5,6,,2021-06-25T05:09:40,2021-06-25T19:03:06,0.5,"Rain, Partially cloudy",Partly cloudy throughout the day with rain in the morning and afternoon.,rain,"44454099999,VNKT,remote,44449099999"
kathmandu,2021-06-26,75.2,68,71,75.2,68,71,69,93.7,1.371,100,8.33,rain,0,0,13.2,6.9,138,1012.3,90.6,4.1,41.7,3.7,1,,2021-06-26T05:09:58,2021-06-26T19:03:14,0.55,"Rain, Overcast",Cloudy skies throughout the day with rain in the morning and afternoon.,rain,"44454099999,VNKT,44449099999"
kathmandu,2021-06-27,92.9,69.3,74.9,119.3,69.3,77.2,70,85.5,0.339,100,45.83,rain,0,0,16.1,8.1,166.7,1011.8,82.4,4.6,186.1,16.1,8,,2021-06-27T05:10:16,2021-06-27T19:03:20,0.58,"Rain, Partially cloudy",Partly cloudy throughout the day with rain.,rain,"44454099999,VNKT,remote,44449099999"
kathmandu,2021-06-28,80.6,67.4,74.8,84.6,67.4,75.3,69.7,84.7,0.008,100,8.33,rain,0,0,17.2,8.1,262.7,1010.1,82.4,4.7,188.8,16.5,7,,2021-06-28T05:10:35,2021-06-28T19:03:25,0.61,"Rain, Partially cloudy",Partly cloudy throughout the day with morning rain.,rain,"44454099999,VNKT,remote,44449099999"
kathmandu,2021-06-29,82.4,69.7,75.4,88.3,69.7,76.5,70.5,85.4,0.157,100,4.17,rain,0,0,16.1,8.1,235.3,1009.2,88,4.4,143.7,12.5,5,,2021-06-29T05:10:55,2021-06-29T19:03:28,0.65,"Rain, Partially cloudy",Partly cloudy throughout the day with morning rain.,rain,"44454099999,VNKT,remote,44449099999"
kathmandu,2021-06-30,78.8,71.6,73.7,78.8,71.6,73.7,71.7,93.6,0.099,100,8.33,rain,0,0,23.9,9.2,182.8,1006.9,87.6,3.6,53.4,4.5,2,,2021-06-30T05:11:16,2021-06-30T19:03:31,0.68,"Rain, Partially cloudy",Partly cloudy throughout the day with rain in the morning and afternoon.,rain,"44454099999,VNKT,44449099999"
kathmandu,2021-07-01,75.2,66.2,70.7,75.2,66.2,70.7,69.5,96.2,2.111,100,8.33,rain,0,0,23.5,6.9,94.8,1006.8,91.9,3.2,54.7,4.7,2,,2021-07-01T05:11:37,2021-07-01T19:03:32,0.71,"Rain, Overcast",Cloudy skies throughout the day with rain in the morning and afternoon.,rain,"44454099999,VNKT,44449099999"
kathmandu,2021-07-02,73.4,66.2,69.9,73.4,66.2,69.9,69.1,97.6,1.815,100,8.33,rain,0,0,15,4.7,96.2,1007.8,96,3.3,46.2,4.1,2,,2021-07-02T05:12:00,2021-07-02T19:03:32,0.75,"Rain, Overcast",Cloudy skies throughout the day with rain in the morning and afternoon.,rain,"44454099999,VNKT,remote,44449099999"
kathmandu,2021-07-03,80.6,68,72.6,83.9,68,72.8,69.4,90.2,0.445,100,8.33,rain,0,0,16.6,10.3,196,1010,82.6,3.9,66.5,5.7,3,,2021-07-03T05:12:23,2021-07-03T19:03:30,0.78,"Rain, Partially cloudy",Partly cloudy throughout the day with rain in the morning and afternoon.,rain,"44454099999,VNKT,44449099999"
kathmandu,2021-07-04,80.6,69.8,74.6,83.9,69.8,75.1,69.6,85.4,0.008,100,4.17,rain,0,0,18.1,9.2,214.9,1011.8,87.6,4.3,201.5,17.3,9,,2021-07-04T05:12:46,2021-07-04T19:03:28,0.81,"Rain, Partially cloudy",Partly cloudy throughout the day with afternoon rain.,rain,"44454099999,VNKT,44449099999"
kathmandu,2021-07-05,84.2,71,74.6,89.6,71,75.3,71.3,90.5,0,0,0,,0,0,16.6,11.4,184.8,1011.8,88.4,4.2,216,18.7,8,,2021-07-05T05:13:11,2021-07-05T19:03:24,0.84,Partially cloudy,Partly cloudy throughout the day.,partly-cloudy-day,"44454099999,VNKT,remote,44449099999"
kathmandu,2021-07-06,84.2,69.8,75.9,89.6,69.8,77.1,71.5,87,1.102,100,4.17,rain,0,0,16.6,12.8,231.1,1009.8,77.3,4.3,190.4,16.4,7,,2021-07-06T05:13:36,2021-07-06T19:03:18,0.88,"Rain, Partially cloudy",Partly cloudy throughout the day with morning rain.,rain,"44454099999,VNKT,remote,44449099999"
kathmandu,2021-07-07,82.4,69.8,75.8,87.2,69.8,76.6,71,85.6,0.016,100,4.17,rain,0,0,15.4,12.8,196.1,1009.3,85.9,4.3,145.5,12.5,4,,2021-07-07T05:14:02,2021-07-07T19:03:11,0.91,"Rain, Partially cloudy",Partly cloudy throughout the day with late afternoon rain.,rain,"44454099999,VNKT,44449099999"
kathmandu,2021-07-08,77,69.8,72.4,77,69.8,72.4,71,95.5,1.26,100,8.33,rain,0,0,23.5,8.1,136.8,1011.6,88.1,4.2,95.9,8.5,4,,2021-07-08T05:14:28,2021-07-08T19:03:03,0.94,"Rain, Partially cloudy",Partly cloudy throughout the day with rain in the morning and afternoon.,rain,"44454099999,VNKT,44449099999"
kathmandu,2021-07-09,82.4,69.8,73.7,87.2,69.8,74.1,70.7,91,0.764,100,8.33,rain,0,0,16.6,11.4,207.5,1011.2,87.3,4.3,135.6,11.6,5,,2021-07-09T05:14:55,2021-07-09T19:02:54,0.97,"Rain, Partially cloudy",Partly cloudy throughout the day with rain in the morning and afternoon.,rain,"44454099999,VNKT,44449099999"
kathmandu,2021-07-10,87.2,69.8,74.1,103.1,69.8,75.5,71,90.9,2.732,100,4.17,rain,0,0,16.6,11.4,183.9,1010.5,87.2,4.1,134.9,11.7,4,,2021-07-10T05:15:23,2021-07-10T19:02:43,0,"Rain, Partially cloudy",Partly cloudy throughout the day with afternoon rain.,rain,"44454099999,VNKT,remote,44449099999"
kathmandu,2021-07-11,78.8,69.8,72.3,78.8,69.8,72.3,70.6,94.6,0.85,100,4.17,rain,0,0,17,6.9,131.4,1014.2,89.2,3.9,100.8,8.8,4,,2021-07-11T05:15:51,2021-07-11T19:02:31,0.04,"Rain, Partially cloudy",Partly cloudy throughout the day with morning rain.,rain,"44454099999,VNKT,44449099999"
kathmandu,2021-07-12,89,68.3,73.6,103,68.3,74.3,70.8,91.8,0.039,100,4.17,rain,0,0,14.5,8.1,158,1013.9,87.6,4.7,184.9,16,7,,2021-07-12T05:16:19,2021-07-12T19:02:17,0.08,"Rain, Partially cloudy",Partly cloudy throughout the day with morning rain.,rain,"44454099999,VNKT,remote,44449099999"
kathmandu,2021-07-13,84.2,69.8,74.6,87.4,69.8,75.5,70.4,88.1,1.693,100,8.33,rain,0,0,18.1,11.4,46,1013.5,79.1,4.5,173.7,14.9,7,,2021-07-13T05:16:48,2021-07-13T19:02:02,0.11,"Rain, Partially cloudy",Partly cloudy throughout the day with rain in the morning and afternoon.,rain,"44454099999,VNKT,44449099999"
kathmandu,2021-07-14,80.6,69.8,74.2,84.6,69.8,74.8,71,90.5,1.559,100,8.33,rain,0,0,16.1,9.2,254.3,1012.9,88.6,4.1,130.5,11.3,7,,2021-07-14T05:17:17,2021-07-14T19:01:46,0.15,"Rain, Partially cloudy",Partly cloudy throughout the day with rain in the morning and afternoon.,rain,"44454099999,VNKT,44449099999"
kathmandu,2021-07-15,80.6,68,73.1,84.6,68,73.2,69.4,89,0.051,100,4.17,rain,0,0,13.4,5.8,102.7,1013.8,85.2,4.2,70.9,6.2,3,,2021-07-15T05:17:47,2021-07-15T19:01:28,0.19,"Rain, Partially cloudy",Partly cloudy throughout the day with afternoon rain.,rain,"44454099999,VNKT,remote,44449099999"
kathmandu,2021-07-16,75.2,69.8,71.8,75.2,69.8,71.8,70.3,95,0.063,100,4.17,rain,0,0,14.3,8.1,341,1014.8,82.7,4.1,84.8,7.4,5,,2021-07-16T05:18:17,2021-07-16T19:01:09,0.22,"Rain, Partially cloudy",Partly cloudy throughout the day with afternoon rain.,rain,"44454099999,VNKT,44449099999"
kathmandu,2021-07-17,82.4,68.1,72.4,87.2,68.1,72.6,70.4,94.1,0.024,100,8.33,rain,0,0,16.1,8.1,111.6,1012.3,90.3,3.7,122.8,10.5,7,,2021-07-17T05:18:47,2021-07-17T19:00:49,0.25,"Rain, Overcast",Cloudy skies throughout the day with early morning rain.,rain,"44454099999,VNKT,remote,44449099999"
kathmandu,2021-07-18,82.4,69.8,74.5,87.2,69.8,74.8,70.7,88.7,0.433,100,4.17,rain,0,0,13.9,11.4,209.1,1010.5,89.2,4.2,53.3,4.5,3,,2021-07-18T05:19:18,2021-07-18T19:00:27,0.29,"Rain, Partially cloudy",Partly cloudy throughout the day with morning rain.,rain,"44454099999,VNKT,44449099999"
kathmandu,2021-07-19,80.6,71.6,74.8,85.4,71.6,75.1,71.1,88.9,0.035,100,4.17,rain,0,0,15.9,6.9,203.8,1009,89.2,4.3,150.1,12.9,5,,2021-07-19T05:19:49,2021-07-19T19:00:04,0.33,"Rain, Partially cloudy",Partly cloudy throughout the day with morning rain.,rain,"44454099999,VNKT,44449099999"
kathmandu,2021-07-20,78.8,69.8,72.7,78.8,69.8,72.7,71.4,96.2,0.551,100,4.17,rain,0,0,14.3,6.9,177.5,1008.6,89.6,4.1,84.3,7.3,5,,2021-07-20T05:20:20,2021-07-20T18:59:40,0.36,"Rain, Partially cloudy",Partly cloudy throughout the day with morning rain.,rain,"44454099999,VNKT,remote,44449099999"
kathmandu,2021-07-21,78.8,69.8,73,78.8,69.8,73,71.1,94.4,0.394,100,8.33,rain,0,0,16.6,11.4,169.4,1007.7,89.2,4.1,139.1,12.2,6,,2021-07-21T05:20:51,2021-07-21T18:59:14,0.4,"Rain, Partially cloudy",Partly cloudy throughout the day with rain in the morning and afternoon.,rain,"44454099999,VNKT,44449099999"
kathmandu,2021-07-22,84.2,69.5,75.2,89.7,69.5,76.2,71.4,88.7,0.315,100,4.17,rain,0,0,16.8,9.2,180.9,1006.9,88,4.5,113,9.9,5,,2021-07-22T05:21:23,2021-07-22T18:58:47,0.43,"Rain, Partially cloudy",Partly cloudy throughout the day with morning rain.,rain,"44454099999,VNKT,remote,44449099999"
kathmandu,2021-07-23,86,69.8,76.3,92,69.8,77.9,71.9,86.8,0,0,0,,0,0,16.3,11.4,229.4,1007.5,85.9,4.6,198.4,17.1,6,,2021-07-23T05:21:55,2021-07-23T18:58:19,0.47,Partially cloudy,Partly cloudy throughout the day.,partly-cloudy-day,"44454099999,VNKT,44449099999"
kathmandu,2021-07-24,87.8,69.8,77.2,94.2,69.8,79.4,72.3,86.3,1.693,100,4.17,rain,0,0,13.9,11.4,164.7,1008.4,76.1,4.6,185.7,16,6,,2021-07-24T05:22:26,2021-07-24T18:57:49,0.5,"Rain, Partially cloudy",Partly cloudy throughout the day with morning rain.,rain,"44454099999,VNKT,44449099999"
kathmandu,2021-07-25,84.2,69.8,75.5,91,69.8,76.5,71.7,88.5,0.433,100,4.17,rain,0,0,12.3,13.9,211,1008.7,89.2,4.2,144.2,12.4,6,,2021-07-25T05:22:58,2021-07-25T18:57:18,0.54,"Rain, Partially cloudy",Partly cloudy throughout the day with morning rain.,rain,"44454099999,VNKT,44449099999"
kathmandu,2021-07-26,77,69.8,73.2,77,69.8,73.2,71.1,93.6,1.052,100,8.33,rain,0,0,11.6,3.4,221.5,1007.3,90,4,63.9,5.3,4,,2021-07-26T05:23:31,2021-07-26T18:56:46,0.57,"Rain, Partially cloudy",Partly cloudy throughout the day with rain in the morning and afternoon.,rain,"44454099999,VNKT,44449099999"
kathmandu,2021-07-27,80.6,69.8,74.2,85.4,69.8,74.6,71.3,91.1,0.213,100,8.33,rain,0,0,12.8,12.8,182.1,1005.4,87,4.3,100.9,8.8,4,,2021-07-27T05:24:03,2021-07-27T18:56:13,0.6,"Rain, Partially cloudy",Partly cloudy throughout the day with rain in the morning and afternoon.,rain,"44454099999,VNKT,44449099999"
kathmandu,2021-07-28,84.2,67.9,74.4,88.5,67.9,75.5,70.3,88.3,0.693,100,8.33,rain,0,0,11.6,9.2,17.9,1006.2,91.7,4.4,159.5,13.6,6,,2021-07-28T05:24:35,2021-07-28T18:55:38,0.63,"Rain, Overcast",Cloudy skies throughout the day with rain in the morning and afternoon.,rain,"44454099999,VNKT,remote,44449099999"
kathmandu,2021-07-29,84.2,68,75.4,89.7,68,76.7,70.2,84.8,0.72,100,4.17,rain,0,0,15,12.8,245,1006.7,68.5,4.9,191.8,16.4,7,,2021-07-29T05:25:07,2021-07-29T18:55:02,0.67,"Rain, Partially cloudy",Partly cloudy throughout the day with morning rain.,rain,"44454099999,VNKT,44449099999"
kathmandu,2021-07-30,82.4,69.8,74.8,87.2,69.8,75.6,71.3,89.5,0.394,100,4.17,rain,0,0,13.2,8.1,224.6,1008,89.2,4.6,140.1,12.1,5,,2021-07-30T05:25:39,2021-07-30T18:54:25,0.7,"Rain, Partially cloudy",Partly cloudy throughout the day with morning rain.,rain,"44454099999,VNKT,44449099999"
kathmandu,2021-07-31,84.2,69.8,76.9,91,69.8,78.5,71.2,83.6,0.354,100,4.17,rain,0,0,20.1,11.4,147.9,1008.4,83.4,5,164.6,14.4,6,,2021-07-31T05:26:12,2021-07-31T18:53:46,0.75,"Rain, Partially cloudy",Partly cloudy throughout the day with morning rain.,rain,"44454099999,VNKT,44449099999"
kathmandu,2021-08-01,84.2,69.8,75.4,89.6,69.8,76.3,70.8,86.5,0.008,100,4.17,rain,0,0,19.7,15,203.6,1007.8,84.7,5.1,131,11.6,6,,2021-08-01T05:26:44,2021-08-01T18:53:07,0.76,"Rain, Partially cloudy",Partly cloudy throughout the day with afternoon rain.,rain,"44454099999,VNKT,44449099999"
kathmandu,2021-08-02,80.6,70.4,74.6,84.6,70.4,74.8,70.9,88.6,0.028,100,4.17,rain,0,0,16.3,11.4,194.4,1008.8,84.8,4.8,111.4,9.6,4,,2021-08-02T05:27:16,2021-08-02T18:52:26,0.8,"Rain, Partially cloudy",Partly cloudy throughout the day with early morning rain.,rain,"44454099999,VNKT,remote,44449099999"
kathmandu,2021-08-03,82.4,69.8,75,87.2,69.8,76,71.3,89.2,0.024,100,4.17,rain,0,0,14.5,10.3,185.3,1010.2,88,4.2,181.2,15.6,6,,2021-08-03T05:27:48,2021-08-03T18:51:44,0.83,"Rain, Partially cloudy",Partly cloudy throughout the day with early morning rain.,rain,"44454099999,VNKT,remote"
kathmandu,2021-08-04,77,69.8,72.4,77,69.8,72.4,70.7,94.7,0.173,100,4.17,rain,0,0,16.8,6.9,186.2,1011.3,89.2,4.1,128.6,11,5,,2021-08-04T05:28:21,2021-08-04T18:51:01,0.86,"Rain, Partially cloudy",Partly cloudy throughout the day with afternoon rain.,rain,"44454099999,VNKT,44449099999"
kathmandu,2021-08-05,84.2,68,74.1,87.4,68,74.5,68.4,83.4,0.028,100,4.17,rain,0,0,17.4,11.4,153.6,1010,89.6,5,114.7,9.7,4,,2021-08-05T05:28:53,2021-08-05T18:50:17,0.89,"Rain, Partially cloudy",Partly cloudy throughout the day with afternoon rain.,rain,"44454099999,VNKT,remote,44449099999"
kathmandu,2021-08-06,87.8,69.8,76.4,92.8,69.8,78,70.8,84.1,0.004,100,4.17,rain,0,0,13.6,9.2,285.7,1009.8,88,4.9,160.3,13.9,6,,2021-08-06T05:29:25,2021-08-06T18:49:32,0.93,"Rain, Partially cloudy",Partly cloudy throughout the day with early morning rain.,rain,"44454099999,VNKT,remote,44449099999"
kathmandu,2021-08-07,80.6,69.7,75.1,84.7,69.7,75.5,70.7,86.7,0.709,100,4.17,rain,0,0,15.7,11.4,199.1,1011.2,88.2,4.8,189.1,16.3,7,,2021-08-07T05:29:57,2021-08-07T18:48:45,0.96,"Rain, Partially cloudy",Partly cloudy throughout the day with morning rain.,rain,"44454099999,VNKT,remote,44449099999"
kathmandu,2021-08-08,82.4,69.2,74,88.3,69.2,74.8,71.1,91.1,0.551,100,8.33,rain,0,0,13.6,17.2,171.9,1012.7,86.7,4.2,66.2,5.7,2,,2021-08-08T05:30:28,2021-08-08T18:47:58,0,"Rain, Partially cloudy",Partly cloudy throughout the day with rain in the morning and afternoon.,rain,"44454099999,VNKT,remote,44449099999"
kathmandu,2021-08-09,84.2,69.8,75,91,69.8,76,71.4,89.3,0.709,100,4.17,rain,0,0,15.9,10.3,198,1012.3,82.7,4.5,156,13.4,6,,2021-08-09T05:31:00,2021-08-09T18:47:10,0.02,"Rain, Partially cloudy",Partly cloudy throughout the day with morning rain.,rain,"44454099999,VNKT,44449099999"
kathmandu,2021-08-10,84.2,69.8,75.5,89.6,69.8,76.7,71.3,87.5,0.016,100,4.17,rain,0,0,13.6,12.7,194.3,1009.7,80.1,4.7,129.6,11.4,5,,2021-08-10T05:31:31,2021-08-10T18:46:20,0.06,"Rain, Partially cloudy",Partly cloudy throughout the day with morning rain.,rain,"44454099999,VNKT,44449099999"
kathmandu,2021-08-11,84.2,69.8,76.1,91,69.8,77.4,71.5,86.5,0.028,100,4.17,rain,0,0,17,12.8,194.3,1010.1,65,4.6,126.6,11,5,,2021-08-11T05:32:03,2021-08-11T18:45:30,0.1,"Rain, Partially cloudy",Partly cloudy throughout the day with afternoon rain.,rain,"44454099999,VNKT,remote,44449099999"
kathmandu,2021-08-12,82.4,70.4,74.5,89.5,70.4,75,72.3,93.3,0.409,100,4.17,rain,0,0,15,9.2,165.4,1011.8,89.6,4.1,90.1,7.7,4,,2021-08-12T05:32:34,2021-08-12T18:44:38,0.13,"Rain, Partially cloudy",Partly cloudy throughout the day with afternoon rain.,rain,"44454099999,VNKT,remote,44449099999"
kathmandu,2021-08-13,80.6,71.6,74.9,85.4,71.6,75.3,71.9,90.9,0.142,100,4.17,rain,0,0,15.7,11.4,198.5,1010.3,89.2,4,44.3,3.7,3,,2021-08-13T05:33:05,2021-08-13T18:43:46,0.17,"Rain, Partially cloudy",Partly cloudy throughout the day with morning rain.,rain,"44454099999,VNKT,44449099999"
kathmandu,2021-08-14,82.4,69.8,74.8,87.2,69.8,75.2,71.6,90.1,0,0,0,,0,0,21,9.2,138.6,1007.9,87.6,4.5,28.8,2.3,1,,2021-08-14T05:33:36,2021-08-14T18:42:53,0.2,Partially cloudy,Partly cloudy throughout the day.,partly-cloudy-day,"44454099999,VNKT,44449099999"
kathmandu,2021-08-15,80.6,69.8,74,85.4,69.8,74.4,71,90.8,0.394,100,4.17,rain,0,0,22.1,9.2,152.4,1010,87.5,4.4,67.4,5.8,3,,2021-08-15T05:34:07,2021-08-15T18:41:58,0.25,"Rain, Partially cloudy",Partly cloudy throughout the day with morning rain.,rain,"44454099999,VNKT,44449099999"
kathmandu,2021-08-16,82.4,70.1,75.5,87.2,70.1,76.2,70,83.9,0.079,100,8.33,rain,0,0,15.2,10.3,214,1012.8,88.4,5,180.7,15.5,6,,2021-08-16T05:34:37,2021-08-16T18:41:03,0.28,"Rain, Partially cloudy",Partly cloudy throughout the day with early morning rain.,rain,"44454099999,VNKT,remote,44449099999"
kathmandu,2021-08-17,80.6,70.8,74.4,84.6,70.8,75,70.8,88.9,0.744,100,8.33,rain,0,0,15.9,6.9,180.3,1013.4,84.5,4,196.7,17,7,,2021-08-17T05:35:08,2021-08-17T18:40:07,0.31,"Rain, Partially cloudy",Partly cloudy throughout the day with rain in the morning and afternoon.,rain,"44454099999,VNKT,remote,44449099999"
kathmandu,2021-08-18,80.6,69.8,74.1,84.6,69.8,74.6,70.9,90.2,0.201,100,4.17,rain,0,0,15,8.1,209.8,1011.9,89.2,3.9,162.7,14,6,,2021-08-18T05:35:38,2021-08-18T18:39:10,0.35,"Rain, Partially cloudy",Partly cloudy throughout the day with morning rain.,rain,"44454099999,VNKT,44449099999"
kathmandu,2021-08-19,80.6,68,73.7,85.4,68,74.1,70.1,89,0.709,100,4.17,rain,0,0,16.8,10.3,197.4,1011.5,89.2,4.5,96.9,8.4,5,,2021-08-19T05:36:08,2021-08-19T18:38:13,0.38,"Rain, Partially cloudy",Partly cloudy throughout the day with morning rain.,rain,"44454099999,VNKT,44449099999"
kathmandu,2021-08-20,78.8,69.8,73.5,78.8,69.8,73.5,70,89.3,0,0,0,,0,0,18.6,12.8,183.9,1014.3,89.2,4.8,138.6,12.2,5,,2021-08-20T05:36:38,2021-08-20T18:37:14,0.42,Partially cloudy,Partly cloudy throughout the day.,partly-cloudy-day,"44454099999,VNKT,44449099999"
kathmandu,2021-08-21,78.8,69.8,73.7,78.8,69.8,73.7,70.1,89,0.004,100,4.17,rain,0,0,14.8,10.3,219.5,1016.3,89.2,4.5,105.5,9.1,5,,2021-08-21T05:37:08,2021-08-21T18:36:15,0.46,"Rain, Partially cloudy",Partly cloudy throughout the day with morning rain.,rain,"44454099999,VNKT,44449099999"
kathmandu,2021-08-22,80.6,69.2,73.9,84.6,69.2,74.1,70.2,88.9,0.118,100,4.17,rain,0,0,13,9.2,265.2,1013.8,88.6,4.2,120.6,10.4,5,,2021-08-22T05:37:38,2021-08-22T18:35:15,0.5,"Rain, Partially cloudy",Partly cloudy throughout the day with morning rain.,rain,"44454099999,VNKT,remote,44449099999"
kathmandu,2021-08-23,75.2,68,71.4,75.2,68,71.4,70.3,96.6,0.981,100,8.33,rain,0,0,18.6,8.1,217.5,1012.2,89.2,3.5,110.4,9.4,4,,2021-08-23T05:38:07,2021-08-23T18:34:15,0.52,"Rain, Partially cloudy",Partly cloudy throughout the day with rain in the morning and afternoon.,rain,"44454099999,VNKT,44449099999"
kathmandu,2021-08-24,78.8,68.6,72.8,78.8,68.6,72.8,70.2,91.9,0,0,0,,0,0,16.6,8.1,240.6,1010.4,86.4,4.1,100.1,8.5,4,,2021-08-24T05:38:36,2021-08-24T18:33:14,0.56,Partially cloudy,Partly cloudy throughout the day.,partly-cloudy-day,"44454099999,VNKT,remote,44449099999"
kathmandu,2021-08-25,80.6,68.3,73.6,84.6,68.3,73.7,70.8,91.7,0.276,100,4.17,rain,0,0,13.4,8.1,245.6,1008,90.1,4.3,66.2,5.7,3,,2021-08-25T05:39:06,2021-08-25T18:32:12,0.59,"Rain, Overcast",Cloudy skies throughout the day with morning rain.,rain,"44454099999,VNKT,remote,44449099999"
kathmandu,2021-08-26,77,69.8,73.3,77,69.8,73.3,71,92.7,0.051,100,4.17,rain,0,0,13,9.2,131.2,1007.7,89.2,4.3,44.2,3.8,2,,2021-08-26T05:39:35,2021-08-26T18:31:09,0.62,"Rain, Partially cloudy",Partly cloudy throughout the day with afternoon rain.,rain,"44454099999,VNKT,44449099999"
kathmandu,2021-08-27,73.4,66.2,70.3,73.4,66.2,70.3,68.4,94.2,1.641,100,8.33,rain,0,0,16.8,4.7,139.6,1011.7,89.6,3.6,39.4,3.4,2,,2021-08-27T05:40:03,2021-08-27T18:30:06,0.65,"Rain, Partially cloudy",Partly cloudy throughout the day with rain in the morning and afternoon.,rain,"44454099999,VNKT,remote,44449099999"
kathmandu,2021-08-28,77,68,70.7,77,68,70.7,69.4,96.1,0.551,100,8.33,rain,0,0,15,12.8,215,1011.3,91,4,109.3,9.4,5,,2021-08-28T05:40:32,2021-08-28T18:29:02,0.69,"Rain, Overcast",Cloudy skies throughout the day with rain in the morning and afternoon.,rain,"44454099999,VNKT,44449099999"
kathmandu,2021-08-29,69.8,66.2,68.7,69.8,66.2,68.7,68.3,98.6,0.992,100,8.33,rain,0,0,16.8,8.1,94.1,1013,89.6,4,32.1,2.7,1,,2021-08-29T05:41:01,2021-08-29T18:27:58,0.72,"Rain, Partially cloudy",Partly cloudy throughout the day with rain in the morning and afternoon.,rain,"44454099999,VNKT,remote,44449099999"
kathmandu,2021-08-30,82.4,68,71.6,86.3,68,71.8,69.2,92.9,0.307,100,4.17,rain,0,0,15.9,5.8,212.1,1015.8,90.6,4.2,99.4,8.6,4,,2021-08-30T05:41:29,2021-08-30T18:26:53,0.75,"Rain, Overcast",Cloudy skies throughout the day with afternoon rain.,rain,"44454099999,VNKT,44449099999"
kathmandu,2021-08-31,82.4,68,73.3,87.2,68,73.9,69.3,88.5,0.944,100,8.33,rain,0,0,14.1,8.1,149,1017.1,79.4,4.6,136.9,11.7,5,,2021-08-31T05:41:57,2021-08-31T18:25:47,0.78,"Rain, Partially cloudy",Partly cloudy throughout the day with rain in the morning and afternoon.,rain,"44454099999,VNKT,44449099999"
kathmandu,2021-09-01,84.2,68,74.6,89.7,68,75.6,69.9,86.1,0.024,100,4.17,rain,0,0,16.8,11.4,254,1015.6,70,4.5,203.1,17.4,7,,2021-09-01T05:42:25,2021-09-01T18:24:41,0.81,"Rain, Partially cloudy",Partly cloudy throughout the day with early morning rain.,rain,"44454099999,VNKT,remote,44449099999"
kathmandu,2021-09-02,84.2,68,74.1,87.4,68,74.7,69.6,86.8,0.157,100,4.17,rain,0,0,16.8,10.3,232.3,1014.1,86.6,4.3,178.4,15.4,8,,2021-09-02T05:42:53,2021-09-02T18:23:35,0.85,"Rain, Partially cloudy",Partly cloudy throughout the day with morning rain.,rain,"44454099999,VNKT,44449099999"
kathmandu,2021-09-03,78.8,69.8,72.6,78.8,69.8,72.6,69.4,89.9,0.221,100,8.33,rain,0,0,13.2,9.2,249.4,1013.2,72.7,4.5,101.4,8.7,5,,2021-09-03T05:43:21,2021-09-03T18:22:28,0.88,"Rain, Partially cloudy",Partly cloudy throughout the day with rain in the morning and afternoon.,rain,"44454099999,VNKT,44449099999"
kathmandu,2021-09-04,82.4,67.7,75.1,85.4,67.7,75.9,68.8,82.3,0.004,100,4.17,rain,0,0,13.6,10.3,266.8,1011.6,55.9,4.9,191,16.5,7,,2021-09-04T05:43:49,2021-09-04T18:21:21,0.91,"Rain, Partially cloudy",Partly cloudy throughout the day with early morning rain.,rain,"44454099999,VNKT,remote,44449099999"
kathmandu,2021-09-05,84.2,69.8,76.6,88.5,69.8,77.7,70.4,82.9,0.472,100,4.17,rain,0,0,13,10.3,254.2,1012.2,64.7,4.4,197.6,17.1,7,,2021-09-05T05:44:17,2021-09-05T18:20:13,0.94,"Rain, Partially cloudy",Partly cloudy throughout the day with morning rain.,rain,"44454099999,VNKT,44449099999"
kathmandu,2021-09-06,84.2,66.2,72.7,87.4,66.2,73.2,69.6,90.9,4.807,100,8.33,rain,0,0,15.7,11.4,199.3,1015.4,88.9,4,154.3,13.4,7,,2021-09-06T05:44:44,2021-09-06T18:19:05,0.98,"Rain, Partially cloudy",Partly cloudy throughout the day with rain in the morning and afternoon.,rain,"44454099999,VNKT,44449099999"
kathmandu,2021-09-07,83.9,68,73.5,93.8,68,74.6,70.4,91,0.477,100,8.33,rain,0,0,19,10.3,45.3,1016.5,88.8,4.4,100.1,8.6,4,,2021-09-07T05:45:12,2021-09-07T18:17:57,0,"Rain, Partially cloudy",Partly cloudy throughout the day with rain in the morning and afternoon.,rain,"44454099999,VNKT,44449099999"
kathmandu,2021-09-08,82.4,67.7,72.8,86.3,67.7,73.2,69.1,89.2,1.378,100,8.33,rain,0,0,17.4,8.1,171.8,1015.4,79.8,4.5,126,10.9,6,,2021-09-08T05:45:39,2021-09-08T18:16:48,0.04,"Rain, Partially cloudy",Partly cloudy throughout the day with rain in the morning and afternoon.,rain,"44454099999,VNKT,remote,44449099999"
kathmandu,2021-09-09,77,68,71.2,77,68,71.2,69.2,93.8,0,0,0,,0,0,14.3,4.7,115.5,1014.5,85.9,4.3,121.9,10.5,5,,2021-09-09T05:46:07,2021-09-09T18:15:39,0.08,Partially cloudy,Partly cloudy throughout the day.,partly-cloudy-day,"44454099999,VNKT,44449099999"
kathmandu,2021-09-10,82.4,68,73.3,86.3,68,73.5,69.3,88.1,0.02,100,4.17,rain,0,0,17.4,11.4,148.2,1014.8,72.7,4.6,193.7,16.7,7,,2021-09-10T05:46:34,2021-09-10T18:14:30,0.12,"Rain, Partially cloudy",Partly cloudy throughout the day with morning rain.,rain,"44454099999,VNKT,44449099999"
kathmandu,2021-09-11,86,68,75.1,92,68,75.9,69.3,84,0,0,0,,0,0,16.6,11.4,188.1,1014.3,81,4.8,198.5,17.1,8,,2021-09-11T05:47:02,2021-09-11T18:13:21,0.15,Partially cloudy,Partly cloudy throughout the day.,partly-cloudy-day,"44454099999,VNKT,44449099999"
kathmandu,2021-09-12,86,69.8,75.7,90.6,69.8,76.4,69.3,82.2,0.016,100,4.17,rain,0,0,15.2,12.7,209.6,1011.3,66,4.9,206.7,17.7,8,,2021-09-12T05:47:29,2021-09-12T18:12:11,0.19,"Rain, Partially cloudy",Partly cloudy throughout the day with afternoon rain.,rain,"44454099999,VNKT,remote,44449099999"
kathmandu,2021-09-13,82.4,68,73.6,86.3,68,74.1,69.1,87.2,0.524,100,8.33,rain,0,0,14.5,11.4,72.9,1012,61.7,4.6,178.5,15.6,8,,2021-09-13T05:47:56,2021-09-13T18:11:01,0.22,"Rain, Partially cloudy",Partly cloudy throughout the day with rain in the morning and afternoon.,rain,"44454099999,VNKT,44449099999"
kathmandu,2021-09-14,84.2,69.2,74.5,86.5,69.2,75.1,68.9,83.7,0.075,100,4.17,rain,0,0,24.6,10.3,124.6,1013.7,81.5,4.7,189.1,16.2,8,,2021-09-14T05:48:24,2021-09-14T18:09:52,0.25,"Rain, Partially cloudy",Partly cloudy throughout the day with early morning rain.,rain,"44454099999,VNKT,remote,44449099999"
kathmandu,2021-09-15,77,68,71.8,77,68,71.8,68.8,90.8,0.118,100,4.17,rain,0,0,21.9,10.3,115.5,1015.9,89.2,4.5,35.6,2.9,1,,2021-09-15T05:48:51,2021-09-15T18:08:41,0.29,"Rain, Partially cloudy",Partly cloudy throughout the day with morning rain.,rain,"44454099999,VNKT,44449099999"
kathmandu,2021-09-16,82.4,68,72,86.3,68,72.2,68.8,90.3,0.035,100,4.17,rain,0,0,14.1,4.7,130.2,1014.2,90.1,4.2,45.6,4,2,,2021-09-16T05:49:19,2021-09-16T18:07:31,0.33,"Rain, Overcast",Cloudy skies throughout the day with afternoon rain.,rain,"44454099999,VNKT,remote,44449099999"
kathmandu,2021-09-17,75.2,68,70,75.2,68,70,68.5,95.2,0.169,100,4.17,rain,0,0,15.7,5.8,168.3,1013.5,89.2,4.3,87.6,7.6,4,,2021-09-17T05:49:46,2021-09-17T18:06:21,0.37,"Rain, Partially cloudy",Partly cloudy throughout the day with afternoon rain.,rain,"44454099999,VNKT,44449099999"
kathmandu,2021-09-18,82.4,65.4,72.6,85.4,65.4,73,68,86.9,0.008,100,4.17,rain,0,0,16.3,9.2,232.5,1014.3,67.2,4.3,175.1,15.2,6,,2021-09-18T05:50:14,2021-09-18T18:05:11,0.4,"Rain, Partially cloudy",Partly cloudy throughout the day with afternoon rain.,rain,"44454099999,VNKT,remote,44449099999"
kathmandu,2021-09-19,84.2,68,74.8,87.4,68,75.4,69.1,84,0,0,0,,0,0,15.9,11.4,255.4,1016,62.7,5,210.4,18.1,7,,2021-09-19T05:50:41,2021-09-19T18:04:00,0.44,Partially cloudy,Partly cloudy throughout the day.,partly-cloudy-day,"44454099999,VNKT,44449099999"
kathmandu,2021-09-20,80.6,67.4,72.9,83.9,67.4,73,69.6,89.9,0.02,100,4.17,rain,0,0,15.7,11.4,192.8,1015.5,90.1,4.1,136.7,11.7,6,,2021-09-20T05:51:09,2021-09-20T18:02:50,0.47,"Rain, Overcast",Cloudy skies throughout the day with afternoon rain.,rain,"44454099999,VNKT,remote,44449099999"
kathmandu,2021-09-21,82.4,68,73.2,86.3,68,73.8,67.9,85,1.004,100,4.17,rain,0,0,14.1,10.3,213.5,1014.7,78.2,5.2,195.6,17,7,,2021-09-21T05:51:36,2021-09-21T18:01:40,0.5,"Rain, Partially cloudy",Partly cloudy throughout the day with morning rain.,rain,"44454099999,VNKT,remote,44449099999"
kathmandu,2021-09-22,77,68,71.2,77,68,71.2,67.9,90.1,0.787,100,4.17,rain,0,0,13.4,9.2,182.9,1014.5,87.6,4.4,143.6,12.4,5,,2021-09-22T05:52:04,2021-09-22T18:00:30,0.54,"Rain, Partially cloudy",Partly cloudy throughout the day with morning rain.,rain,"44454099999,VNKT,44449099999"
kathmandu,2021-09-23,80.6,66.2,72.5,83.9,66.2,72.8,68.1,86.8,0.079,100,4.17,rain,0,0,15.7,10.3,170.4,1016,66.3,4.8,186.3,15.9,8,,2021-09-23T05:52:32,2021-09-23T17:59:19,0.57,"Rain, Partially cloudy",Partly cloudy throughout the day with morning rain.,rain,"44454099999,VNKT,44449099999"
kathmandu,2021-09-24,84.2,64.5,73.9,89.6,64.5,74.5,67.9,82.8,0,0,0,,0,0,16.1,10.3,218.9,1016.2,76.4,4.4,215.2,18.6,8,,2021-09-24T05:53:00,2021-09-24T17:58:09,0.61,Partially cloudy,Partly cloudy throughout the day.,partly-cloudy-day,"44454099999,VNKT,remote,44449099999"
kathmandu,2021-09-25,80.6,68,73,83.9,68,73.2,68.1,85.4,0,0,0,,0,0,17.4,12.7,32,1015.6,70.1,4.5,157.6,13.6,6,,2021-09-25T05:53:29,2021-09-25T17:57:00,0.64,Partially cloudy,Partly cloudy throughout the day.,partly-cloudy-day,"44454099999,VNKT,44449099999"
kathmandu,2021-09-26,84.2,65.6,71.7,87.5,65.6,72.1,67.1,86.7,0.827,100,4.17,rain,0,0,13,5.8,88.6,1015,57.2,4.2,169.3,14.7,6,,2021-09-26T05:53:57,2021-09-26T17:55:50,0.67,"Rain, Partially cloudy",Partly cloudy throughout the day with afternoon rain.,rain,"44454099999,VNKT,remote,44449099999"
kathmandu,2021-09-27,82.4,66.2,71.6,84.7,66.2,71.8,67.9,89.2,0.055,100,4.17,rain,0,0,15,13.9,182.6,1016.4,68.1,4.4,206.9,17.8,8,,2021-09-27T05:54:26,2021-09-27T17:54:40,0.7,"Rain, Partially cloudy",Partly cloudy throughout the day with afternoon rain.,rain,"44454099999,VNKT,44449099999"
kathmandu,2021-09-28,77.1,65,70.1,77.1,65,70.1,67,90.8,0.606,100,8.33,rain,0,0,13.2,6.9,132.7,1017.6,84.6,4.7,137,12.1,6,,2021-09-28T05:54:54,2021-09-28T17:53:31,0.73,"Rain, Partially cloudy",Partly cloudy throughout the day with rain in the morning and afternoon.,rain,"44454099999,VNKT,remote,44449099999"
kathmandu,2021-09-29,80.6,65.4,71.6,83.3,65.4,71.7,66.9,86,0.012,100,4.17,rain,0,0,14.3,10.3,192.6,1017.7,83.7,4.5,161.6,14,7,,2021-09-29T05:55:23,2021-09-29T17:52:22,0.75,"Rain, Partially cloudy",Partly cloudy throughout the day with afternoon rain.,rain,"44454099999,VNKT,remote,44449099999"
kathmandu,2021-09-30,82.4,68,72.9,85.4,68,73.1,67.9,85.5,0,0,0,,0,0,13.4,10.3,193,1018.2,85.9,4.4,136.3,11.7,4,,2021-09-30T05:55:53,2021-09-30T17:51:13,0.8,Partially cloudy,Partly cloudy throughout the day.,partly-cloudy-day,"44454099999,VNKT,44449099999"
kathmandu,2021-10-01,80.6,68,72.4,82.8,68,72.4,67.6,85.8,0,0,0,,0,0,15.2,11.4,185.8,1017.4,82.7,4.4,123.3,10.6,4,,2021-10-01T05:56:22,2021-10-01T17:50:05,0.83,Partially cloudy,Partly cloudy throughout the day.,partly-cloudy-day,"44454099999,VNKT,44449099999"
kathmandu,2021-10-02,78.8,68,71.3,78.8,68,71.3,66,84.6,0,0,0,,0,0,19.9,12.7,137.3,1015.2,89.2,4.8,92.2,8.1,6,,2021-10-02T05:56:52,2021-10-02T17:48:56,0.86,Partially cloudy,Partly cloudy throughout the day.,partly-cloudy-day,"44454099999,VNKT,44449099999"
kathmandu,2021-10-03,78.8,66.2,71.1,78.8,66.2,71.1,66.8,87.1,0.146,100,4.17,rain,0,0,16.8,13.9,216.5,1013.1,87.6,4.7,137.6,11.9,7,,2021-10-03T05:57:21,2021-10-03T17:47:49,0.9,"Rain, Partially cloudy",Partly cloudy throughout the day with afternoon rain.,rain,"44454099999,VNKT,44449099999"
kathmandu,2021-10-04,80.6,67.2,72.1,83.3,67.2,72.4,67,85.4,0,0,0,,0,0,15.2,9.2,150.9,1014.1,78.3,4.4,170.7,14.7,7,,2021-10-04T05:57:52,2021-10-04T17:46:41,0.93,Partially cloudy,Partly cloudy throughout the day.,partly-cloudy-day,"44454099999,VNKT,remote,44449099999"
kathmandu,2021-10-05,80.6,66.2,72.1,82.8,66.2,72.3,67,85.3,1.614,100,4.17,rain,0,0,15,10.3,267.4,1016.5,72.5,3.9,173.6,15,7,,2021-10-05T05:58:22,2021-10-05T17:45:34,0.96,"Rain, Partially cloudy",Partly cloudy throughout the day with morning rain.,rain,"44454099999,VNKT,44449099999"
kathmandu,2021-10-06,78.8,68,72.6,78.8,68,72.6,67.5,84.6,0,0,0,,0,0,14.5,10.3,220.2,1015.8,82.7,4.5,141.7,12.2,6,,2021-10-06T05:58:53,2021-10-06T17:44:28,0,Partially cloudy,Partly cloudy throughout the day.,partly-cloudy-day,"44454099999,VNKT,44449099999"
kathmandu,2021-10-07,80.6,68,72.9,84,68,73.2,67.2,83.2,0,0,0,,0,0,13,9.2,290.5,1014.3,71.9,4.6,177.6,15.3,6,,2021-10-07T05:59:24,2021-10-07T17:43:22,0.03,Partially cloudy,Partly cloudy throughout the day.,partly-cloudy-day,"44454099999,VNKT,44449099999"
kathmandu,2021-10-08,82.4,65.9,72.6,84,65.9,73,66.4,82.1,0,0,0,,0,0,14.5,11.4,261.5,1013.3,60.2,4.7,161.4,13.8,6,,2021-10-08T05:59:55,2021-10-08T17:42:16,0.06,Partially cloudy,Partly cloudy throughout the day.,partly-cloudy-day,"44454099999,VNKT,remote,44449099999"
kathmandu,2021-10-09,82.4,68,73.4,84.7,68,73.7,66.7,81,0,0,0,,0,0,14.3,11.4,218.9,1013.7,64.5,3.8,209.6,18.1,8,,2021-10-09T06:00:27,2021-10-09T17:41:11,0.1,Partially cloudy,Partly cloudy throughout the day.,partly-cloudy-day,"44454099999,VNKT,44449099999"
kathmandu,2021-10-10,86.3,66.2,73.8,104.9,66.2,75,67.8,82.7,0,0,0,,0,0,13.9,9.2,234.4,1014.4,55.7,3.8,189.3,16.2,7,,2021-10-10T06:00:59,2021-10-10T17:40:06,0.13,Partially cloudy,Partly cloudy throughout the day.,partly-cloudy-day,"44454099999,VNKT,44449099999"
kathmandu,2021-10-11,84.2,62.7,73.6,86.5,62.7,73.9,66.6,80.9,0.004,100,4.17,rain,0,0,14.1,9.2,250.7,1014.4,34.1,4.2,206.2,17.8,7,,2021-10-11T06:01:31,2021-10-11T17:39:03,0.17,"Rain, Partially cloudy",Partly cloudy throughout the day with early morning rain.,rain,"44454099999,VNKT,remote,44449099999"
kathmandu,2021-10-12,86,64.8,74.2,86.1,64.8,74.4,65.7,77.5,0,0,0,,0,0,13.4,10.3,211.4,1014.3,34.6,4.5,215.9,18.8,8,,2021-10-12T06:02:04,2021-10-12T17:37:59,0.2,Partially cloudy,Clearing in the afternoon.,partly-cloudy-day,"44454099999,VNKT,remote,44449099999"
kathmandu,2021-10-13,86,64.4,74,85.5,64.4,74.1,64,74.6,0,0,0,,0,0,14.8,9.2,189.3,1014.7,32.4,4.7,214.4,18.5,7,,2021-10-13T06:02:37,2021-10-13T17:36:57,0.25,Partially cloudy,Partly cloudy throughout the day.,partly-cloudy-day,"44454099999,VNKT,44449099999"
kathmandu,2021-10-14,86,64.4,74,86.5,64.4,74.2,64.1,74.7,0,0,0,,0,0,13.6,11.4,302.9,1014.8,28,4.6,209.5,18.1,8,,2021-10-14T06:03:11,2021-10-14T17:35:55,0.28,Partially cloudy,Partly cloudy throughout the day.,partly-cloudy-day,"44454099999,VNKT,44449099999"
kathmandu,2021-10-15,86,64.4,74,86.8,64.4,74.3,65,76.3,0,0,0,,0,0,15,10.3,269.4,1013.3,27,4.9,220,18.9,8,,2021-10-15T06:03:45,2021-10-15T17:34:53,0.31,Partially cloudy,Partly cloudy throughout the day.,partly-cloudy-day,"44454099999,VNKT,remote,44449099999"
kathmandu,2021-10-16,84.2,66.2,74.4,86.5,66.2,74.9,67,79.7,0,0,0,,0,0,13.6,9.2,223,1015.4,45.7,5,218.9,19,8,,2021-10-16T06:04:19,2021-10-16T17:33:53,0.35,Partially cloudy,Partly cloudy throughout the day.,partly-cloudy-day,"44454099999,VNKT,44449099999"
kathmandu,2021-10-17,80.6,66.2,71.5,82.3,66.2,71.5,66,84.2,0.389,100,8.33,rain,0,0,12.5,8.1,140.7,1017.3,86.8,5,121.1,10.5,5,,2021-10-17T06:04:54,2021-10-17T17:32:53,0.38,"Rain, Partially cloudy",Partly cloudy throughout the day with rain in the morning and afternoon.,rain,"44454099999,VNKT,44449099999"
kathmandu,2021-10-18,75.2,68,69.9,75.2,68,69.9,68.1,94.4,0.157,100,8.33,rain,0,0,20.1,5.8,182.5,1016,89.2,4.6,42,3.6,2,,2021-10-18T06:05:29,2021-10-18T17:31:54,0.42,"Rain, Partially cloudy",Partly cloudy throughout the day with rain in the morning and afternoon.,rain,"44454099999,VNKT,44449099999"
kathmandu,2021-10-19,71.6,66.2,68,71.6,66.2,68,66.1,93.8,0.161,100,8.33,rain,0,0,31.1,10.3,95.6,1015.3,89.6,4.4,25.7,2.3,1,,2021-10-19T06:06:04,2021-10-19T17:30:56,0.45,"Rain, Partially cloudy",Partly cloudy throughout the day with rain in the morning and afternoon.,rain,"44454099999,VNKT,remote,44449099999"
kathmandu,2021-10-20,75.2,64.3,68.8,75.2,64.3,68.8,66,91.2,0.236,100,4.17,rain,0,0,29.3,6.9,194.7,1016.9,90.1,4.3,19.9,1.8,1,,2021-10-20T06:06:40,2021-10-20T17:29:59,0.5,"Rain, Overcast",Cloudy skies throughout the day with morning rain.,rain,"44454099999,VNKT,remote,44449099999"
kathmandu,2021-10-21,77,60.8,68.5,77,60.8,68.5,62,81.3,0,0,0,,0,0,15,11.4,257.8,1015.6,60.6,5.2,107.3,9.4,6,,2021-10-21T06:07:17,2021-10-21T17:29:02,0.52,Partially cloudy,Partly cloudy throughout the day.,partly-cloudy-day,"44454099999,VNKT,44449099999"
kathmandu,2021-10-22,73.4,60.8,66.8,73.4,60.8,66.8,61.8,84.7,0,0,0,,0,0,14.3,8.1,232.3,1017.3,77.8,4.5,142.9,12.4,6,,2021-10-22T06:07:53,2021-10-22T17:28:07,0.55,Partially cloudy,Partly cloudy throughout the day.,partly-cloudy-day,"44454099999,VNKT,44449099999"
kathmandu,2021-10-23,77,64.4,67.9,77,64.4,67.9,62.7,84.2,0,0,0,,0,0,14.3,13.9,206.3,1020.1,81.8,3.9,109.6,9.6,4,,2021-10-23T06:08:31,2021-10-23T17:27:12,0.59,Partially cloudy,Partly cloudy throughout the day.,partly-cloudy-day,"44454099999,VNKT,44449099999"
kathmandu,2021-10-24,77,60.8,67.3,77,60.8,67.3,60.4,80,0,0,0,,0,0,11.2,15,201.4,1021,62.7,3.4,83.4,7.3,4,,2021-10-24T06:09:08,2021-10-24T17:26:19,0.62,Partially cloudy,Partly cloudy throughout the day.,partly-cloudy-day,"44454099999,VNKT,44449099999"
kathmandu,2021-10-25,75.2,57.2,65,75.2,57.2,65,59.5,83.8,0,0,0,,0,0,15.4,8.1,250.7,1019.4,37.7,3.7,179.4,15.5,7,,2021-10-25T06:09:47,2021-10-25T17:25:26,0.65,Partially cloudy,Partly cloudy throughout the day.,partly-cloudy-day,"44454099999,VNKT,44449099999"
kathmandu,2021-10-26,75.2,59,65.1,75.2,59,65.1,56.8,76.7,0,0,0,,0,0,16.1,10.3,244.9,1019,60.6,4,164.7,14.3,7,,2021-10-26T06:10:25,2021-10-26T17:24:34,0.68,Partially cloudy,Partly cloudy throughout the day.,partly-cloudy-day,"44454099999,VNKT,44449099999"
kathmandu,2021-10-27,75.2,58.7,65.1,75.2,58.7,65.1,55.9,74.2,0,0,0,,0,0,16.1,9.2,275.4,1020,51.8,4.3,175,15,6,,2021-10-27T06:11:04,2021-10-27T17:23:44,0.72,Partially cloudy,Partly cloudy throughout the day.,partly-cloudy-day,"44454099999,VNKT,remote,44449099999"
kathmandu,2021-10-28,73.4,57.2,64.1,73.4,57.2,64.1,57.5,80.4,0,0,0,,0,0,15.7,9.2,235.4,1020.2,50.3,4.1,190.4,16.5,7,,2021-10-28T06:11:44,2021-10-28T17:22:54,0.75,Partially cloudy,Becoming cloudy in the afternoon.,partly-cloudy-day,"44454099999,VNKT,remote,44449099999"
kathmandu,2021-10-29,75.2,57.2,63.7,75.2,57.2,63.7,53.1,70.7,0.012,100,12.5,rain,0,0,15.2,11.4,193.6,1021.6,38.5,4.1,156.2,13.7,7,,2021-10-29T06:12:24,2021-10-29T17:22:06,0.75,"Rain, Partially cloudy",Partly cloudy throughout the day with early morning rain.,rain,"44454099999,VNKT,remote,44449099999"
kathmandu,2021-10-30,73.4,53.6,62.6,73.4,53.6,62.6,52.8,73.2,0,0,0,,0,0,17,9.2,235.3,1021,31.7,4.1,186.8,16.2,7,,2021-10-30T06:13:04,2021-10-30T17:21:19,0.82,Partially cloudy,Partly cloudy throughout the day.,partly-cloudy-day,"44454099999,VNKT,44449099999"
kathmandu,2021-10-31,73.4,53.6,63,73.4,53.6,63,53.7,73.9,0,0,0,,0,0,15.7,13.8,220.2,1019.6,53.4,4.4,135.4,11.7,5,,2021-10-31T06:13:45,2021-10-31T17:20:32,0.85,Partially cloudy,Partly cloudy throughout the day.,partly-cloudy-day,"44454099999,VNKT,44449099999"
kathmandu,2021-11-01,71.6,57.2,63.1,71.6,57.2,63.1,54.5,74.7,0.004,100,4.17,rain,0,0,15,12.7,196.8,1020.1,70.9,4,150.9,12.9,6,,2021-11-01T06:14:26,2021-11-01T17:19:47,0.88,"Rain, Partially cloudy",Partly cloudy throughout the day with early morning rain.,rain,"44454099999,VNKT,remote,44449099999"
kathmandu,2021-11-02,71.6,55.4,62.4,71.6,55.4,62.4,53.9,76,0,0,0,,0,0,15,9.2,212,1021.5,49.5,3.9,158.2,13.7,6,,2021-11-02T06:15:08,2021-11-02T17:19:04,0.91,Partially cloudy,Partly cloudy throughout the day.,partly-cloudy-day,"44454099999,VNKT,44449099999"
kathmandu,2021-11-03,71.6,55.4,61.9,71.6,55.4,61.9,52.7,74.5,0,0,0,,0,0,16.6,9.2,268.6,1020.2,46.2,4.1,182.5,15.6,7,,2021-11-03T06:15:50,2021-11-03T17:18:21,0.95,Partially cloudy,Partly cloudy throughout the day.,partly-cloudy-day,"44454099999,VNKT,44449099999"
kathmandu,2021-11-04,71.6,51.8,60.6,71.6,51.8,60.6,51.9,75.6,0,0,0,,0,0,16.8,8.1,243.3,1019.3,33.6,3.8,172.1,14.9,7,,2021-11-04T06:16:33,2021-11-04T17:17:40,0.98,Partially cloudy,Partly cloudy throughout the day.,partly-cloudy-day,"44454099999,VNKT,remote,44449099999"
kathmandu,2021-11-05,69.8,51.8,59.6,69.8,51.8,59.6,52.3,78.7,0,0,0,,0,0,18.3,10.3,232.6,1018.5,48.6,4.2,180,15.6,7,,2021-11-05T06:17:16,2021-11-05T17:17:00,0,Partially cloudy,Partly cloudy throughout the day.,partly-cloudy-day,"44454099999,VNKT,44449099999"
kathmandu,2021-11-06,69.8,50,59.3,69.8,50,59.3,51.6,78,0,0,0,,0,0,17.9,8,228.4,1016.8,31.7,4.4,175,15,7,,2021-11-06T06:17:59,2021-11-06T17:16:21,0.05,Partially cloudy,Partly cloudy throughout the day.,partly-cloudy-day,"44454099999,VNKT,44449099999"
kathmandu,2021-11-07,71.6,51.8,60.1,71.6,51.8,60.1,51.1,75.1,0,0,0,,0,0,16.1,6.9,212.7,1017.4,67.1,4.3,151,13,6,,2021-11-07T06:18:43,2021-11-07T17:15:44,0.08,Partially cloudy,Becoming cloudy in the afternoon.,partly-cloudy-day,"44454099999,VNKT,44449099999"
kathmandu,2021-11-08,71.6,50,60.6,71.6,50,60.6,51.5,75.1,0,0,0,,0,0,14.5,9.2,199.2,1018.9,37.7,4.5,158.8,13.8,6,,2021-11-08T06:19:27,2021-11-08T17:15:08,0.12,Partially cloudy,Partly cloudy throughout the day.,partly-cloudy-day,"44454099999,VNKT,44449099999"
kathmandu,2021-11-09,73.4,51.8,60.7,73.4,51.8,60.7,50.5,73.4,0,0,0,,0,0,16.3,8.1,227.8,1020,29.8,4.7,181.7,15.7,7,,2021-11-09T06:20:11,2021-11-09T17:14:34,0.15,Partially cloudy,Partly cloudy throughout the day.,partly-cloudy-day,"44454099999,VNKT,44449099999"
kathmandu,2021-11-10,71.6,50,60.1,71.6,50,60.1,49.3,72.1,0,0,0,,0,0,14.5,8,186.6,1019.6,28,4.5,162,13.9,6,,2021-11-10T06:20:56,2021-11-10T17:14:00,0.19,Partially cloudy,Partly cloudy throughout the day.,partly-cloudy-day,"44454099999,VNKT,44449099999"
kathmandu,2021-11-11,71.6,48.2,59.5,71.6,47.4,59.5,49.8,73.9,0,0,0,,0,0,15.4,9.2,199.9,1019,27.9,4.5,192.7,16.5,7,,2021-11-11T06:21:41,2021-11-11T17:13:29,0.25,Partially cloudy,Partly cloudy throughout the day.,partly-cloudy-day,"44454099999,VNKT,44449099999"
kathmandu,2021-11-12,71.6,48.2,59,71.6,48.2,59,51,77.6,0,0,0,,0,0,15.2,8.1,220.9,1019,28,4.1,188.4,16.2,7,,2021-11-12T06:22:26,2021-11-12T17:12:58,0.25,Partially cloudy,Partly cloudy throughout the day.,partly-cloudy-day,"44454099999,VNKT,44449099999"
kathmandu,2021-11-13,69.8,46.4,57.9,69.8,46.4,57.9,49.5,76.4,0,0,0,,0,0,16.3,9.2,214.6,1018.4,36.1,4.1,170,14.9,7,,2021-11-13T06:23:12,2021-11-13T17:12:29,0.29,Partially cloudy,Clearing in the afternoon.,partly-cloudy-day,"44454099999,VNKT,remote,44449099999"
kathmandu,2021-11-14,71.6,48.2,57.4,71.6,47.3,57.3,48.4,75.3,0,0,0,,0,0,15.4,9.2,179.7,1017.9,40.9,4.4,157.3,13.4,6,,2021-11-14T06:23:58,2021-11-14T17:12:02,0.32,Partially cloudy,Partly cloudy throughout the day.,partly-cloudy-day,"44454099999,VNKT,44449099999"
kathmandu,2021-11-15,69.8,51.3,58.5,69.8,51.3,58.5,50.3,76.9,0,0,0,,0,0,16.1,9.2,212.3,1016.3,42.5,4.1,164.5,14.2,7,,2021-11-15T06:24:44,2021-11-15T17:11:36,0.36,Partially cloudy,Partly cloudy throughout the day.,partly-cloudy-day,"44454099999,VNKT,remote,44449099999"
kathmandu,2021-11-16,68,51.8,58.3,68,51.8,58.3,50.4,77.5,0,0,0,,0,0,16.6,8,186.8,1017.5,44.2,4.3,154.2,13.3,6,,2021-11-16T06:25:30,2021-11-16T17:11:12,0.39,Partially cloudy,Partly cloudy throughout the day.,partly-cloudy-day,"44454099999,VNKT,44449099999"
kathmandu,2021-11-17,71.6,48.2,58,71.6,48.2,58,47.2,72.1,0,0,0,,0,0,13.6,8.1,172.8,1020.5,49.9,4.4,172.9,15,7,,2021-11-17T06:26:17,2021-11-17T17:10:49,0.43,Partially cloudy,Partly cloudy throughout the day.,partly-cloudy-day,"44454099999,VNKT,44449099999"
kathmandu,2021-11-18,68,50,58.5,68,50,58.5,49.8,75.2,0,0,0,,0,0,14.5,6.9,190.7,1018.8,86.3,3.3,176.8,15.1,7,,2021-11-18T06:27:03,2021-11-18T17:10:27,0.46,Partially cloudy,Partly cloudy throughout the day.,partly-cloudy-day,"44454099999,VNKT,remote,44449099999"
kathmandu,2021-11-19,66.2,51.8,58,66.2,51.8,58,50.6,78,0,0,0,,0,0,17,4.7,249.8,1016.5,79,3.3,137.9,12.2,6,,2021-11-19T06:27:50,2021-11-19T17:10:08,0.5,Partially cloudy,Partly cloudy throughout the day.,partly-cloudy-day,"44454099999,VNKT,44449099999"
kathmandu,2021-11-20,71.6,46.4,57.8,71.6,46.4,57.8,50,78.4,0,0,0,,0,0,17.7,12.8,242.2,1016.3,61.3,3.7,138.3,11.9,6,,2021-11-20T06:28:37,2021-11-20T17:09:49,0.53,Partially cloudy,Partly cloudy throughout the day.,partly-cloudy-day,"44454099999,VNKT,44449099999"
kathmandu,2021-11-21,73.4,50,60.4,73.4,50,60.4,52,77.8,0,0,0,,0,0,17.2,12.8,256,1016.4,37.4,4.3,170.5,14.7,7,,2021-11-21T06:29:24,2021-11-21T17:09:33,0.56,Partially cloudy,Partly cloudy throughout the day.,partly-cloudy-day,"44454099999,VNKT,remote,44449099999"
kathmandu,2021-11-22,71.6,55.4,60.4,71.6,55.4,60.4,50.9,74.3,0,0,0,,0,0,17,8,218.4,1015.8,50.4,3.9,159.3,13.9,7,,2021-11-22T06:30:11,2021-11-22T17:09:17,0.6,Partially cloudy,Clearing in the afternoon.,partly-cloudy-day,"44454099999,VNKT,remote,44449099999"
kathmandu,2021-11-23,68,50,57.6,68,50,57.6,50.8,79.7,0,0,0,,0,0,16.3,6.9,198.3,1016.8,42.1,2.9,142,12.1,6,,2021-11-23T06:30:58,2021-11-23T17:09:04,0.63,Partially cloudy,Partly cloudy throughout the day.,partly-cloudy-day,"44454099999,VNKT,44449099999"
kathmandu,2021-11-24,69.8,50.6,58.4,69.8,50.6,58.4,50.6,77.5,0,0,0,,0,0,14.1,11.4,192.3,1018.8,45.9,2.7,86.3,7.5,4,,2021-11-24T06:31:44,2021-11-24T17:08:52,0.66,Partially cloudy,Partly cloudy throughout the day.,partly-cloudy-day,"44454099999,VNKT,remote,44449099999"
kathmandu,2021-11-25,77.1,50,57.2,77.1,50,57.2,51.4,82.4,0.004,100,4.17,rain,0,0,15.2,8.1,261.5,1018.8,41.6,2.3,120.2,10.3,5,,2021-11-25T06:32:31,2021-11-25T17:08:42,0.7,"Rain, Partially cloudy",Becoming cloudy in the afternoon with afternoon rain.,rain,"44454099999,VNKT,44449099999"
kathmandu,2021-11-26,62.7,50,55.9,62.7,50,55.9,50.5,83,0,0,0,,0,0,12.5,5.8,217.3,1019.6,73.4,2.8,86,7.4,3,,2021-11-26T06:33:18,2021-11-26T17:08:33,0.73,Partially cloudy,Partly cloudy throughout the day.,partly-cloudy-day,"44454099999,VNKT,44449099999"
kathmandu,2021-11-27,68,48.2,56.1,68,47.3,56,49.1,79.6,0,0,0,,0,0,12.1,6.9,189.3,1021,45.1,2.6,123.6,10.6,4,,2021-11-27T06:34:05,2021-11-27T17:08:26,0.75,Partially cloudy,Partly cloudy throughout the day.,partly-cloudy-day,"44454099999,VNKT,remote,44449099999"
kathmandu,2021-11-28,69.8,46.4,55.9,69.8,43,55.7,48.5,79.5,0,0,0,,0,0,15.9,9.2,310.9,1021.8,28,2.9,155.5,13.4,6,,2021-11-28T06:34:51,2021-11-28T17:08:20,0.8,Partially cloudy,Partly cloudy throughout the day.,partly-cloudy-day,"44454099999,VNKT,44449099999"
kathmandu,2021-11-29,68,45.8,55.8,68,45.3,55.8,46.4,73.3,0,0,0,,0,0,16.3,10.3,269.3,1020.5,36.7,3.4,179.4,15.4,7,,2021-11-29T06:35:37,2021-11-29T17:08:16,0.83,Partially cloudy,Partly cloudy throughout the day.,partly-cloudy-day,"44454099999,VNKT,remote,44449099999"
kathmandu,2021-11-30,68,46.4,55.7,68,45.3,55.6,47.8,77,0,0,0,,0,0,13.4,9.2,154.7,1021.8,51.1,3.8,158.8,13.9,6,,2021-11-30T06:36:23,2021-11-30T17:08:14,0.86,Partially cloudy,Partly cloudy throughout the day.,partly-cloudy-day,"44454099999,VNKT,44449099999"
kathmandu,2021-12-01,71.6,46.4,56.7,71.6,45.3,56.6,45.4,70.1,0,0,0,,0,0,13.6,10.3,157.2,1021.8,42.5,4,145.6,12.7,6,,2021-12-01T06:37:09,2021-12-01T17:08:14,0.9,Partially cloudy,Becoming cloudy in the afternoon.,partly-cloudy-day,"44454099999,VNKT,44449099999"
kathmandu,2021-12-02,69.8,48.2,58,69.8,48.2,58,46.7,69.4,0,0,0,,0,0,15.7,10.3,243.8,1021,78.4,4,145.3,12.5,6,,2021-12-02T06:37:54,2021-12-02T17:08:14,0.93,Partially cloudy,Partly cloudy throughout the day.,partly-cloudy-day,"44454099999,VNKT,remote,44449099999"
kathmandu,2021-12-03,68,53.6,59,68,53.6,59,50.6,75.4,0,0,0,,0,0,15.7,9.2,274.2,1022,84.3,3.9,93.4,7.9,4,,2021-12-03T06:38:39,2021-12-03T17:08:17,0.96,Partially cloudy,Partly cloudy throughout the day.,partly-cloudy-day,"44454099999,VNKT,44449099999"
kathmandu,2021-12-04,71.6,51.8,57.9,71.6,51.8,57.9,52.9,85.3,0.079,100,4.17,rain,0,0,16.8,10.3,202.3,1021.2,57.7,3.2,171.6,14.9,7,,2021-12-04T06:39:24,2021-12-04T17:08:21,0,"Rain, Partially cloudy",Clearing in the afternoon with morning rain.,rain,"44454099999,VNKT,44449099999"
kathmandu,2021-12-05,71.6,53.6,60.4,71.6,53.6,60.4,53.3,79.2,0,0,0,,0,0,14.3,8.1,243.8,1021.8,51.9,4.3,156.8,13.4,7,,2021-12-05T06:40:08,2021-12-05T17:08:27,0.03,Partially cloudy,Clearing in the afternoon.,partly-cloudy-day,"44454099999,VNKT,44449099999"
kathmandu,2021-12-06,83.6,50.4,60,84,50.4,60.1,53.2,79.8,0.079,100,20.83,rain,0,0,15.9,4.5,230.2,1017.4,29.8,4,151.5,12.9,6,,2021-12-06T06:40:51,2021-12-06T17:08:34,0.07,"Rain, Partially cloudy",Clearing in the afternoon with rain.,rain,"44454099999,VNKT,remote,44449099999"
kathmandu,2021-12-07,68,48.5,57.6,68,48.5,57.6,48.1,72.9,0,0,0,,0,0,19.9,11.4,292.2,1019.3,31.6,5.1,165.8,14.3,7,,2021-12-07T06:41:34,2021-12-07T17:08:43,0.1,Partially cloudy,Partly cloudy throughout the day.,partly-cloudy-day,"44454099999,VNKT,remote,44449099999"
kathmandu,2021-12-08,68,44.6,55.3,68,43.2,55.1,45.1,71.8,0,0,0,,0,0,16.8,9.2,259.9,1022.2,28,4.4,176.5,15.2,7,,2021-12-08T06:42:17,2021-12-08T17:08:54,0.13,Partially cloudy,Partly cloudy throughout the day.,partly-cloudy-day,"44454099999,VNKT,44449099999"
kathmandu,2021-12-09,68,44.6,55.3,68,44.2,55.1,45.7,73.3,0,0,0,,0,0,15.9,9.2,180.5,1023.8,36.8,3.9,177.2,15.2,7,,2021-12-09T06:42:58,2021-12-09T17:09:06,0.17,Partially cloudy,Partly cloudy throughout the day.,partly-cloudy-day,"44454099999,VNKT,44449099999"
kathmandu,2021-12-10,66.2,46.4,54.4,66.2,45.3,54.4,45.8,75.1,0,0,0,,0,0,19.2,10.3,277.7,1022.4,33.2,4.2,173.7,14.9,7,,2021-12-10T06:43:39,2021-12-10T17:09:19,0.2,Partially cloudy,Partly cloudy throughout the day.,partly-cloudy-day,"44454099999,VNKT,44449099999"
kathmandu,2021-12-11,66.2,42.8,53.2,66.2,41.2,53,43.4,73.4,0,0,0,,0,0,15.2,8.1,179.3,1021.5,28,3.7,176.7,15.2,7,,2021-12-11T06:44:20,2021-12-11T17:09:34,0.25,Partially cloudy,Partly cloudy throughout the day.,partly-cloudy-day,"44454099999,VNKT,44449099999"
kathmandu,2021-12-12,64.4,42.8,52.1,64.4,42.8,52,42.1,72.6,0,0,0,,0,0,15,5.8,228.8,1023.1,34,3.8,146.6,12.7,6,,2021-12-12T06:44:59,2021-12-12T17:09:51,0.27,Partially cloudy,Becoming cloudy in the afternoon.,partly-cloudy-day,"44454099999,VNKT,44449099999"
kathmandu,2021-12-13,66.2,39.2,51.6,66.2,37.1,51.3,39.4,67.8,0,0,0,,0,0,14.5,9.2,236.6,1022,34,4,155.6,13.5,6,,2021-12-13T06:45:38,2021-12-13T17:10:09,0.3,Partially cloudy,Becoming cloudy in the afternoon.,partly-cloudy-day,"44454099999,VNKT,44449099999"
kathmandu,2021-12-14,68,41,52,68,39.2,51.8,40.9,70.2,0,0,0,,0,0,14.5,9.2,213.8,1020.8,28.9,4,170.1,14.7,6,,2021-12-14T06:46:16,2021-12-14T17:10:28,0.33,Partially cloudy,Partly cloudy throughout the day.,partly-cloudy-day,"44454099999,VNKT,44449099999"
kathmandu,2021-12-15,62.6,41,50.5,62.6,37.9,49.9,41.6,74.7,0,0,0,,0,0,16.3,9.2,161.5,1020,53.7,3.8,170.9,14.8,6,,2021-12-15T06:46:53,2021-12-15T17:10:49,0.37,Partially cloudy,Partly cloudy throughout the day.,partly-cloudy-day,"44454099999,VNKT,44449099999"
kathmandu,2021-12-16,66.2,39.2,50.1,66.2,37.1,49.7,38,68.5,0,0,0,,0,0,16.3,8.1,234.5,1020.6,28,3.8,174.4,15,7,,2021-12-16T06:47:30,2021-12-16T17:11:11,0.4,Partially cloudy,Partly cloudy throughout the day.,partly-cloudy-day,"44454099999,VNKT,44449099999"
kathmandu,2021-12-17,66.2,39.2,50,66.2,39.1,49.5,36.7,64.5,0,0,0,,0,0,17.7,12.8,281.9,1020.4,28.9,3.9,171.3,14.8,7,,2021-12-17T06:48:05,2021-12-17T17:11:35,0.44,Partially cloudy,Partly cloudy throughout the day.,partly-cloudy-day,"44454099999,VNKT,44449099999"
kathmandu,2021-12-18,64.4,37.4,49.5,64.4,35,48.8,37.5,67.8,0,0,0,,0,0,16.6,5.8,120.6,1019.8,29.8,3.5,155.5,13.5,6,,2021-12-18T06:48:39,2021-12-18T17:12:00,0.47,Partially cloudy,Partly cloudy throughout the day.,partly-cloudy-day,"44454099999,VNKT,44449099999"
kathmandu,2021-12-19,62.6,39.2,49.1,62.6,37.1,48.8,39.8,73.5,0,0,0,,0,0,19.2,9.2,189.6,1019.9,27.8,3.7,159.7,13.7,6,,2021-12-19T06:49:12,2021-12-19T17:12:26,0.5,Partially cloudy,Partly cloudy throughout the day.,partly-cloudy-day,"44454099999,VNKT,remote,44449099999"
kathmandu,2021-12-20,62.6,39.2,48.7,62.6,34.4,48.1,39.3,73.4,0,0,0,,0,0,18.3,9.2,281.6,1020.6,27,3.4,164.8,14.2,7,,2021-12-20T06:49:44,2021-12-20T17:12:54,0.54,Partially cloudy,Partly cloudy throughout the day.,partly-cloudy-day,"44454099999,VNKT,remote,44449099999"
kathmandu,2021-12-21,64.4,37.4,49.5,64.4,33.7,48.8,38.3,70.3,0,0,0,,0,0,14.8,10.3,177.6,1019.8,45.1,3.7,161.9,13.9,6,,2021-12-21T06:50:16,2021-12-21T17:13:23,0.57,Partially cloudy,Partly cloudy throughout the day.,partly-cloudy-day,"44454099999,VNKT,44449099999"
kathmandu,2021-12-22,64.4,37.4,49,64.4,33.7,48.3,38.2,71.3,0,0,0,,0,0,16.3,9.2,118.6,1017.9,28.8,3.9,173.3,15.1,7,,2021-12-22T06:50:45,2021-12-22T17:13:53,0.61,Partially cloudy,Partly cloudy throughout the day.,partly-cloudy-day,"44454099999,VNKT,44449099999"
kathmandu,2021-12-23,62.6,39.2,49.2,62.6,35.8,48.5,38.2,70,0,0,0,,0,0,14.5,8.1,272.7,1017.7,25.7,3.9,177.5,15.4,7,,2021-12-23T06:51:14,2021-12-23T17:14:24,0.64,Partially cloudy,Partly cloudy throughout the day.,partly-cloudy-day,"44454099999,VNKT,remote,44449099999"
kathmandu,2021-12-24,64.4,39.2,49.7,64.4,35.8,49.3,41.5,76,0,0,0,,0,0,14.5,10.3,193.8,1018,30.2,3.7,158.2,13.6,6,,2021-12-24T06:51:42,2021-12-24T17:14:57,0.67,Partially cloudy,Partly cloudy throughout the day.,partly-cloudy-day,"44454099999,VNKT,remote,44449099999"
kathmandu,2021-12-25,60.8,41,49.6,60.8,39.1,49.3,42.8,79.7,0,0,0,,0,0,14.1,8.1,283.8,1019,41.3,3.2,138.2,11.8,6,,2021-12-25T06:52:08,2021-12-25T17:15:30,0.71,Partially cloudy,Becoming cloudy in the afternoon.,partly-cloudy-day,"44454099999,VNKT,44449099999"
kathmandu,2021-12-26,60.8,41,49.6,60.8,39.1,49.2,41.8,77.4,0,0,0,,0,0,13.6,8,192.1,1021.5,54.3,3.1,116.1,9.9,5,,2021-12-26T06:52:33,2021-12-26T17:16:05,0.74,Partially cloudy,Becoming cloudy in the afternoon.,partly-cloudy-day,"44454099999,VNKT,44449099999"
kathmandu,2021-12-27,60.8,42.8,50,60.8,41.2,49.8,42.4,77.7,0,0,0,,0,0,14.8,8.1,263.1,1022.3,44.6,2.7,134.1,11.5,5,,2021-12-27T06:52:57,2021-12-27T17:16:41,0.75,Partially cloudy,Partly cloudy throughout the day.,partly-cloudy-day,"44454099999,VNKT,44449099999"
kathmandu,2021-12-28,59,39.2,49,59,37.1,48.7,42.1,78.8,0,0,0,,0,0,13.9,5.8,88.4,1021.9,73.9,2.2,96.3,8.2,4,,2021-12-28T06:53:19,2021-12-28T17:17:18,0.81,Partially cloudy,Partly cloudy throughout the day.,partly-cloudy-day,"44454099999,VNKT,44449099999"
kathmandu,2021-12-29,50,44.6,46.1,50,42.1,45.1,45.7,98.6,1.472,100,8.33,rain,0,0,30.6,8.1,136.1,1021.7,91.4,2.6,28.8,2.5,2,,2021-12-29T06:53:40,2021-12-29T17:17:56,0.85,"Rain, Overcast",Cloudy skies throughout the day with rain in the morning and afternoon.,rain,"44454099999,VNKT,44449099999"
kathmandu,2021-12-30,55.5,42.8,47.7,55.5,41.2,47.4,44.8,90.7,0.339,100,4.17,rain,0,0,15.7,3.4,172.5,1024.7,75.7,3,140.3,12,5,,2021-12-30T06:54:00,2021-12-30T17:18:34,0.88,"Rain, Partially cloudy",Partly cloudy throughout the day with morning rain.,rain,"44454099999,VNKT,remote,44449099999"
kathmandu,2021-12-31,59,41,47.2,59,40,46.8,42,84.9,0,0,0,,0,0,16.6,8,264.3,1024.2,47.4,2.4,153.4,13.2,6,,2021-12-31T06:54:18,2021-12-31T17:19:14,0.91,Partially cloudy,Partly cloudy throughout the day.,partly-cloudy-day,"44454099999,VNKT,44449099999"
kathmandu,2022-01-01,62.6,39,48.9,62.6,35.8,48.6,42.1,80.7,0,0,0,,0,0,14.8,8.1,270.8,1023.8,39.3,3.2,163.7,14.3,6,,2022-01-01T06:54:35,2022-01-01T17:19:54,0.95,Partially cloudy,Clearing in the afternoon.,partly-cloudy-day,"44454099999,VNKT,44449099999"
kathmandu,2022-01-02,64.4,39.9,50.4,64.4,38.5,50.1,42.6,77.9,0,0,0,,0,0,15.4,6.9,140.5,1022.3,33.7,3.4,159.9,13.8,7,,2022-01-02T06:54:50,2022-01-02T17:20:36,0.98,Partially cloudy,Becoming cloudy in the afternoon.,partly-cloudy-day,"44454099999,VNKT,44449099999"
kathmandu,2022-01-03,64.4,40.8,50.6,64.4,40.8,50.5,42.4,76.9,0,0,0,,0,0,15.2,8.1,224.2,1020.6,31.7,3.5,154.8,13.5,6,,2022-01-03T06:55:04,2022-01-03T17:21:18,0,Partially cloudy,Becoming cloudy in the afternoon.,partly-cloudy-day,"44454099999,VNKT,44449099999"
kathmandu,2022-01-04,64.4,40.9,50.7,64.4,39,50.4,42.5,76.6,0,0,0,,0,0,13.9,8.1,213.6,1020.6,35.1,3.3,152.7,13.2,6,,2022-01-04T06:55:16,2022-01-04T17:22:01,0.05,Partially cloudy,Becoming cloudy in the afternoon.,partly-cloudy-day,"44454099999,VNKT,44449099999"
kathmandu,2022-01-05,62.6,42.8,51.9,62.6,42.8,51.7,45.6,81.7,0,0,0,,0,0,14.5,10.7,236.6,1020.6,57.8,3,127,11.1,5,,2022-01-05T06:55:27,2022-01-05T17:22:44,0.08,Partially cloudy,Partly cloudy throughout the day.,partly-cloudy-day,"44454099999,VNKT,44449099999"
kathmandu,2022-01-06,64.4,46.4,54.4,64.4,44.2,54.1,46.9,78.3,0,0,0,,0,0,16.1,11.4,285.4,1020.3,80.9,3.5,140.2,12.1,5,,2022-01-06T06:55:37,2022-01-06T17:23:28,0.11,Partially cloudy,Partly cloudy throughout the day.,partly-cloudy-day,"44454099999,VNKT,44449099999"
kathmandu,2022-01-07,62.6,50,55.1,62.6,50,55.1,48.8,80.5,0,0,0,,0,0,15,10.3,167.2,1021.3,83.3,3.3,113.6,9.8,5,,2022-01-07T06:55:45,2022-01-07T17:24:13,0.15,Partially cloudy,Partly cloudy throughout the day.,partly-cloudy-day,"44454099999,VNKT,44449099999"
kathmandu,2022-01-08,62.6,46.4,54.6,62.6,45.3,54.5,47.6,79,0,0,0,,0,0,15.4,9.2,252.1,1021.4,84.1,3.3,101.1,8.7,6,,2022-01-08T06:55:51,2022-01-08T17:24:58,0.18,Partially cloudy,Partly cloudy throughout the day.,partly-cloudy-day,"44454099999,VNKT,remote,44449099999"
kathmandu,2022-01-09,64.4,46.8,54.8,64.4,46.8,54.7,47.2,77.3,0,0,0,,0,0,20.1,9.2,263.5,1019,71.4,3.5,147,12.9,7,,2022-01-09T06:55:56,2022-01-09T17:25:44,0.25,Partially cloudy,Partly cloudy throughout the day.,partly-cloudy-day,"44454099999,VNKT,44449099999"
kathmandu,2022-01-10,68,48.2,55.4,68,46.3,55.3,47.9,78.3,0,0,0,,0,0,14.8,10.3,248.9,1019.5,62.1,3.8,138.1,12.1,6,,2022-01-10T06:55:59,2022-01-10T17:26:31,0.25,Partially cloudy,Partly cloudy throughout the day.,partly-cloudy-day,"44454099999,VNKT,remote,44449099999"
kathmandu,2022-01-11,64.4,44.6,53.6,64.4,44.6,53.6,46.4,79.2,0,0,0,,0,0,15.9,6.9,168.6,1019.8,50.1,3.5,158.2,13.8,6,,2022-01-11T06:56:01,2022-01-11T17:27:17,0.28,Partially cloudy,Partly cloudy throughout the day.,partly-cloudy-day,"44454099999,VNKT,44449099999"
kathmandu,2022-01-12,62.6,46.4,51.8,62.6,46.4,51.7,44.7,78.2,0,0,0,,0,0,15.2,10.3,210,1018.7,63.4,3.4,132.4,11.5,6,,2022-01-12T06:56:01,2022-01-12T17:28:05,0.31,Partially cloudy,Partly cloudy throughout the day.,partly-cloudy-day,"44454099999,VNKT,44449099999"
kathmandu,2022-01-13,60.8,42.8,50.4,60.8,41.2,50,43.6,80.2,0.236,100,8.33,rain,0,0,14.8,8.1,261.9,1018.5,52.9,4.1,145,12.4,6,,2022-01-13T06:56:00,2022-01-13T17:28:52,0.34,"Rain, Partially cloudy",Clearing in the afternoon with morning rain.,rain,"44454099999,VNKT,44449099999"
kathmandu,2022-01-14,62.6,41,49.5,62.6,39.1,49.3,43.7,83.2,0,0,0,,0,0,15,8.1,209.1,1019.4,45.2,3.2,153.1,13.2,6,,2022-01-14T06:55:57,2022-01-14T17:29:40,0.38,Partially cloudy,Partly cloudy throughout the day.,partly-cloudy-day,"44454099999,VNKT,44449099999"
kathmandu,2022-01-15,62.6,44.2,50.1,62.6,43.2,49.9,44.5,83.5,0,0,0,,0,0,17.9,10.3,208.2,1019.6,46.2,3.4,171.4,14.6,7,,2022-01-15T06:55:52,2022-01-15T17:30:28,0.41,Partially cloudy,Partly cloudy throughout the day.,partly-cloudy-day,"44454099999,VNKT,44449099999"
kathmandu,2022-01-16,64.4,39.2,50.1,64.4,37.1,49.8,42.9,79.4,0,0,0,,0,0,13,9.2,237.1,1021.1,28.9,3.1,173.8,14.9,7,,2022-01-16T06:55:46,2022-01-16T17:31:17,0.44,Partially cloudy,Partly cloudy throughout the day.,partly-cloudy-day,"44454099999,VNKT,44449099999"
kathmandu,2022-01-17,64.4,42.4,51.2,64.4,42,51.1,43.6,78.1,0,0,0,,0,0,14.8,8.1,160,1022.4,65.3,3.3,176.6,15.3,7,,2022-01-17T06:55:38,2022-01-17T17:32:05,0.48,Partially cloudy,Partly cloudy throughout the day.,partly-cloudy-day,"44454099999,VNKT,44449099999"
kathmandu,2022-01-18,64.4,41,51.6,64.4,39.5,51.4,41.7,72.5,0,0,0,,0,0,11.6,11.7,182.4,1019.8,42.5,3.7,149.3,12.9,6,,2022-01-18T06:55:29,2022-01-18T17:32:54,0.5,Partially cloudy,Becoming cloudy in the afternoon.,partly-cloudy-day,"44454099999,VNKT,remote,44449099999"
kathmandu,2022-01-19,64.4,41,51.8,64.4,39.1,51.6,41.3,70.9,0,0,0,,0,0,13.4,10.3,240.2,1017.1,49.8,3.9,191.2,16.5,7,,2022-01-19T06:55:18,2022-01-19T17:33:43,0.54,Partially cloudy,Becoming cloudy in the afternoon.,partly-cloudy-day,"44454099999,VNKT,44449099999"
kathmandu,2022-01-20,55.4,41.3,48.9,55.4,41.3,48.6,43.9,83.3,0.016,100,8.33,rain,0,0,13.2,5.8,93.7,1014.6,87.1,3.1,137.4,11.8,6,,2022-01-20T06:55:05,2022-01-20T17:34:32,0.58,"Rain, Partially cloudy",Partly cloudy throughout the day with rain.,rain,"44454099999,VNKT,remote,44449099999"
kathmandu,2022-01-21,57.2,44.6,49.2,57.2,44.6,49,44.1,83.8,0.142,100,8.33,rain,0,0,13,10.3,125.3,1014.5,76.6,3.6,147.9,12.6,6,,2022-01-21T06:54:51,2022-01-21T17:35:21,0.61,"Rain, Partially cloudy",Partly cloudy throughout the day with rain.,rain,"44454099999,VNKT,44449099999"
kathmandu,2022-01-22,55.4,40.3,48,55.4,39.1,47.8,43.3,85.3,0,0,0,,0,0,14.5,6.9,274.7,1013.8,71.1,3.1,143.7,12.5,6,,2022-01-22T06:54:36,2022-01-22T17:36:10,0.65,Partially cloudy,Partly cloudy throughout the day.,partly-cloudy-day,"44454099999,VNKT,44449099999"
kathmandu,2022-01-23,55.4,41.9,49,55.4,41.2,48.7,43.8,83.4,0.008,100,8.33,rain,0,0,13.9,7.3,100.1,1014.7,71.6,2.9,138.8,11.9,5,,2022-01-23T06:54:19,2022-01-23T17:36:59,0.68,"Rain, Partially cloudy",Partly cloudy throughout the day with morning rain.,rain,"44454099999,VNKT,44449099999"
kathmandu,2022-01-24,58.1,42.8,50,58.1,41.2,49.8,44.1,81.2,0,0,0,,0,0,14.3,8.1,279.9,1015.4,77.5,2.5,121.9,10.6,5,,2022-01-24T06:54:00,2022-01-24T17:37:48,0.72,Partially cloudy,Partly cloudy throughout the day.,partly-cloudy-day,"44454099999,VNKT,44449099999"
kathmandu,2022-01-25,60.8,40.6,49.5,60.8,40.6,49.3,42.2,78.3,0.004,100,4.17,rain,0,0,15.2,10.3,210.2,1015.4,62.4,3.5,152,13.2,6,,2022-01-25T06:53:40,2022-01-25T17:38:37,0.75,"Rain, Partially cloudy",Partly cloudy throughout the day with afternoon rain.,rain,"44454099999,VNKT,remote,44449099999"
kathmandu,2022-01-26,55.8,42.8,48.2,55.8,41.2,47.6,41.2,77.9,0,0,0,,0,0,19.7,12.8,220.4,1015.6,72.9,3.2,75.4,6.3,3,,2022-01-26T06:53:18,2022-01-26T17:39:26,0.79,Partially cloudy,Partly cloudy throughout the day.,partly-cloudy-day,"44454099999,VNKT,44449099999"
kathmandu,2022-01-27,57.2,40.3,47.7,57.2,36.5,46.9,39.4,75,0,0,0,,0,0,16.3,12.8,214,1014.9,63.6,3.2,169.6,14.7,7,,2022-01-27T06:52:55,2022-01-27T17:40:15,0.83,Partially cloudy,Partly cloudy throughout the day.,partly-cloudy-day,"44454099999,VNKT,44449099999"
kathmandu,2022-01-28,57.2,40.5,47.3,57.2,39.1,46.4,38.6,73.8,0,0,0,,0,0,17.2,9.2,212.1,1016,57.6,3.2,159.8,13.6,6,,2022-01-28T06:52:31,2022-01-28T17:41:03,0.86,Partially cloudy,Partly cloudy throughout the day.,partly-cloudy-day,"44454099999,VNKT,44449099999"
kathmandu,2022-01-29,60.8,37.4,47.2,60.8,35,46.8,38.1,73.6,0,0,0,,0,0,16.6,10.3,234,1016.7,36.3,3.2,171,14.7,7,,2022-01-29T06:52:05,2022-01-29T17:41:52,0.9,Partially cloudy,Partly cloudy throughout the day.,partly-cloudy-day,"44454099999,VNKT"
kathmandu,2022-01-30,59,39.2,47.7,59,39.1,47.2,40.9,79,0,0,0,,0,0,15.7,15,185.5,1013,58.6,3.3,108.3,9.4,5,,2022-01-30T06:51:37,2022-01-30T17:42:40,0.93,Partially cloudy,Partly cloudy throughout the day.,partly-cloudy-day,"44454099999,VNKT,remote,44449099999"
kathmandu,2022-01-31,62.6,39.8,49.6,62.6,39.1,49.1,39.6,71.9,0,0,0,,0,0,16.1,12.8,195.8,1014.1,37.7,3.4,130.8,11.3,5,,2022-01-31T06:51:08,2022-01-31T17:43:28,0.97,Partially cloudy,Partly cloudy throughout the day.,partly-cloudy-day,"44454099999,VNKT,44449099999"
kathmandu,2022-02-01,58.8,40.6,47.8,58.8,39.1,47.2,40.5,77.7,0,0,0,,0,0,16.8,11.4,234.5,1011.4,47.7,3,127.2,10.9,5,,2022-02-01T06:50:38,2022-02-01T17:44:16,0,Partially cloudy,Partly cloudy throughout the day.,partly-cloudy-day,"44454099999,VNKT,44449099999"
kathmandu,2022-02-02,57,38.3,46.9,57,36,46.3,41.3,82.1,0,0,0,,0,0,15,10.3,181.4,1014.6,54.1,2.4,99,8.4,4,,2022-02-02T06:50:06,2022-02-02T17:45:03,0.03,Partially cloudy,Partly cloudy throughout the day.,partly-cloudy-day,"44454099999,VNKT,44449099999"
kathmandu,2022-02-03,62.6,39.4,49.6,62.6,39.1,49.5,42.6,79.3,0,0,0,,0,0,15.2,4.9,162,1016,62.1,2.2,163.7,14.1,6,,2022-02-03T06:49:33,2022-02-03T17:45:51,0.07,Partially cloudy,Partly cloudy throughout the day.,partly-cloudy-day,"44454099999,VNKT,44449099999"
kathmandu,2022-02-04,48.5,41,44,47.4,35.8,41.2,42.2,93.6,3.298,100,16.67,rain,0,0,29.8,15,84.6,1013.3,91.6,3.7,57.5,4.9,3,,2022-02-04T06:48:59,2022-02-04T17:46:37,0.1,"Rain, Overcast",Cloudy skies throughout the day with rain.,rain,"44454099999,VNKT,remote,44449099999"
kathmandu,2022-02-05,52,41,45.5,52,39.9,44.7,41.5,87.1,0.638,100,8.33,rain,0,0.5,15.9,9,243.1,1012.8,68,4,146.7,12.7,6,,2022-02-05T06:48:23,2022-02-05T17:47:24,0.13,"Rain, Partially cloudy",Partly cloudy throughout the day with morning rain.,rain,"44454099999,VNKT,44449099999"
kathmandu,2022-02-06,59,39,47.8,59,37.1,47.4,41.3,81,0,0,0,,0,0.2,16.3,8.3,222.2,1016.9,32.3,4,190.2,16.5,7,,2022-02-06T06:47:46,2022-02-06T17:48:10,0.16,Partially cloudy,Partly cloudy throughout the day.,partly-cloudy-day,"44454099999,VNKT,44449099999"
kathmandu,2022-02-07,61.1,41,49.7,61.1,41,49.4,43.5,81.6,0,0,0,,0,0.1,16.8,9.8,228.3,1016.8,41.7,4,153.7,13.3,6,,2022-02-07T06:47:08,2022-02-07T17:48:56,0.19,Partially cloudy,Partly cloudy throughout the day.,partly-cloudy-day,"44454099999,VNKT,44449099999"
kathmandu,2022-02-08,60.8,46,51.4,60.8,44.8,51.3,43.6,77.2,0,0,0,,0,0,16.6,10.3,244.1,1016,64.9,3.9,107.6,9.4,4,,2022-02-08T06:46:28,2022-02-08T17:49:42,0.25,Partially cloudy,Partly cloudy throughout the day.,partly-cloudy-day,"44454099999,VNKT,44449099999"
kathmandu,2022-02-09,63.4,42.1,52.1,63.4,42.1,52,41,70.7,0,0,0,,0,0,18.8,9.2,256.4,1018.2,48,3.8,191.2,16.3,7,,2022-02-09T06:45:47,2022-02-09T17:50:27,0.26,Partially cloudy,Partly cloudy throughout the day.,partly-cloudy-day,"44454099999,VNKT,44449099999"
kathmandu,2022-02-10,62.7,43.9,52.9,62.7,43.2,52.7,42.2,69.8,0,0,0,,0,0,19.9,12.8,279.6,1017.2,44,4.4,203.4,17.5,7,,2022-02-10T06:45:05,2022-02-10T17:51:12,0.29,Partially cloudy,Becoming cloudy in the afternoon.,partly-cloudy-day,"44454099999,VNKT,44449099999"
kathmandu,2022-02-11,62.6,41,50.7,62.6,39.1,50.1,41.2,72.7,0,0,0,,0,0,17.2,15,218.2,1015.5,40.1,4.1,178.8,15.4,7,,2022-02-11T06:44:22,2022-02-11T17:51:56,0.32,Partially cloudy,Partly cloudy throughout the day.,partly-cloudy-day,"44454099999,VNKT,44449099999"
kathmandu,2022-02-12,66.2,41,51.4,66.2,37.9,51,41.9,74.4,0,0,0,,0,0,15.9,4.7,224.1,1015.7,26.9,4.2,212,18.3,8,,2022-02-12T06:43:37,2022-02-12T17:52:40,0.36,Partially cloudy,Partly cloudy throughout the day.,partly-cloudy-day,"44454099999,VNKT,remote,44449099999"
kathmandu,2022-02-13,64.4,44.4,52.2,64.4,43.2,52.1,44,76.4,0,0,0,,0,0,14.5,8.1,197.7,1016.2,39,3.8,123.8,10.7,5,,2022-02-13T06:42:52,2022-02-13T17:53:24,0.39,Partially cloudy,Clearing in the afternoon.,partly-cloudy-day,"44454099999,VNKT,44449099999"
kathmandu,2022-02-14,66.2,42.4,53,66.2,40.7,52.8,45,77.7,0,0,0,,0,0,17.2,9.2,200.3,1016.4,40.1,2.9,199.7,17.3,8,,2022-02-14T06:42:05,2022-02-14T17:54:07,0.42,Partially cloudy,Partly cloudy throughout the day.,partly-cloudy-day,"44454099999,VNKT,44449099999"
kathmandu,2022-02-15,66.2,46.4,54.7,66.2,45.3,54.6,45.3,74.1,0,0,0,,0,0,17.2,9.9,196.8,1015.9,40,3.5,189.9,16.4,7,,2022-02-15T06:41:18,2022-02-15T17:54:50,0.45,Partially cloudy,Clearing in the afternoon.,partly-cloudy-day,"44454099999,VNKT,44449099999"
kathmandu,2022-02-16,64.5,43.4,53.5,64.5,43.2,53.2,43.8,73.1,0.004,100,4.17,rain,0,0,19,11.4,251.9,1013.3,28.2,3.5,204,17.6,8,,2022-02-16T06:40:29,2022-02-16T17:55:32,0.5,"Rain, Partially cloudy",Partly cloudy throughout the day with early morning rain.,rain,"44454099999,VNKT,remote,44449099999"
kathmandu,2022-02-17,68,42.8,53.4,68,41.2,53.1,41.8,68.8,0,0,0,,0,0,17.4,9.2,264.1,1013.1,29.1,3.8,192.9,16.6,7,,2022-02-17T06:39:39,2022-02-17T17:56:14,0.52,Partially cloudy,Partly cloudy throughout the day.,partly-cloudy-day,"44454099999,VNKT,remote,44449099999"
kathmandu,2022-02-18,66.2,42.3,53.8,66.2,41.2,53.5,44.2,73,0,0,0,,0,0,18.8,8.1,205.2,1014.9,30.7,3.5,195.7,17,7,,2022-02-18T06:38:48,2022-02-18T17:56:56,0.56,Partially cloudy,Partly cloudy throughout the day.,partly-cloudy-day,"44454099999,VNKT,remote,44449099999"
kathmandu,2022-02-19,65.8,47.5,54.7,65.8,47.5,54.7,43.8,69.6,0,0,0,,0,0,19.9,12.8,264.5,1014.4,53.1,3.5,202.1,17.5,7,,2022-02-19T06:37:56,2022-02-19T17:57:37,0.59,Partially cloudy,Partly cloudy throughout the day.,partly-cloudy-day,"44454099999,VNKT,44449099999"
kathmandu,2022-02-20,64.3,42.8,51.1,64.3,38.6,50.7,40.3,70.4,0,0,0,,0,0,20.8,19.7,192.3,1009.7,47.2,3.8,158.5,13.6,7,,2022-02-20T06:37:04,2022-02-20T17:58:18,0.63,Partially cloudy,Becoming cloudy in the afternoon.,partly-cloudy-day,"44454099999,VNKT,remote,44449099999"
kathmandu,2022-02-21,60.8,41,50.2,60.8,39.1,50,40.5,72.2,0.142,100,8.33,rain,0,0,15.9,13.9,207,1011.4,45.2,4,200.5,17.3,7,,2022-02-21T06:36:10,2022-02-21T17:58:58,0.66,"Rain, Partially cloudy",Partly cloudy throughout the day with rain.,rain,"44454099999,VNKT,44449099999"
kathmandu,2022-02-22,63,42.3,51.8,63,41.2,51.5,43.1,74,0,0,0,,0,0,17.9,12.8,205.2,1017.9,45.7,3.6,186.7,16.1,7,,2022-02-22T06:35:16,2022-02-22T17:59:38,0.7,Partially cloudy,Becoming cloudy in the afternoon.,partly-cloudy-day,"44454099999,VNKT,remote,44449099999"
kathmandu,2022-02-23,68,43.9,55.3,68,43.2,55.1,45.1,72,0,0,0,,0,0,18.1,10.1,278,1021.1,34.4,3.2,222,19.2,8,,2022-02-23T06:34:20,2022-02-23T18:00:17,0.73,Partially cloudy,Partly cloudy throughout the day.,partly-cloudy-day,"44454099999,VNKT,44449099999"
kathmandu,2022-02-24,70,45.7,57,70,45.3,56.9,45.6,68.5,0,0,0,,0,0,16.8,9.2,224.8,1020.2,36.2,3.7,222.3,19.3,8,,2022-02-24T06:33:24,2022-02-24T18:00:56,0.75,Partially cloudy,Becoming cloudy in the afternoon.,partly-cloudy-day,"44454099999,VNKT,44449099999"
kathmandu,2022-02-25,64.4,48.2,55.4,64.4,47.3,55.3,44.7,69.7,0.012,100,4.17,rain,0,0,17,12.2,264.6,1021,72.8,3.6,181.4,15.6,8,,2022-02-25T06:32:27,2022-02-25T18:01:35,0.8,"Rain, Partially cloudy",Partly cloudy throughout the day with afternoon rain.,rain,"44454099999,VNKT,remote,44449099999"
kathmandu,2022-02-26,69.2,43.9,56.7,69.2,43.9,56.7,42.4,61.7,0,0,0,,0,0,18.6,11.4,298.2,1022,29.3,4.4,227.4,19.8,8,,2022-02-26T06:31:29,2022-02-26T18:02:13,0.84,Partially cloudy,Partly cloudy throughout the day.,partly-cloudy-day,"44454099999,VNKT,44449099999"
kathmandu,2022-02-27,69.8,46.4,57,69.8,46.4,57,42.2,62.2,0,0,0,,0,0,18.6,13.9,296.3,1020.5,41,4.4,226.5,19.6,8,,2022-02-27T06:30:31,2022-02-27T18:02:51,0.88,Partially cloudy,Partly cloudy throughout the day.,partly-cloudy-day,"44454099999,VNKT,44449099999"
kathmandu,2022-02-28,71.1,44.6,57.1,71.1,42.5,56.8,44,64.7,0,0,0,,0,0,18.6,14.8,277.1,1018.7,30,4.1,247.4,21.3,9,,2022-02-28T06:29:31,2022-02-28T18:03:29,0.91,Partially cloudy,Partly cloudy throughout the day.,partly-cloudy-day,"44454099999,VNKT,44449099999"
kathmandu,2022-03-01,72.1,46.4,58.5,72.1,45.3,58.5,47.6,69.8,0,0,0,,0,0,16.1,10.3,221.9,1020.4,28.6,3.9,233.6,20,8,,2022-03-01T06:28:31,2022-03-01T18:04:06,0.95,Partially cloudy,Partly cloudy throughout the day.,partly-cloudy-day,"44454099999,VNKT,44449099999"
kathmandu,2022-03-02,71.8,48,58.7,71.8,47.3,58.7,46.8,68.6,0,0,0,,0,0,22.8,15,284.4,1020.3,27.5,4,233.6,20.2,8,,2022-03-02T06:27:31,2022-03-02T18:04:43,0,Partially cloudy,Partly cloudy throughout the day.,partly-cloudy-day,"44454099999,VNKT,44449099999"
kathmandu,2022-03-03,72.7,47.5,59,72.7,47.3,59,47.7,68.8,0,0,0,,0,0,23,22.1,222.5,1019.5,30.1,4.2,246.8,21.3,9,,2022-03-03T06:26:30,2022-03-03T18:05:19,0.02,Partially cloudy,Partly cloudy throughout the day.,partly-cloudy-day,"44454099999,VNKT,44449099999"
kathmandu,2022-03-04,74.8,48.9,60.4,74.8,48.9,60.4,44.4,61.3,0,0,0,,0,0,23,14.8,273,1018.1,29.9,4.4,253.8,22,9,,2022-03-04T06:25:28,2022-03-04T18:05:55,0.05,Partially cloudy,Partly cloudy throughout the day.,partly-cloudy-day,"44454099999,VNKT,44449099999"
kathmandu,2022-03-05,74.7,47.7,60.5,74.7,47.7,60.5,45,60.8,0,0,0,,0,0,21,17.2,258.9,1016.9,25,4.4,255.2,21.9,9,,2022-03-05T06:24:25,2022-03-05T18:06:31,0.08,Partially cloudy,Partly cloudy throughout the day.,partly-cloudy-day,"44454099999,VNKT,44449099999"
kathmandu,2022-03-06,77.4,49.1,61.8,77.4,49.1,61.8,49.4,67.5,0,0,0,,0,0,17,12.6,212.3,1019,26.8,3.8,262.4,22.5,9,,2022-03-06T06:23:23,2022-03-06T18:07:06,0.11,Partially cloudy,Partly cloudy throughout the day.,partly-cloudy-day,"44454099999,VNKT,remote,44449099999"
kathmandu,2022-03-07,80.6,51.6,64.6,79.3,51.6,64.6,50.3,65.2,0,0,0,,0,0,17.9,13.5,224.6,1020.6,34.4,3.9,253.4,21.9,9,,2022-03-07T06:22:19,2022-03-07T18:07:42,0.15,Partially cloudy,Becoming cloudy in the afternoon.,partly-cloudy-day,"44454099999,VNKT,44449099999"
kathmandu,2022-03-08,82.1,51.8,65.5,80.1,51.8,65.3,46.8,58.1,0,0,0,,0,0,18.6,17.9,199.4,1018.4,27.9,4.5,233.9,20.3,9,,2022-03-08T06:21:15,2022-03-08T18:08:16,0.18,Partially cloudy,Partly cloudy throughout the day.,partly-cloudy-day,"44454099999,VNKT,44449099999"
kathmandu,2022-03-09,82.1,52.3,65.7,80.4,52.3,65.5,47.2,56.7,0,0,0,,0,0,17.4,12.8,211.4,1017.8,28,4.6,244.2,21,9,,2022-03-09T06:20:11,2022-03-09T18:08:51,0.21,Partially cloudy,Partly cloudy throughout the day.,partly-cloudy-day,"44454099999,VNKT,44449099999"
kathmandu,2022-03-10,78.4,53.2,64.8,78.4,53.2,64.8,51.2,64.2,0,0,0,,0,0,18.8,13.9,198.5,1017.5,52.2,3.9,247.9,21.2,9,,2022-03-10T06:19:06,2022-03-10T18:09:25,0.25,Partially cloudy,Partly cloudy throughout the day.,partly-cloudy-day,"44454099999,VNKT,remote,44449099999"
kathmandu,2022-03-11,78.6,53.6,65.2,78.6,53.6,65.2,50.6,63.8,0,0,0,,0,0,18.6,15.3,204.6,1016.9,28,4.3,235.3,20.4,9,,2022-03-11T06:18:01,2022-03-11T18:09:59,0.27,Partially cloudy,Partly cloudy throughout the day.,partly-cloudy-day,"44454099999,VNKT,44449099999"
kathmandu,2022-03-12,79.5,52.7,65.5,79.5,52.7,65.5,50.4,61.9,0,0,0,,0,0,15.4,18.9,195.1,1016.4,31.7,4.1,254.8,21.9,9,,2022-03-12T06:16:55,2022-03-12T18:10:33,0.31,Partially cloudy,Becoming cloudy in the afternoon.,partly-cloudy-day,"44454099999,VNKT,44449099999"
kathmandu,2022-03-13,82.1,54.4,66.8,81,54.4,66.6,50.5,59.9,0,0,0,,0,0,15.2,12.2,239.2,1017.5,28,4.3,276.9,23.8,9,,2022-03-13T06:15:49,2022-03-13T18:11:06,0.34,Partially cloudy,Partly cloudy throughout the day.,partly-cloudy-day,"44454099999,VNKT,44449099999"
kathmandu,2022-03-14,83.9,55,68.4,82.2,55,68.2,51.8,59.1,0,0,0,,0,0,13.9,12.1,196.7,1017.3,28.8,4.5,271.6,23.4,9,,2022-03-14T06:14:43,2022-03-14T18:11:40,0.37,Partially cloudy,Partly cloudy throughout the day.,partly-cloudy-day,"44454099999,VNKT,remote,44449099999"
kathmandu,2022-03-15,85.4,57,69.7,84.3,57,69.5,54.7,62.4,0,0,0,,0,0,15.2,13.9,198.1,1014.5,28,3.9,253.8,21.9,9,,2022-03-15T06:13:37,2022-03-15T18:12:13,0.4,Partially cloudy,Partly cloudy throughout the day.,partly-cloudy-day,"44454099999,VNKT,44449099999"
kathmandu,2022-03-16,81.1,57.2,68.4,81.1,57.2,68.3,57.1,70,0.004,100,4.17,rain,0,0,14.8,13.9,182.4,1013.2,37.6,3.7,233.5,20.2,7,,2022-03-16T06:12:30,2022-03-16T18:12:46,0.43,"Rain, Partially cloudy",Becoming cloudy in the afternoon with morning rain.,rain,"44454099999,VNKT,remote,44449099999"
kathmandu,2022-03-17,82.6,58.3,69.7,82,58.3,69.6,56.8,67.1,0.394,100,8.33,rain,0,0,14.3,11.4,144.3,1015.9,32.3,3.7,275.8,23.6,9,,2022-03-17T06:11:23,2022-03-17T18:13:18,0.47,"Rain, Partially cloudy",Partly cloudy throughout the day with morning rain.,rain,"44454099999,VNKT,44449099999"
kathmandu,2022-03-18,87.9,58.3,70.7,87.7,58.3,70.6,56.7,64,0,0,0,,0,0,14.3,9.2,235.6,1015.4,28.3,3.7,272.8,23.5,9,,2022-03-18T06:10:16,2022-03-18T18:13:51,0.5,Partially cloudy,Partly cloudy throughout the day.,partly-cloudy-day,"44454099999,VNKT,remote,44449099999"
kathmandu,2022-03-19,86,59.7,71.6,85.1,59.7,71.4,53.7,56.5,0,0,0,,0,0,20.6,13.9,270.6,1014,28,4.2,260.9,22.5,8,,2022-03-19T06:09:09,2022-03-19T18:14:23,0.53,Partially cloudy,Partly cloudy throughout the day.,partly-cloudy-day,"44454099999,VNKT,44449099999"
kathmandu,2022-03-20,83.5,58.3,70.7,82.3,58.3,70.5,53,56,0,0,0,,0,0,18.6,16.1,218.7,1012.7,28.1,4.1,251.2,21.5,9,,2022-03-20T06:08:01,2022-03-20T18:14:55,0.57,Partially cloudy,Partly cloudy throughout the day.,partly-cloudy-day,"44454099999,VNKT,remote,44449099999"
kathmandu,2022-03-21,83.1,55.7,69.3,82.5,55.7,69.3,55.2,63.2,0,0,0,,0,0,19.2,22.3,197,1012.4,34.1,3.4,228.2,19.7,8,,2022-03-21T06:06:54,2022-03-21T18:15:27,0.61,Partially cloudy,Partly cloudy throughout the day.,partly-cloudy-day,"44454099999,VNKT,remote,44449099999"
kathmandu,2022-03-22,82.4,59.1,68.9,81.6,59.1,68.8,55.3,64.6,0,0,0,,0,0,18.1,13.9,148.3,1014.2,39.7,3.6,236.2,20.3,8,,2022-03-22T06:05:46,2022-03-22T18:15:59,0.64,Partially cloudy,Becoming cloudy in the afternoon.,partly-cloudy-day,"44454099999,VNKT,remote,44449099999"
kathmandu,2022-03-23,82.9,60.4,69.4,81.8,60.4,69.2,53.6,61.1,0,0,0,,0,0,15.7,15,190.2,1014.8,51.5,3.6,236,20.3,8,,2022-03-23T06:04:38,2022-03-23T18:16:31,0.68,Partially cloudy,Partly cloudy throughout the day.,partly-cloudy-day,"44454099999,VNKT,44449099999"
kathmandu,2022-03-24,81,57.2,67.6,80.9,57.2,67.6,54,64.9,0,0,0,,0,0,19.5,26.4,282.3,1012,49,3.7,236.9,20.5,8,,2022-03-24T06:03:30,2022-03-24T18:17:03,0.71,Partially cloudy,Becoming cloudy in the afternoon.,partly-cloudy-day,"44454099999,VNKT,44449099999"
kathmandu,2022-03-25,81.3,55.5,68.2,79.7,55.5,68,46.9,55.3,0.016,100,8.33,rain,0,0,30,21.6,299.6,1011.3,27.7,4.5,277.6,24.1,10,,2022-03-25T06:02:23,2022-03-25T18:17:34,0.75,"Rain, Partially cloudy",Partly cloudy throughout the day with rain.,rain,"44454099999,VNKT,44449099999"
kathmandu,2022-03-26,81,56.8,68.8,79.7,56.8,68.6,44.9,46.7,0,0,0,,0,0,17.2,12.2,216.9,1013.5,36.8,4.1,243.2,20.8,8,,2022-03-26T06:01:15,2022-03-26T18:18:06,0.78,Partially cloudy,Becoming cloudy in the afternoon.,partly-cloudy-day,"44454099999,VNKT,44449099999"
kathmandu,2022-03-27,80.6,55.4,67.9,79.7,55.4,67.8,47.8,50.5,0,0,0,,0,0,15.4,21.2,191.5,1016.3,41.8,3.6,285.5,24.5,10,,2022-03-27T06:00:07,2022-03-27T18:18:38,0.82,Partially cloudy,Partly cloudy throughout the day.,partly-cloudy-day,"44454099999,VNKT,remote,44449099999"
kathmandu,2022-03-28,78.8,60.4,69,78.8,60.4,69,55.2,62.8,0,0,0,,0,0,18.3,21.2,215.9,1015.2,71.3,3,205.1,17.8,8,,2022-03-28T05:59:00,2022-03-28T18:19:09,0.86,Partially cloudy,Partly cloudy throughout the day.,partly-cloudy-day,"44454099999,VNKT,remote,44449099999"
kathmandu,2022-03-29,78.2,61.9,68.4,78.2,61.9,68.4,59.1,73.2,0,0,0,,0,0,16.6,13.9,205,1014,82.5,2.9,228.3,19.7,7,,2022-03-29T05:57:52,2022-03-29T18:19:40,0.89,Partially cloudy,Partly cloudy throughout the day.,partly-cloudy-day,"44454099999,VNKT,44449099999"
kathmandu,2022-03-30,76.9,58.9,68.4,76.9,58.9,68.4,62.4,82.1,0,0,0,,0,0,17.7,8.1,276.5,1014.4,75.7,2.4,193.9,16.7,8,,2022-03-30T05:56:45,2022-03-30T18:20:12,0.93,Partially cloudy,Partly cloudy throughout the day.,partly-cloudy-day,"44454099999,VNKT,remote,44449099999"
kathmandu,2022-03-31,78.6,64.2,70,78.6,64.2,70,62,76.8,0,0,0,,0,0,16.3,19.8,233.6,1014.6,68.6,2.7,145.9,12.4,6,,2022-03-31T05:55:37,2022-03-31T18:20:43,0.96,Partially cloudy,Partly cloudy throughout the day.,partly-cloudy-day,"44454099999,VNKT,44449099999"
kathmandu,2022-04-01,77.9,62.6,69.8,77.9,62.6,69.8,62.9,80,0,0,0,,0,0,18.6,10.3,284.8,1014.4,72.8,2.8,191.6,16.5,7,,2022-04-01T05:54:30,2022-04-01T18:21:15,0,Partially cloudy,Partly cloudy throughout the day.,partly-cloudy-day,"44454099999,VNKT,44449099999"
kathmandu,2022-04-02,80.5,64.4,71.7,82.3,64.4,71.8,64.1,78.2,0.008,100,4.17,rain,0,0,16.6,14.3,224.9,1017,70.1,2.8,202.6,17.6,8,,2022-04-02T05:53:24,2022-04-02T18:21:46,0.03,"Rain, Partially cloudy",Partly cloudy throughout the day with afternoon rain.,rain,"44454099999,VNKT,44449099999"
kathmandu,2022-04-03,83.7,65.5,73,83.8,65.5,73.1,61,68.6,0,0,0,,0,0,20.8,12.8,251.8,1015.6,71.5,3.3,203.8,17.6,7,,2022-04-03T05:52:17,2022-04-03T18:22:17,0.06,Partially cloudy,Partly cloudy throughout the day.,partly-cloudy-day,"44454099999,VNKT,44449099999"
kathmandu,2022-04-04,82.4,64,72.5,81.8,64,72.4,58.5,63.4,0,0,0,,0,0,17.7,15,205.9,1014.9,48.3,3.6,250.4,21.4,9,,2022-04-04T05:51:11,2022-04-04T18:22:49,0.1,Partially cloudy,Partly cloudy throughout the day.,partly-cloudy-day,"44454099999,VNKT,44449099999"
kathmandu,2022-04-05,85.7,61.6,73.9,85.3,61.6,73.5,57,59.6,0,0,0,,0,0,20.8,16.1,215.6,1018.3,28.1,3.8,268.1,23.2,9,,2022-04-05T05:50:05,2022-04-05T18:23:20,0.13,Partially cloudy,Partly cloudy throughout the day.,partly-cloudy-day,"44454099999,VNKT,44449099999"
kathmandu,2022-04-06,83.6,62.6,72.8,83.2,62.6,72.7,56.3,58,0,0,0,,0,0,20.1,18.8,213.8,1018.6,38.9,3.6,272.9,23.6,10,,2022-04-06T05:48:59,2022-04-06T18:23:52,0.16,Partially cloudy,Partly cloudy throughout the day.,partly-cloudy-day,"44454099999,VNKT,44449099999"
kathmandu,2022-04-07,83.5,62.2,71.9,83.4,62.2,71.9,58.5,64,0,0,0,,0,0,20.1,17.2,211.6,1017.9,42.3,3.8,247.4,21.5,8,,2022-04-07T05:47:54,2022-04-07T18:24:23,0.19,Partially cloudy,Becoming cloudy in the afternoon.,partly-cloudy-day,"44454099999,VNKT,remote,44449099999"
kathmandu,2022-04-08,83.1,61.6,72.2,82.7,61.6,72.1,56.7,60.5,0,0,0,,0,0,22.4,10.4,254.7,1015.9,36.1,3.7,244.6,21.2,9,,2022-04-08T05:46:49,2022-04-08T18:24:55,0.23,Partially cloudy,Partly cloudy throughout the day.,partly-cloudy-day,"44454099999,VNKT,44449099999"
kathmandu,2022-04-09,78.8,63.4,69.3,78.8,63.4,69.3,60.3,74.1,0.07,100,8.33,rain,0,0,23,10.2,95.9,1014.8,74.8,2.9,230.1,19.9,8,,2022-04-09T05:45:44,2022-04-09T18:25:27,0.25,"Rain, Partially cloudy",Partly cloudy throughout the day with morning rain.,rain,"44454099999,VNKT,44449099999"
kathmandu,2022-04-10,78.8,62.2,69.5,78.8,62.2,69.5,61.6,77.4,0.078,100,8.33,rain,0,0,21.3,11.7,280.3,1013.6,77.9,2.9,206.5,17.9,8,,2022-04-10T05:44:40,2022-04-10T18:25:59,0.29,"Rain, Partially cloudy",Partly cloudy throughout the day with morning rain.,rain,"44454099999,VNKT,44449099999"
kathmandu,2022-04-11,82.4,60.6,71.3,82.9,60.6,71.4,61.7,73.7,0.062,100,8.33,rain,0,0,19.9,16.2,244.7,1013.1,44.6,3.9,151.8,13.2,6,,2022-04-11T05:43:36,2022-04-11T18:26:30,0.32,"Rain, Partially cloudy",Partly cloudy throughout the day with morning rain.,rain,"44454099999,VNKT,44449099999"
kathmandu,2022-04-12,82.4,66,72.7,84.6,66,72.9,64.8,77,0.02,100,8.33,rain,0,0,15.9,15,218.4,1013.6,68.3,3.9,201,17.4,7,,2022-04-12T05:42:33,2022-04-12T18:27:02,0.35,"Rain, Partially cloudy",Partly cloudy throughout the day with late afternoon rain.,rain,"44454099999,VNKT,44449099999"
kathmandu,2022-04-13,83.9,65.2,73.5,85.8,65.2,73.8,64.4,75.2,0,0,0,,0,0,21.7,20.3,228.9,1012,56.6,3.7,201.7,17.4,7,,2022-04-13T05:41:30,2022-04-13T18:27:35,0.39,Partially cloudy,Partly cloudy throughout the day.,partly-cloudy-day,"44454099999,VNKT,44449099999"
kathmandu,2022-04-14,86.4,61.9,73.7,83.8,61.9,73,52.2,55.8,0.236,100,8.33,rain,0,0,29.5,15.7,297.8,1011.3,38.1,4.5,291.3,25.2,10,,2022-04-14T05:40:28,2022-04-14T18:28:07,0.42,"Rain, Partially cloudy",Clearing in the afternoon with morning rain.,rain,"44454099999,VNKT,44449099999"
kathmandu,2022-04-15,86.5,59.9,73.6,83.5,59.9,72.7,43.6,37.7,0,0,0,,0,0,26.8,12.8,328.3,1010.8,27,4.8,282.7,24.6,10,,2022-04-15T05:39:26,2022-04-15T18:28:39,0.45,Partially cloudy,Partly cloudy throughout the day.,partly-cloudy-day,"44454099999,VNKT,44449099999"
kathmandu,2022-04-16,86,59,72.4,82.7,59,71.6,41.2,37,0,0,0,,0,0,24.2,16.1,299.8,1010.8,27.7,4.7,296.6,25.7,10,,2022-04-16T05:38:25,2022-04-16T18:29:12,0.48,Partially cloudy,Partly cloudy throughout the day.,partly-cloudy-day,"44454099999,VNKT,remote,44449099999"
kathmandu,2022-04-17,84.2,58.3,72.2,81.3,58.3,71.4,38.5,34.1,0,0,0,,0,0,22.6,16.1,310.7,1012.5,26,4.6,296,25.5,10,,2022-04-17T05:37:25,2022-04-17T18:29:44,0.5,Partially cloudy,Partly cloudy throughout the day.,partly-cloudy-day,"44454099999,VNKT,44449099999"
kathmandu,2022-04-18,87.8,58.7,72.2,85.2,58.7,71.7,50,48.1,0,0,0,,0,0,21.3,12.8,206.9,1014.7,29.3,3.7,312.8,27,10,,2022-04-18T05:36:25,2022-04-18T18:30:17,0.55,Partially cloudy,Partly cloudy throughout the day.,partly-cloudy-day,"44454099999,VNKT,44449099999"
kathmandu,2022-04-19,83.1,63.5,71.3,83.8,63.5,71.4,59.7,68.4,0,0,0,,0,0,21,14.5,324.2,1015.8,61.1,2.8,276.7,23.9,10,,2022-04-19T05:35:25,2022-04-19T18:30:50,0.59,Partially cloudy,Partly cloudy throughout the day.,partly-cloudy-day,"44454099999,VNKT,44449099999"
kathmandu,2022-04-20,77.5,59.8,67.5,77.5,59.8,67.5,60.6,80.1,0.156,100,16.67,rain,0,0,14.8,10.3,114.8,1015,71.2,3.2,196.2,16.8,7,,2022-04-20T05:34:27,2022-04-20T18:31:23,0.62,"Rain, Partially cloudy",Partly cloudy throughout the day with rain.,rain,"44454099999,VNKT,44449099999"
kathmandu,2022-04-21,84.2,63.7,72.3,84.5,63.7,72.4,61.5,71.2,0.016,100,8.33,rain,0,0,15.7,10.3,238,1015.2,58.8,4.1,232.5,20.2,8,,2022-04-21T05:33:29,2022-04-21T18:31:56,0.66,"Rain, Partially cloudy",Partly cloudy throughout the day with rain.,rain,"44454099999,VNKT,44449099999"
kathmandu,2022-04-22,82.6,60.7,71.1,83,60.7,71,59.3,68.7,0,0,0,,0,0,21.3,23.7,287.3,1015.2,51.5,4.1,227.7,19.7,9,,2022-04-22T05:32:32,2022-04-22T18:32:29,0.69,Partially cloudy,Partly cloudy throughout the day.,partly-cloudy-day,"44454099999,VNKT,44449099999"
kathmandu,2022-04-23,85.7,59,71.7,83.9,59,71.4,52.9,55.3,0.078,100,8.33,rain,0,0,27.3,13.9,302.3,1014.5,28.7,4.6,304.1,26.1,10,,2022-04-23T05:31:35,2022-04-23T18:33:02,0.75,"Rain, Partially cloudy",Partly cloudy throughout the day with morning rain.,rain,"44454099999,VNKT,44449099999"
kathmandu,2022-04-24,86.9,60.8,73.6,84.1,60.8,73,49.5,46.7,0,0,0,,0,0,25.9,15,286.5,1012.2,28,3.8,307,26.7,10,,2022-04-24T05:30:40,2022-04-24T18:33:36,0.77,Partially cloudy,Partly cloudy throughout the day.,partly-cloudy-day,"44454099999,VNKT,44449099999"
kathmandu,2022-04-25,88,59.8,73.7,85.2,59.8,73.1,49.7,45.6,0,0,0,,0,0,20.8,10.8,258.5,1012.3,28.1,3.3,318.7,27.6,10,,2022-04-25T05:29:45,2022-04-25T18:34:10,0.8,Partially cloudy,Partly cloudy throughout the day.,partly-cloudy-day,"44454099999,VNKT,44449099999"
kathmandu,2022-04-26,89.9,60.8,74.4,87.9,60.8,73.8,52.2,49.3,0,0,0,,0,0,25.3,15,268.4,1012.7,31.7,3.4,289.5,25.1,10,,2022-04-26T05:28:51,2022-04-26T18:34:43,0.84,Partially cloudy,Partly cloudy throughout the day.,partly-cloudy-day,"44454099999,VNKT,44449099999"
kathmandu,2022-04-27,86,61.9,74.2,84.9,61.9,73.9,54.1,51.4,0,0,0,,0,0,22.8,13.9,269.5,1013.3,27.3,3.7,320.7,27.8,10,,2022-04-27T05:27:58,2022-04-27T18:35:17,0.87,Partially cloudy,Partly cloudy throughout the day.,partly-cloudy-day,"44454099999,VNKT,remote,44449099999"
kathmandu,2022-04-28,84.9,64,74.7,85.3,64,74.8,60.1,61.9,0,0,0,,0,0,19.5,12.6,261,1015.1,39.3,3.4,302.6,26.3,10,,2022-04-28T05:27:06,2022-04-28T18:35:51,0.91,Partially cloudy,Partly cloudy throughout the day.,partly-cloudy-day,"44454099999,VNKT,44449099999"
kathmandu,2022-04-29,80.6,64.4,70.1,81.1,64.4,70.2,59.7,70.7,0,0,0,,0,0,20.8,12.8,166.2,1014.2,60.3,3.6,248.7,21.4,8,,2022-04-29T05:26:14,2022-04-29T18:36:26,0.94,Partially cloudy,Partly cloudy throughout the day.,partly-cloudy-day,"44454099999,VNKT,44449099999"
kathmandu,2022-04-30,71.6,61.6,65.3,71.6,61.6,65.3,60.3,83.9,0.394,100,16.67,rain,0,0,30,9.2,90,1013.1,76.4,3.8,228.2,19.7,9,,2022-04-30T05:25:24,2022-04-30T18:37:00,0.98,"Rain, Partially cloudy",Partly cloudy throughout the day with rain.,rain,"44454099999,VNKT,44449099999"
kathmandu,2022-05-01,82.7,60.8,70.3,84.1,60.8,70.4,60.1,72.3,0.04,100,8.33,rain,0,0,15.7,11.7,242.4,1012.5,57.2,4.1,230.1,19.9,8,,2022-05-01T05:24:34,2022-05-01T18:37:34,0,"Rain, Partially cloudy",Partly cloudy throughout the day with rain.,rain,"44454099999,VNKT,44449099999"
kathmandu,2022-05-02,84,60.8,66.8,83.6,60.8,66.8,61.2,84.3,0,0,0,,0,0,14.3,13.9,95.2,1013.2,82.1,3.2,174.3,15.1,8,,2022-05-02T05:23:46,2022-05-02T18:38:09,0.05,Partially cloudy,Partly cloudy throughout the day.,partly-cloudy-day,"44454099999,VNKT,44449099999"
kathmandu,2022-05-03,79.4,57.2,68.6,79.4,57.2,68.6,60.2,77.2,3.464,100,8.33,rain,0,0,15.7,10.3,214,1013.5,56.8,4.7,251.2,21.6,9,,2022-05-03T05:22:58,2022-05-03T18:38:43,0.08,"Rain, Partially cloudy",Partly cloudy throughout the day with morning rain.,rain,"44454099999,VNKT,44449099999"
kathmandu,2022-05-04,80.6,65.2,70.2,81.5,65.2,70.2,62.7,78.1,0,0,0,,0,0,16.3,9.2,246.8,1015.3,82.3,4.3,202.4,17.5,7,,2022-05-04T05:22:12,2022-05-04T18:39:18,0.11,Partially cloudy,Partly cloudy throughout the day.,partly-cloudy-day,"44454099999,VNKT,44449099999"
kathmandu,2022-05-05,80,58.7,69.7,81.3,58.7,69.8,61.1,76.4,2.048,100,8.33,rain,0,0,14.3,10.3,250.7,1014.3,74,5.1,165.8,14.2,6,,2022-05-05T05:21:26,2022-05-05T18:39:53,0.14,"Rain, Partially cloudy",Partly cloudy throughout the day with morning rain.,rain,"44454099999,VNKT,remote,44449099999"
kathmandu,2022-05-06,75.2,60.9,69.2,75.2,60.9,69.2,62.1,78.9,0.056,100,8.33,rain,0,0,18.6,11.4,122.1,1014.9,78,4.7,126.3,10.7,5,,2022-05-06T05:20:41,2022-05-06T18:40:28,0.18,"Rain, Partially cloudy",Partly cloudy throughout the day with morning rain.,rain,"44454099999,VNKT,remote,44449099999"
kathmandu,2022-05-07,80.6,62.6,68.8,81.1,62.6,68.8,61.9,80.5,0,0,0,,0,0,17.2,15,192.9,1015.3,72.2,4.4,265.2,22.9,9,,2022-05-07T05:19:58,2022-05-07T18:41:03,0.21,Partially cloudy,Partly cloudy throughout the day.,partly-cloudy-day,"44454099999,VNKT,44449099999"
kathmandu,2022-05-08,80.6,64.4,69.6,81.1,64.4,69.6,62.9,81.4,0.094,100,8.33,rain,0,0,16.8,16.1,168.2,1014.8,85.4,4.4,236,20.6,8,,2022-05-08T05:19:16,2022-05-08T18:41:37,0.24,"Rain, Partially cloudy",Partly cloudy throughout the day with rain.,rain,"44454099999,VNKT,44449099999"
kathmandu,2022-05-09,80.6,62.6,70.9,81.1,62.6,70.9,61,73.8,2.346,100,8.33,rain,0,0,16.1,9.2,164.9,1014.5,75.2,4.2,280.7,24.2,9,,2022-05-09T05:18:34,2022-05-09T18:42:12,0.25,"Rain, Partially cloudy",Partly cloudy throughout the day with morning rain.,rain,"44454099999,VNKT,44449099999"
kathmandu,2022-05-10,80.6,65.5,72.7,82.3,65.5,72.9,63.5,74,1.842,100,8.33,rain,0,0,15.9,14.4,273.9,1013.9,69.9,4,253.5,21.8,8,,2022-05-10T05:17:54,2022-05-10T18:42:47,0.31,"Rain, Partially cloudy",Partly cloudy throughout the day with rain.,rain,"44454099999,VNKT,44449099999"
kathmandu,2022-05-11,80.6,64.4,70.5,82.7,64.4,70.5,64.8,83.4,0.71,100,16.67,rain,0,0,15.7,12.8,96.6,1012.5,73.3,4.5,252.4,21.9,8,,2022-05-11T05:17:15,2022-05-11T18:43:22,0.34,"Rain, Partially cloudy",Partly cloudy throughout the day with rain.,rain,"44454099999,VNKT,44449099999"
kathmandu,2022-05-12,82.5,64.1,72.6,84.3,64.1,72.9,64.8,78.1,0.016,100,8.33,rain,0,0,16.6,10.3,155.2,1011.4,53.4,4.6,209.5,18.2,8,,2022-05-12T05:16:37,2022-05-12T18:43:57,0.37,"Rain, Partially cloudy",Partly cloudy throughout the day with rain.,rain,"44454099999,VNKT,44449099999"
kathmandu,2022-05-13,81.7,67.8,74.6,84.5,67.8,74.9,66,75.7,0.11,100,8.33,rain,0,0,18.1,11.3,262.8,1007.5,63.5,4.5,252,21.7,8,,2022-05-13T05:16:00,2022-05-13T18:44:32,0.4,"Rain, Partially cloudy",Partly cloudy throughout the day with rain.,rain,"44454099999,VNKT,44449099999"
kathmandu,2022-05-14,82.4,66,73.5,84.7,66,73.8,66.4,79.6,0.598,100,8.33,rain,0,0,18.1,15,169.2,1008.4,75.6,3.8,248.7,21.4,9,,2022-05-14T05:15:25,2022-05-14T18:45:07,0.44,"Rain, Partially cloudy",Partly cloudy throughout the day with morning rain.,rain,"44454099999,VNKT,44449099999"
kathmandu,2022-05-15,77,69.8,72.9,77,69.8,72.9,68.9,87.8,0.012,100,4.17,rain,0,0,17.2,8.1,182.2,1010.9,87.7,3,206.7,17.8,6,,2022-05-15T05:14:51,2022-05-15T18:45:42,0.47,"Rain, Partially cloudy",Partly cloudy throughout the day with late afternoon rain.,rain,"44454099999,VNKT,remote,44449099999"
kathmandu,2022-05-16,84.4,66.2,72.8,89.4,66.2,73.6,67.3,84.2,1.118,100,8.33,rain,0,0,21,10.3,287.9,1010.8,80.5,3.7,253.2,21.7,9,,2022-05-16T05:14:17,2022-05-16T18:46:16,0.5,"Rain, Partially cloudy",Partly cloudy throughout the day with rain.,rain,"44454099999,VNKT,44449099999"
kathmandu,2022-05-17,86.7,62.6,74.7,86.7,62.6,74.6,61.1,67.1,0.338,100,8.33,rain,0,0,23.9,19.3,308.7,1010.2,33.9,4.6,302.2,26,9,,2022-05-17T05:13:46,2022-05-17T18:46:51,0.54,"Rain, Partially cloudy",Partly cloudy throughout the day with rain.,rain,"44454099999,VNKT,44449099999"
kathmandu,2022-05-18,86,65.9,75.3,85.1,65.9,75,57.7,56.4,0,0,0,,0,0,20.4,20.6,323.2,1011.7,47,4.7,288.5,24.9,9,,2022-05-18T05:13:15,2022-05-18T18:47:25,0.57,Partially cloudy,Partly cloudy throughout the day.,partly-cloudy-day,"44454099999,VNKT,remote,44449099999"
kathmandu,2022-05-19,84.6,62.6,74,84.7,62.6,74.2,60.7,65,0,0,0,,0,0,24.4,15,285.6,1011.5,42.4,4.2,272,23.3,8,,2022-05-19T05:12:46,2022-05-19T18:48:00,0.61,Partially cloudy,Partly cloudy throughout the day.,partly-cloudy-day,"44454099999,VNKT,44449099999"
kathmandu,2022-05-20,82.4,62.6,71.4,84.7,62.6,71.6,62.8,76.1,0.552,100,8.33,rain,0,0,35.8,16.8,90.2,1010.7,73,4.4,250.6,21.5,8,,2022-05-20T05:12:17,2022-05-20T18:48:34,0.64,"Rain, Partially cloudy",Partly cloudy throughout the day with morning rain.,rain,"44454099999,VNKT,44449099999"
kathmandu,2022-05-21,83.8,62.4,71.4,84.2,62.4,71.5,61.6,73.9,0.708,100,8.33,rain,0,0,19.9,15.7,262.8,1006.5,51.5,4.9,222.8,19.4,8,,2022-05-21T05:11:51,2022-05-21T18:49:08,0.68,"Rain, Partially cloudy",Partly cloudy throughout the day with morning rain.,rain,"44454099999,VNKT,44449099999"
kathmandu,2022-05-22,77,60.3,68.3,77,60.3,68.3,60.6,78.4,0.606,100,16.67,rain,0,0,18.6,16.2,82.8,1006.7,73.2,4.8,243.4,21.1,9,,2022-05-22T05:11:25,2022-05-22T18:49:41,0.71,"Rain, Partially cloudy",Partly cloudy throughout the day with rain.,rain,"44454099999,VNKT,44449099999"
kathmandu,2022-05-23,78.8,60.8,68.4,78.8,60.8,68.4,61.1,78.8,1.29,100,16.67,rain,0,0,18.6,10.7,83.9,1009.1,61.9,4.8,248.7,21.5,8,,2022-05-23T05:11:01,2022-05-23T18:50:15,0.75,"Rain, Partially cloudy",Partly cloudy throughout the day with rain.,rain,"44454099999,VNKT,44449099999"
kathmandu,2022-05-24,77,64.1,70.6,77,64.1,70.6,61.5,74,0.083,100,4.17,rain,0,0,15.4,9,131.2,1012.3,73.6,4.6,278.8,24.3,9,,2022-05-24T05:10:38,2022-05-24T18:50:48,0.78,"Rain, Partially cloudy",Partly cloudy throughout the day with afternoon rain.,rain,"44454099999,VNKT,remote,44449099999"
kathmandu,2022-05-25,77,60.8,67.7,77,60.8,67.7,62.5,84.5,0,0,0,,0,0,12.1,9.2,328.6,1013.5,81.9,3.9,196.2,16.8,7,,2022-05-25T05:10:16,2022-05-25T18:51:20,0.82,Partially cloudy,Partly cloudy throughout the day.,partly-cloudy-day,"44454099999,VNKT,44449099999"
kathmandu,2022-05-26,79.5,60.5,67.9,79.5,60.5,67.9,60.6,80.4,5.629,100,12.5,rain,0,0,19.7,10.3,238.3,1011.2,64.9,4.3,274.1,23.6,8,,2022-05-26T05:09:56,2022-05-26T18:51:53,0.85,"Rain, Partially cloudy",Becoming cloudy in the afternoon with rain.,rain,"44454099999,VNKT,remote,44449099999"
kathmandu,2022-05-27,80.6,59,68.7,82.3,59,68.8,62.1,81.1,1.677,100,8.33,rain,0,0,19.5,12.8,184.5,1009.5,49.3,4.5,263.1,22.6,9,,2022-05-27T05:09:37,2022-05-27T18:52:25,0.89,"Rain, Partially cloudy",Becoming cloudy in the afternoon with rain.,rain,"44454099999,VNKT,44449099999"
kathmandu,2022-05-28,77,66.2,69,77,66.2,69,65,87.5,0,0,0,,0,0,17.4,3.4,3.6,1009.2,71.2,3.7,211.2,18,8,,2022-05-28T05:09:19,2022-05-28T18:52:57,0.92,Partially cloudy,Partly cloudy throughout the day.,partly-cloudy-day,"44454099999,VNKT,44449099999"
kathmandu,2022-05-29,78.5,66,71.1,78.5,66,71.1,66.3,85.4,0.394,100,8.33,rain,0,0,19,12.8,175,1008.8,80.1,3.6,191.9,16.5,7,,2022-05-29T05:09:02,2022-05-29T18:53:28,0.96,"Rain, Partially cloudy",Partly cloudy throughout the day with morning rain.,rain,"44454099999,VNKT,44449099999"
kathmandu,2022-05-30,81.3,68,73.2,83.5,68,73.4,67.6,83.6,0.11,100,8.33,rain,0,0,17,36.9,145,1009.9,78.8,3.7,192.9,16.5,8,,2022-05-30T05:08:47,2022-05-30T18:53:59,0,"Rain, Partially cloudy",Partly cloudy throughout the day with rain.,rain,"44454099999,VNKT,44449099999"
kathmandu,2022-05-31,78.8,68.5,72.3,78.8,68.5,72.3,67.9,86.5,0.544,100,8.33,rain,0,0,20.1,6.9,117.4,1010,78,3.9,226.5,19.6,7,,2022-05-31T05:08:33,2022-05-31T18:54:29,0.03,"Rain, Partially cloudy",Partly cloudy throughout the day with rain.,rain,"44454099999,VNKT,44449099999"
kathmandu,2022-06-01,80.6,66.2,73.2,83,66.2,73.4,67.2,82.5,0.031,100,4.17,rain,0,0,17.9,8.1,265.4,1010,63.8,3.9,204.2,17.7,7,,2022-06-01T05:08:21,2022-06-01T18:54:59,0.06,"Rain, Partially cloudy",Partly cloudy throughout the day with early morning rain.,rain,"44454099999,VNKT,remote,44449099999"
kathmandu,2022-06-02,83.7,66.2,74.7,88.2,66.2,75.5,67.5,79.6,0,0,0,,0,0,15.2,12.8,194.4,1009.8,65.6,3.5,187.1,16,8,,2022-06-02T05:08:10,2022-06-02T18:55:28,0.09,Partially cloudy,Partly cloudy throughout the day.,partly-cloudy-day,"44454099999,VNKT,44449099999"
kathmandu,2022-06-03,80.6,69.8,74.9,83.3,69.8,75.2,68,80.2,0,0,0,,0,0,18.1,14.8,297.9,1009.1,79,4.1,220.6,19.2,7,,2022-06-03T05:08:00,2022-06-03T18:55:57,0.13,Partially cloudy,Partly cloudy throughout the day.,partly-cloudy-day,"44454099999,VNKT,44449099999"
kathmandu,2022-06-04,80.6,68.6,73.6,83.3,68.6,73.8,68.1,83.5,0.786,100,16.67,rain,0,0,17.7,12.6,82.8,1009.7,83.4,3.7,266.1,22.9,8,,2022-06-04T05:07:52,2022-06-04T18:56:25,0.16,"Rain, Partially cloudy",Partly cloudy throughout the day with rain.,rain,"44454099999,VNKT,remote,44449099999"
kathmandu,2022-06-05,80.4,68.9,71.8,84.2,68.9,72,69.8,93.6,1.33,100,8.33,rain,0,0,16.3,13.9,69.9,1010.4,82,3,225.4,19.3,8,,2022-06-05T05:07:44,2022-06-05T18:56:53,0.19,"Rain, Partially cloudy",Partly cloudy throughout the day with rain.,rain,"44454099999,VNKT,44449099999"
kathmandu,2022-06-06,80.6,69.1,74.3,84.6,69.1,75,70.3,88.1,0,0,0,,0,0,15.2,9.9,249.5,1009.7,84.7,3.1,200.8,17.2,7,,2022-06-06T05:07:38,2022-06-06T18:57:19,0.23,Partially cloudy,Partly cloudy throughout the day.,partly-cloudy-day,"44454099999,VNKT,44449099999"
kathmandu,2022-06-07,79.9,69.8,74.7,79.9,69.8,74.7,69.8,85.3,0.048,100,8.33,rain,0,0,17.7,9.9,327.7,1009.2,83.5,3.5,190.1,16.4,7,,2022-06-07T05:07:34,2022-06-07T18:57:46,0.25,"Rain, Partially cloudy",Partly cloudy throughout the day with rain.,rain,"44454099999,VNKT,44449099999"
kathmandu,2022-06-08,80.3,68,73.2,84.3,68,73.4,70,90.4,2.558,100,16.67,rain,0,0,16.3,10.8,229.1,1008.8,83.2,3.3,181.4,15.8,8,,2022-06-08T05:07:31,2022-06-08T18:58:11,0.29,"Rain, Partially cloudy",Partly cloudy throughout the day with rain.,rain,"44454099999,VNKT,44449099999"
kathmandu,2022-06-09,77.7,67.8,72.5,77.7,67.8,72.5,70.1,92.5,0.67,100,16.67,rain,0,0,23.7,8,182,1008.1,88.6,3.2,152.5,13.1,6,,2022-06-09T05:07:28,2022-06-09T18:58:36,0.33,"Rain, Partially cloudy",Partly cloudy throughout the day with rain.,rain,"44454099999,VNKT,44449099999"
kathmandu,2022-06-10,84.2,69.1,75.8,86.5,69.1,76.5,69,80.6,0.086,100,8.33,rain,0,0,21.9,10.3,277.6,1008.2,88.1,3.5,216.4,18.6,7,,2022-06-10T05:07:28,2022-06-10T18:59:00,0.36,"Rain, Partially cloudy",Partly cloudy throughout the day with rain.,rain,"44454099999,VNKT,remote,44449099999"
kathmandu,2022-06-11,82.8,69.8,76.4,87.2,69.8,77.6,69.2,79.2,0,0,0,,0,0,17.9,12.6,262.3,1008.7,74.2,3.7,217.5,18.8,8,,2022-06-11T05:07:28,2022-06-11T18:59:23,0.39,Partially cloudy,Partly cloudy throughout the day.,partly-cloudy-day,"44454099999,VNKT,44449099999"
kathmandu,2022-06-12,82.4,69.8,75.2,84.7,69.8,75.9,68.2,79.8,0.004,100,4.17,rain,0,0,16.6,8.1,130.6,1009.8,75.1,4.1,197.9,17.3,7,,2022-06-12T05:07:30,2022-06-12T18:59:45,0.43,"Rain, Partially cloudy",Partly cloudy throughout the day with morning rain.,rain,"44454099999,VNKT,remote,44449099999"
kathmandu,2022-06-13,84.2,67.1,74.3,88.9,67.1,75.1,69.1,85.1,0.394,100,8.33,rain,0,0,19.5,9.2,92.9,1011.2,79.5,4.1,217.3,18.7,7,,2022-06-13T05:07:33,2022-06-13T19:00:06,0.46,"Rain, Partially cloudy",Partly cloudy throughout the day with rain.,rain,"44454099999,VNKT,44449099999"
kathmandu,2022-06-14,83.3,68,74.5,87.2,68,75.6,70.5,88.8,4.062,100,16.67,rain,0,0,25.9,8.5,166.8,1009.6,89.2,3.2,215.5,18.8,8,,2022-06-14T05:07:37,2022-06-14T19:00:27,0.5,"Rain, Partially cloudy",Partly cloudy throughout the day with rain.,rain,"44454099999,VNKT,44449099999"
kathmandu,2022-06-15,80.6,68,73.1,83.9,68,73.2,70.1,90.8,4.322,100,16.67,rain,0,0,25.9,17.5,220.6,1009,87.6,3.5,126,10.7,5,,2022-06-15T05:07:42,2022-06-15T19:00:46,0.53,"Rain, Partially cloudy",Partly cloudy throughout the day with rain.,rain,"44454099999,VNKT,44449099999"
kathmandu,2022-06-16,84.4,69.8,75.8,90.5,69.8,76.8,70.1,83.6,0.078,100,8.33,rain,0,0,27.3,13.9,232,1009.6,82.3,3.9,100.5,8.8,4,,2022-06-16T05:07:49,2022-06-16T19:01:05,0.56,"Rain, Partially cloudy",Partly cloudy throughout the day with rain.,rain,"44454099999,VNKT,44449099999"
kathmandu,2022-06-17,84.9,67.3,75,87.5,67.3,75.6,66.6,77,0.394,100,8.33,rain,0,0,26.6,11.4,283.8,1009.3,65.8,5.1,159.2,13.7,6,,2022-06-17T05:07:56,2022-06-17T19:01:23,0.59,"Rain, Partially cloudy",Partly cloudy throughout the day with morning rain.,rain,"44454099999,VNKT,remote,44449099999"
kathmandu,2022-06-18,83.6,66.2,74.3,88,66.2,74.9,66.9,79.3,1.182,100,8.33,rain,0,0,23.9,11.4,232.4,1009.6,75.2,4.4,122.3,10.6,4,,2022-06-18T05:08:05,2022-06-18T19:01:39,0.63,"Rain, Partially cloudy",Partly cloudy throughout the day with morning rain.,rain,"44454099999,VNKT,44449099999"
kathmandu,2022-06-19,83.8,66.2,74.7,88.8,66.2,75.4,66.5,77.1,2.048,100,8.33,rain,0,0,21.7,9.2,263.8,1009.2,71.1,4.8,220,19,9,,2022-06-19T05:08:15,2022-06-19T19:01:55,0.66,"Rain, Partially cloudy",Partly cloudy throughout the day with morning rain.,rain,"44454099999,VNKT,44449099999"
kathmandu,2022-06-20,81.7,69.8,73.6,83.7,69.8,73.8,65.2,75.4,0,0,0,,0,0,19.2,11.3,236.7,1007.8,77.9,4.4,202.7,17.6,7,,2022-06-20T05:08:26,2022-06-20T19:02:09,0.7,Partially cloudy,Partly cloudy throughout the day.,partly-cloudy-day,"44454099999,VNKT,44449099999"
kathmandu,2022-06-21,80.6,68,72.3,82.3,68,72.4,66.8,83.5,1.992,100,8.33,rain,0,0,15,12.8,154.7,1011.9,84.7,4.1,221.1,19.1,8,,2022-06-21T05:08:38,2022-06-21T19:02:23,0.75,"Rain, Partially cloudy",Partly cloudy throughout the day with rain.,rain,"44454099999,VNKT,44449099999"
kathmandu,2022-06-22,84.2,68,74.8,87.4,68,75.5,68.9,82.8,0.59,100,8.33,rain,0,0,13.4,15.3,188.3,1011.9,83.7,4.5,210.8,18.3,7,,2022-06-22T05:08:51,2022-06-22T19:02:35,0.77,"Rain, Partially cloudy",Partly cloudy throughout the day with rain.,rain,"44454099999,VNKT,44449099999"
kathmandu,2022-06-23,84.2,69.8,75.8,88.7,69.8,76.6,68.8,80.1,0,0,0,,0,0,17.2,9.2,260.5,1012.5,86.2,4.5,195.4,16.9,6,,2022-06-23T05:09:06,2022-06-23T19:02:46,0.8,Partially cloudy,Partly cloudy throughout the day.,partly-cloudy-day,"44454099999,VNKT,44449099999"
kathmandu,2022-06-24,82.5,69.3,74.7,87.4,69.3,75.4,69.8,85.4,4.82,100,16.67,rain,0,0,15.4,16.6,218.3,1010.9,87.9,3.4,204,17.5,7,,2022-06-24T05:09:21,2022-06-24T19:02:56,0.83,"Rain, Partially cloudy",Partly cloudy throughout the day with rain.,rain,"44454099999,VNKT,44449099999"
kathmandu,2022-06-25,82.4,69.4,74.8,85.4,69.4,75.4,68.4,81.3,0.316,100,16.67,rain,0,0,16.3,14.4,223.1,1010.1,86,4,106,9.4,4,,2022-06-25T05:09:37,2022-06-25T19:03:05,0.87,"Rain, Partially cloudy",Partly cloudy throughout the day with rain.,rain,"44454099999,VNKT,44449099999"
kathmandu,2022-06-26,82.8,69.1,74.7,87.6,69.1,75.2,69.8,85.3,1.936,100,16.67,rain,0,0,19.2,12.2,193.5,1012.1,85.4,3.9,156.4,13.5,7,,2022-06-26T05:09:54,2022-06-26T19:03:13,0.9,"Rain, Partially cloudy",Partly cloudy throughout the day with rain.,rain,"44454099999,VNKT,44449099999"
kathmandu,2022-06-27,80.6,69.1,73.9,83.3,69.1,74,69.2,85.9,1.118,100,8.33,rain,0,0,11.6,9.2,247.8,1012.3,87.7,4.1,99.5,8.6,3,,2022-06-27T05:10:12,2022-06-27T19:03:19,0.94,"Rain, Partially cloudy",Partly cloudy throughout the day with morning rain.,rain,"44454099999,VNKT,remote,44449099999"
kathmandu,2022-06-28,78.8,69.8,73.5,78.8,69.8,73.5,69.6,88,0.322,100,16.67,rain,0,0,15.7,10.3,236.3,1009.7,88.9,3.8,106.8,9.2,6,,2022-06-28T05:10:31,2022-06-28T19:03:24,0.97,"Rain, Partially cloudy",Partly cloudy throughout the day with rain.,rain,"44454099999,VNKT,44449099999"
kathmandu,2022-06-29,73.4,68,70.5,73.4,68,70.5,68.9,94.9,1.96,100,8.33,rain,0,0,22.6,6.9,126.3,1008.7,88,3.8,39.9,3.5,2,,2022-06-29T05:10:51,2022-06-29T19:03:28,0,"Rain, Partially cloudy",Partly cloudy throughout the day with morning rain.,rain,"44454099999,VNKT,remote,44449099999"
kathmandu,2022-06-30,82.4,68,74.5,86.3,68,75,67.8,80.5,0,0,0,,0,0,14.1,12.8,197.2,1009.6,84.3,4.9,99.9,8.6,3,,2022-06-30T05:11:11,2022-06-30T19:03:31,0.04,Partially cloudy,Partly cloudy throughout the day.,partly-cloudy-day,"44454099999,VNKT"
kathmandu,2022-07-01,84.2,69.5,77.1,88.5,69.5,78.4,68.4,75.5,0.016,100,4.17,rain,0,0,15,9.2,255.6,1008.6,69.1,4.8,218.9,18.8,7,,2022-07-01T05:11:33,2022-07-01T19:03:33,0.07,"Rain, Partially cloudy",Partly cloudy throughout the day with early morning rain.,rain,"44454099999,VNKT,remote"
kathmandu,2022-07-02,82.4,69.8,74.7,85.4,69.8,75.1,69.8,85.2,0.02,100,4.17,rain,0,0,17.4,11.4,212.7,1008.3,84.9,4.6,118.9,10.3,5,,2022-07-02T05:11:55,2022-07-02T19:03:33,0.11,"Rain, Partially cloudy",Partly cloudy throughout the day with afternoon rain.,rain,"44454099999,VNKT,remote"
kathmandu,2022-07-03,80.6,71.6,75,83.9,71.6,75.4,69.6,84.1,0,0,0,,0,0,13.9,8.1,197.9,1009.1,89.2,4.5,154.8,13.2,6,,2022-07-03T05:12:18,2022-07-03T19:03:32,0.14,Partially cloudy,Partly cloudy throughout the day.,partly-cloudy-day,"44454099999,VNKT"
kathmandu,2022-07-04,82.4,71.2,75.9,88,71.2,76.7,70.8,85,1.102,100,8.33,rain,0,0,14.1,9.2,225.2,1009,82.7,4.5,197.6,17,7,,2022-07-04T05:12:41,2022-07-04T19:03:29,0.18,"Rain, Partially cloudy",Partly cloudy throughout the day with morning rain.,rain,"44454099999,VNKT,44449099999"
kathmandu,2022-07-05,86,72.1,76.3,92,72.1,77.4,70.9,83.9,0.024,100,16.67,rain,0,0,14.3,15,197.5,1009.8,78.8,4.6,212.5,18.5,7,,2022-07-05T05:13:06,2022-07-05T19:03:25,0.21,"Rain, Partially cloudy",Partly cloudy throughout the day with rain.,rain,"44454099999,VNKT,44449099999"
kathmandu,2022-07-06,84.2,71.6,75.8,91,71.6,77,71.6,87.6,1.024,100,8.33,rain,0,0,13.4,16.2,285,1013.1,81.8,4.2,179.9,15.5,7,,2022-07-06T05:13:31,2022-07-06T19:03:20,0.24,"Rain, Partially cloudy",Partly cloudy throughout the day with rain.,rain,"44454099999,VNKT,44449099999"
kathmandu,2022-07-07,84.7,70.6,77,89.6,70.6,78.3,71.3,83.2,0.906,100,16.67,rain,0,0,15,12.8,225.8,1013.3,79.1,4.4,218.8,18.9,7,,2022-07-07T05:13:56,2022-07-07T19:03:14,0.25,"Rain, Partially cloudy",Partly cloudy throughout the day with rain.,rain,"44454099999,VNKT,remote,44449099999"
kathmandu,2022-07-08,81.7,69.8,74.3,86.7,69.8,74.7,70.6,88.7,3.796,100,8.33,rain,0,0,13.6,10.3,108.4,1011.5,85.5,3.9,171.2,14.7,7,,2022-07-08T05:14:23,2022-07-08T19:03:06,0.31,"Rain, Partially cloudy",Partly cloudy throughout the day with rain.,rain,"44454099999,VNKT,remote,44449099999"
kathmandu,2022-07-09,80.1,69.4,73.3,83.5,69.4,73.5,69,86.9,0.654,100,16.67,rain,0,0,18.3,14.4,257.1,1010.5,87.9,4.4,99.7,8.6,5,,2022-07-09T05:14:49,2022-07-09T19:02:57,0.35,"Rain, Partially cloudy",Partly cloudy throughout the day with rain.,rain,"44454099999,VNKT,44449099999"
kathmandu,2022-07-10,83.8,68,75.2,89.4,68,76.2,68.7,81.3,1.062,100,8.33,rain,0,0,15.9,11.4,286.9,1010.3,78.1,5,225.4,19.4,8,,2022-07-10T05:15:17,2022-07-10T19:02:46,0.38,"Rain, Partially cloudy",Partly cloudy throughout the day with morning rain.,rain,"44454099999,VNKT,44449099999"
kathmandu,2022-07-11,86.1,69.8,76,93,69.8,76.9,69.7,81.7,0.174,100,16.67,rain,0,0,16.6,12.8,181.3,1010.7,81.7,4.6,197.5,17.2,7,,2022-07-11T05:15:45,2022-07-11T19:02:35,0.41,"Rain, Partially cloudy",Partly cloudy throughout the day with rain.,rain,"44454099999,VNKT,44449099999"
kathmandu,2022-07-12,84.7,70.4,76.1,91.1,70.4,77.1,69.3,80.4,0.126,100,8.33,rain,0,0,14.5,11.4,219.3,1010.2,80.8,4.5,229.5,20,8,,2022-07-12T05:16:13,2022-07-12T19:02:21,0.45,"Rain, Partially cloudy",Partly cloudy throughout the day with rain.,rain,"44454099999,VNKT,44449099999"
kathmandu,2022-07-13,84.6,69.8,75.8,90.2,69.8,77,70.2,83.8,0.322,100,8.33,rain,0,0,14.1,11.4,240.2,1009,83.4,4.8,215.6,18.7,7,,2022-07-13T05:16:42,2022-07-13T19:02:07,0.48,"Rain, Partially cloudy",Partly cloudy throughout the day with rain.,rain,"44454099999,VNKT,44449099999"
kathmandu,2022-07-14,85.3,71.4,76.6,90.5,71.4,77.7,70,81.3,0.056,100,8.33,rain,0,0,27.7,13.9,80.5,1009.4,78.6,4.4,213.1,18.4,7,,2022-07-14T05:17:11,2022-07-14T19:01:51,0.5,"Rain, Partially cloudy",Partly cloudy throughout the day with rain.,rain,"44454099999,VNKT,remote,44449099999"
kathmandu,2022-07-15,87.8,69.8,78.1,92.8,69.8,79.5,68.6,74.5,0,0,0,,0,0,14.3,9.2,90.7,1011.3,56.1,5.1,238.3,20.4,8,,2022-07-15T05:17:40,2022-07-15T19:01:34,0.55,Partially cloudy,Partly cloudy throughout the day.,partly-cloudy-day,"44454099999,VNKT,44449099999"
kathmandu,2022-07-16,86,71.6,78.3,92,71.6,79.7,70.2,77,0.028,100,4.17,rain,0,0,16.6,12.8,220.9,1011.6,74.5,4.9,238.8,20.7,8,,2022-07-16T05:18:10,2022-07-16T19:01:15,0.58,"Rain, Partially cloudy",Partly cloudy throughout the day with late afternoon rain.,rain,"44454099999,VNKT,remote"
kathmandu,2022-07-17,86,71.6,78.1,92,71.6,79.6,69.6,76,0,0,0,,0,0,15.4,13.9,176.7,1013.2,54.7,5.3,242,20.9,8,,2022-07-17T05:18:41,2022-07-17T19:00:55,0.62,Partially cloudy,Partly cloudy throughout the day.,partly-cloudy-day,"44454099999,VNKT"
kathmandu,2022-07-18,80.6,71.3,75.7,84.6,71.3,76.6,69.8,82.4,0.3,100,8.33,rain,0,0,16.3,14.4,199,1011.4,89.8,4.5,186.4,16.1,8,,2022-07-18T05:19:11,2022-07-18T19:00:34,0.65,"Rain, Partially cloudy",Partly cloudy throughout the day with rain.,rain,"44454099999,VNKT,remote,44449099999"
kathmandu,2022-07-19,83.6,69.4,74.2,87.4,69.4,74.6,68.6,83.5,0.252,100,8.33,rain,0,0,11.6,8.1,24.1,1010,82.7,4.3,73.5,6.3,4,,2022-07-19T05:19:42,2022-07-19T19:00:11,0.68,"Rain, Partially cloudy",Partly cloudy throughout the day with rain.,rain,"44454099999,VNKT,44449099999"
kathmandu,2022-07-20,80.6,71.2,74.4,83.9,71.2,74.5,69.9,86.1,0.244,100,8.33,rain,0,0,12.1,6.1,199.1,1010.1,88.2,4.3,113.2,9.7,5,,2022-07-20T05:20:13,2022-07-20T18:59:47,0.75,"Rain, Partially cloudy",Partly cloudy throughout the day with rain.,rain,"44454099999,VNKT,44449099999"
kathmandu,2022-07-21,79.1,69.4,73,79.1,69.4,73,70.1,91.4,3.574,100,8.33,rain,0,0,15.7,10.3,174.9,1011.9,87.2,4,97.6,8.4,6,,2022-07-21T05:20:44,2022-07-21T18:59:21,0.75,"Rain, Partially cloudy",Partly cloudy throughout the day with rain.,rain,"44454099999,VNKT,44449099999"
kathmandu,2022-07-22,78.8,68.4,72.7,78.8,68.4,72.7,69.8,91,1.158,100,8.33,rain,0,0,17.4,9.2,150.8,1013.5,87.9,4.1,105.8,9.2,4,,2022-07-22T05:21:16,2022-07-22T18:58:55,0.78,"Rain, Partially cloudy",Partly cloudy throughout the day with rain.,rain,"44454099999,VNKT,remote,44449099999"
kathmandu,2022-07-23,84.2,68,73.8,87.4,68,74.4,68.9,85.8,2.008,100,16.67,rain,0,0,15.2,12.8,119.5,1013.7,87.6,4.8,98.4,8.6,4,,2022-07-23T05:21:48,2022-07-23T18:58:27,0.82,"Rain, Partially cloudy",Partly cloudy throughout the day with rain.,rain,"44454099999,VNKT,44449099999"
kathmandu,2022-07-24,82.5,68,73.5,86.8,68,73.9,69.1,87.2,1.976,100,16.67,rain,0,0,15.7,10.3,182.5,1013.6,89.5,4.9,115.8,9.9,4,,2022-07-24T05:22:19,2022-07-24T18:57:57,0.85,"Rain, Partially cloudy",Partly cloudy throughout the day with rain.,rain,"44454099999,VNKT,44449099999"
kathmandu,2022-07-25,81.6,68,73.8,86.1,68,74.6,68.8,84.9,0.544,100,8.33,rain,0,0,19.9,17.2,204.1,1015.2,87.3,4.9,160.7,13.9,6,,2022-07-25T05:22:51,2022-07-25T18:57:27,0.88,"Rain, Partially cloudy",Partly cloudy throughout the day with rain.,rain,"44454099999,VNKT,remote,44449099999"
kathmandu,2022-07-26,79.7,67.7,72.4,79.7,67.7,72.4,69,89.5,1.622,100,8.33,rain,0,0,14.5,6.9,129.2,1015.7,88.3,4.3,106.5,9.1,4,,2022-07-26T05:23:23,2022-07-26T18:56:55,0.92,"Rain, Partially cloudy",Partly cloudy throughout the day with rain.,rain,"44454099999,VNKT,remote,44449099999"
kathmandu,2022-07-27,80.6,67.8,73,83.9,67.8,73.1,69,88.2,3.416,100,16.67,rain,0,0,13.6,8.1,161.3,1015.1,87.7,4,168.8,14.4,6,,2022-07-27T05:23:56,2022-07-27T18:56:22,0.95,"Rain, Partially cloudy",Partly cloudy throughout the day with rain.,rain,"44454099999,VNKT,44449099999"
kathmandu,2022-07-28,81.5,67.6,73.3,85,67.6,74,68.4,85.4,0.912,100,16.67,rain,0,0,15.2,9.2,239.7,1015.7,89.7,4.1,152.6,13.3,7,,2022-07-28T05:24:28,2022-07-28T18:55:47,0,"Rain, Partially cloudy",Partly cloudy throughout the day with rain.,rain,"44454099999,VNKT,44449099999"
kathmandu,2022-07-29,81.3,69.8,73.8,84.2,69.8,74,69.2,86.3,0,0,0,,0,0,15.4,11.4,141.8,1014.3,87.7,4.5,174,14.9,7,,2022-07-29T05:25:00,2022-07-29T18:55:12,0.02,Partially cloudy,Partly cloudy throughout the day.,partly-cloudy-day,"44454099999,VNKT,44449099999"
kathmandu,2022-07-30,80.6,69.8,73.9,83.9,69.8,74.2,69,85.3,0,0,0,,0,0,14.5,12.8,180.3,1012.2,89.2,4.3,153.1,13.1,6,,2022-07-30T05:25:32,2022-07-30T18:54:35,0.05,Partially cloudy,Partly cloudy throughout the day.,partly-cloudy-day,"44454099999,VNKT"
kathmandu,2022-07-31,77,69.8,71.9,77,69.8,71.9,70.2,94.6,2.93,100,8.33,rain,0,0,16.3,8.1,73.3,1009.2,88.4,3.9,59.8,5.2,2,,2022-07-31T05:26:05,2022-07-31T18:53:57,0.09,"Rain, Partially cloudy",Partly cloudy throughout the day with rain.,rain,"44454099999,VNKT,44449099999"
kathmandu,2022-08-01,77,69.1,72.4,77,69.1,72.4,69.8,91.6,0.949,100,8.33,rain,0,0,15,6.9,240.3,1009.3,88.6,3.8,127.3,11.1,6,,2022-08-01T05:26:37,2022-08-01T18:53:17,0.12,"Rain, Partially cloudy",Partly cloudy throughout the day with rain.,rain,"44454099999,VNKT,44449099999"
kathmandu,2022-08-02,77.5,67.9,73,77.5,67.9,73,69.7,89.8,0.374,100,8.33,rain,0,0,22.1,6.9,159.3,1009.9,89.3,4.6,64,5.5,3,,2022-08-02T05:27:09,2022-08-02T18:52:37,0.16,"Rain, Partially cloudy",Partly cloudy throughout the day with rain.,rain,"44454099999,VNKT,remote,44449099999"
kathmandu,2022-08-03,79.5,69.8,73.9,79.5,69.8,73.9,70,88,0.201,100,4.17,rain,0,0,15.2,9.2,200.7,1012.5,86.2,4.3,184,15.9,7,,2022-08-03T05:27:41,2022-08-03T18:51:55,0.19,"Rain, Partially cloudy",Partly cloudy throughout the day with late afternoon rain.,rain,"44454099999,VNKT,44449099999"
kathmandu,2022-08-04,78.1,69.7,73.3,78.1,69.7,73.3,69.7,88.8,0.126,100,4.17,rain,0,0,12.5,10.3,211.1,1013.4,85.4,4,73.1,6.5,4,,2022-08-04T05:28:14,2022-08-04T18:51:12,0.23,"Rain, Partially cloudy",Partly cloudy throughout the day with late afternoon rain.,rain,"44454099999,VNKT,44449099999"
kathmandu,2022-08-05,84.3,69.6,75.9,89.6,69.6,76.8,70.1,83.4,0,0,0,,0,0,15.9,13.8,246.5,1011.2,80.9,4.4,216,18.7,8,,2022-08-05T05:28:46,2022-08-05T18:50:29,0.25,Partially cloudy,Partly cloudy throughout the day.,partly-cloudy-day,"44454099999,VNKT,44449099999"
kathmandu,2022-08-06,83.3,67.9,74,87.7,67.9,74.7,69.3,85.9,1.496,100,8.33,rain,0,0,14.5,9.2,195.1,1009.1,89.3,4.3,197.1,17,7,,2022-08-06T05:29:18,2022-08-06T18:49:44,0.3,"Rain, Partially cloudy",Partly cloudy throughout the day with rain.,rain,"44454099999,VNKT,remote,44449099999"
kathmandu,2022-08-07,85.5,71.2,76.3,92.2,71.2,77.5,70.7,83.8,0.051,100,4.17,rain,0,0,14.8,12.8,238.9,1009.7,76.7,4.6,176.7,15.3,9,,2022-08-07T05:29:50,2022-08-07T18:48:57,0.33,"Rain, Partially cloudy",Partly cloudy throughout the day with late afternoon rain.,rain,"44454099999,VNKT,44449099999"
kathmandu,2022-08-08,86.7,69.4,76.4,93.1,69.4,77.6,70.4,83,0,0,0,,0,0,15.7,12.8,199.7,1008.6,67.4,4.7,199.2,17.1,8,,2022-08-08T05:30:21,2022-08-08T18:48:10,0.37,Partially cloudy,Partly cloudy throughout the day.,partly-cloudy-day,"44454099999,VNKT,remote,44449099999"
kathmandu,2022-08-09,86.7,69.8,77,91.2,69.8,78.8,70.5,81.8,0.315,100,4.17,rain,0,0,13.6,16.2,221.3,1008.9,73.9,4.7,200.1,17.3,8,,2022-08-09T05:30:53,2022-08-09T18:47:22,0.4,"Rain, Partially cloudy",Partly cloudy throughout the day with morning rain.,rain,"44454099999,VNKT,44449099999"
kathmandu,2022-08-10,84.4,69.7,75.6,89.6,69.7,76.8,71,86.6,2.996,100,4.17,rain,0,0,18.8,15,213.7,1007.7,87.8,5,146,12.7,6,,2022-08-10T05:31:25,2022-08-10T18:46:33,0.44,"Rain, Partially cloudy",Partly cloudy throughout the day with late afternoon rain.,rain,"44454099999,VNKT,remote,44449099999"
kathmandu,2022-08-11,85.4,69.4,76.7,91.7,69.4,78.2,70.1,81.2,0.02,100,4.17,rain,0,0,20.8,13.9,218.3,1010,65.7,4.8,205.3,17.7,8,,2022-08-11T05:31:56,2022-08-11T18:45:43,0.47,"Rain, Partially cloudy",Partly cloudy throughout the day with late afternoon rain.,rain,"44454099999,VNKT,44449099999"
kathmandu,2022-08-12,86,68.9,76.9,92.5,68.9,78.2,69.2,78,0,0,0,,0,0,14.5,12.8,206.1,1010,59.5,5,219.7,18.9,7,,2022-08-12T05:32:27,2022-08-12T18:44:52,0.5,Partially cloudy,Partly cloudy throughout the day.,partly-cloudy-day,"44454099999,VNKT,44449099999"
kathmandu,2022-08-13,87.2,71.6,76.7,94.7,71.6,78,70.6,82.5,0.157,100,4.17,rain,0,0,15,15,212.7,1009.6,79.3,4.5,189.7,16.3,8,,2022-08-13T05:32:58,2022-08-13T18:43:59,0.54,"Rain, Partially cloudy",Partly cloudy throughout the day with late afternoon rain.,rain,"44454099999,VNKT,44449099999"
kathmandu,2022-08-14,82.8,68,74.2,88.4,68,74.6,69.9,87.2,1.26,100,4.17,rain,0,0,13.6,6.9,106.2,1011.9,86.3,4.3,105.7,9.1,4,,2022-08-14T05:33:29,2022-08-14T18:43:06,0.57,"Rain, Partially cloudy",Partly cloudy throughout the day with morning rain.,rain,"44454099999,VNKT,44449099999"
kathmandu,2022-08-15,84.2,68.1,75.9,86.5,68.1,76.8,67.2,75.7,0.039,100,4.17,rain,0,0,29.5,12.8,127.3,1013.1,48.3,5.7,203.4,17.5,7,,2022-08-15T05:34:00,2022-08-15T18:42:12,0.6,"Rain, Partially cloudy",Becoming cloudy in the afternoon with morning rain.,rain,"44454099999,VNKT,remote,44449099999"
kathmandu,2022-08-16,84.2,68.1,76,88.5,68.1,77.2,68.4,78.3,0.032,100,8.33,rain,0,0,14.5,10.3,218.3,1013.5,64.5,5.3,194.5,16.9,7,,2022-08-16T05:34:31,2022-08-16T18:41:17,0.64,"Rain, Partially cloudy",Partly cloudy throughout the day with early morning rain.,rain,"44454099999,VNKT,remote,44449099999"
kathmandu,2022-08-17,83.3,67.4,76.3,88.2,67.4,77.2,69,78.9,0.004,100,4.17,rain,0,0,16.8,10.6,262.4,1012.2,76.6,4.7,210,18.2,7,,2022-08-17T05:35:01,2022-08-17T18:40:22,0.67,"Rain, Partially cloudy",Partly cloudy throughout the day with early morning rain.,rain,"44454099999,VNKT,remote,44449099999"
kathmandu,2022-08-18,88,71.2,77.7,94.9,71.2,79.6,70.5,79.5,0.055,100,4.17,rain,0,0,15.9,12.7,243.7,1009.6,76.1,4.8,244.4,21.1,9,,2022-08-18T05:35:32,2022-08-18T18:39:25,0.7,"Rain, Partially cloudy",Partly cloudy throughout the day with late afternoon rain.,rain,"44454099999,VNKT,44449099999"
kathmandu,2022-08-19,84.2,68.8,74.6,90,68.8,75.6,69.1,83.9,1.008,100,8.33,rain,0,0,14.8,13.9,150.2,1011.1,86.4,4.8,103.3,8.9,4,,2022-08-19T05:36:02,2022-08-19T18:38:28,0.75,"Rain, Partially cloudy",Partly cloudy throughout the day with rain.,rain,"44454099999,VNKT,44449099999"
kathmandu,2022-08-20,83.3,68,74.1,87.5,68,74.7,68.6,84.3,1.457,100,4.17,rain,0,0,14.3,10.3,226.6,1011.5,85.2,4.7,194,16.8,8,,2022-08-20T05:36:32,2022-08-20T18:37:29,0.77,"Rain, Partially cloudy",Partly cloudy throughout the day with morning rain.,rain,"44454099999,VNKT,44449099999"
kathmandu,2022-08-21,84.7,68.1,76.8,91.2,68.1,78.3,68.9,77.6,0.004,100,4.17,rain,0,0,20.1,13.9,194,1010.2,64.2,5.4,225.4,19.5,8,,2022-08-21T05:37:02,2022-08-21T18:36:30,0.8,"Rain, Partially cloudy",Partly cloudy throughout the day with morning rain.,rain,"44454099999,VNKT,remote,44449099999"
kathmandu,2022-08-22,86,67.9,76.4,90.3,67.9,77.5,67.7,75.7,0,0,0,,0,0,19,15,202.1,1009.9,51.6,5.6,210.5,18.1,8,,2022-08-22T05:37:31,2022-08-22T18:35:31,0.83,Partially cloudy,Partly cloudy throughout the day.,partly-cloudy-day,"44454099999,VNKT,remote,44449099999"
kathmandu,2022-08-23,86,70.1,75,90.6,70.1,75.6,69.1,83.1,1.154,100,4.17,rain,0,0,15.7,9.2,233.4,1012,73.5,4.3,181.9,15.8,8,,2022-08-23T05:38:01,2022-08-23T18:34:30,0.87,"Rain, Partially cloudy",Partly cloudy throughout the day with late afternoon rain.,rain,"44454099999,VNKT,remote,44449099999"
kathmandu,2022-08-24,85.6,69.8,75.7,95.8,69.8,77.2,69.9,83.1,0.264,100,4.17,rain,0,0,14.3,16.1,223.7,1015.3,69.3,4.9,188.4,16.3,7,,2022-08-24T05:38:30,2022-08-24T18:33:29,0.9,"Rain, Partially cloudy",Partly cloudy throughout the day with morning rain.,rain,"44454099999,VNKT,44449099999"
kathmandu,2022-08-25,86,69.8,76.7,92,69.8,77.9,69.1,78.3,0,0,0,,0,0,14.1,12.8,231.1,1013.1,61.1,5.4,210.9,18.3,7,,2022-08-25T05:38:59,2022-08-25T18:32:27,0.93,Partially cloudy,Partly cloudy throughout the day.,partly-cloudy-day,"44454099999,VNKT,44449099999"
kathmandu,2022-08-26,80.6,69.2,75.4,83.9,69.2,75.7,69.2,81.4,0.008,100,4.17,rain,0,0,15.7,10.1,254.4,1011.4,82.8,4.9,190.1,16.3,8,,2022-08-26T05:39:28,2022-08-26T18:31:25,0.96,"Rain, Partially cloudy",Partly cloudy throughout the day with morning rain.,rain,"44454099999,VNKT,remote,44449099999"
kathmandu,2022-08-27,84.2,72.1,75.7,87.4,72.1,76.2,69.3,81.1,0,0,0,,0,0,14.1,13.6,261,1010.9,86.2,4.3,129.9,11.2,5,,2022-08-27T05:39:57,2022-08-27T18:30:22,0,Partially cloudy,Partly cloudy throughout the day.,partly-cloudy-day,"44454099999,VNKT,44449099999"
kathmandu,2022-08-28,78.8,69.3,73,78.8,69.3,73,68.9,87.4,0.275,100,8.33,rain,0,0,14.8,6.9,130.9,1012.2,89.2,4.2,82.4,7,5,,2022-08-28T05:40:26,2022-08-28T18:29:18,0.03,"Rain, Partially cloudy",Partly cloudy throughout the day with rain.,rain,"44454099999,VNKT,remote,44449099999"
kathmandu,2022-08-29,83.5,67,75.1,87.5,67,75.8,67.5,78.7,0.157,100,4.17,rain,0,0,14.3,9.2,222.9,1016,61.9,5,91.1,8,5,,2022-08-29T05:40:54,2022-08-29T18:28:14,0.07,"Rain, Partially cloudy",Partly cloudy throughout the day with morning rain.,rain,"44454099999,VNKT,44449099999"
kathmandu,2022-08-30,85.1,67.9,76,91.2,67.9,77.2,69.1,80,0.02,100,8.33,rain,0,0,14.5,9.2,241.1,1015.5,85,5.2,154.5,13.2,6,,2022-08-30T05:41:23,2022-08-30T18:27:09,0.1,"Rain, Partially cloudy",Partly cloudy throughout the day with early morning rain.,rain,"44454099999,VNKT,remote,44449099999"
kathmandu,2022-08-31,78.4,69.6,73.8,78.4,69.6,73.8,69,85.2,0.079,100,4.17,rain,0,0,13.9,9.2,270.7,1014.3,86.4,4.3,137.3,11.9,5,,2022-08-31T05:41:51,2022-08-31T18:26:04,0.14,"Rain, Partially cloudy",Partly cloudy throughout the day with morning rain.,rain,"44454099999,VNKT,44449099999"
kathmandu,2022-09-01,80.6,69.8,73.6,82.8,69.8,73.7,68.4,84.4,0.004,100,4.17,rain,0,0,14.5,8.1,263.5,1015,82.2,4.3,35.7,3,1,,2022-09-01T05:42:19,2022-09-01T18:24:58,0.17,"Rain, Partially cloudy",Partly cloudy throughout the day with morning rain.,rain,"44454099999,VNKT,44449099999"
kathmandu,2022-09-02,79.2,67.9,73.2,79.2,67.9,73.2,67.5,82.9,0.039,100,4.17,rain,0,0,12.8,10.3,277.3,1015.3,82.6,4.7,71.3,6,3,,2022-09-02T05:42:47,2022-09-02T18:23:52,0.21,"Rain, Partially cloudy",Partly cloudy throughout the day with late afternoon rain.,rain,"44454099999,VNKT,remote,44449099999"
kathmandu,2022-09-03,83.6,67.7,74.7,87.9,67.7,75.3,67.8,80.4,0.02,100,4.17,rain,0,0,19.2,8.1,250.9,1011.2,85.7,4.6,168.5,14.6,7,,2022-09-03T05:43:15,2022-09-03T18:22:45,0.25,"Rain, Partially cloudy",Partly cloudy throughout the day with late afternoon rain.,rain,"44454099999,VNKT,remote,44449099999"
kathmandu,2022-09-04,82.9,68.3,74.2,86.6,68.3,74.7,68.1,82.5,0.653,100,8.33,rain,0,0,16.3,12.8,209.9,1011.1,83.4,4.1,152.2,12.9,6,,2022-09-04T05:43:43,2022-09-04T18:21:38,0.28,"Rain, Partially cloudy",Partly cloudy throughout the day with rain.,rain,"44454099999,VNKT,remote,44449099999"
kathmandu,2022-09-05,83.1,69.1,75.2,87.5,69.1,75.7,68.6,80.8,0.012,100,4.17,rain,0,0,16.6,11.4,222.9,1012.8,82.7,4.3,184.5,15.8,7,,2022-09-05T05:44:11,2022-09-05T18:20:30,0.32,"Rain, Partially cloudy",Partly cloudy throughout the day with late afternoon rain.,rain,"44454099999,VNKT,44449099999"
kathmandu,2022-09-06,84.2,69.6,75.1,89.2,69.6,76,68.3,80.5,0.118,100,4.17,rain,0,0,14.8,16.2,217.4,1014.3,85,4.5,194.7,16.9,7,,2022-09-06T05:44:38,2022-09-06T18:19:22,0.35,"Rain, Partially cloudy",Partly cloudy throughout the day with late afternoon rain.,rain,"44454099999,VNKT,44449099999"
kathmandu,2022-09-07,80.6,68.3,72.2,83.9,68.3,72.3,68.9,89.7,1.59,100,8.33,rain,0,0,15.7,9.2,98.4,1016.4,90,4,142.7,12.5,6,,2022-09-07T05:45:06,2022-09-07T18:18:14,0.39,"Rain, Partially cloudy",Partly cloudy throughout the day with rain.,rain,"44454099999,VNKT,remote,44449099999"
kathmandu,2022-09-08,75.5,67.6,71.4,75.5,67.6,71.4,68.3,90.2,0.063,100,4.17,rain,0,0,14.1,8.1,51.2,1017.7,82.5,3.7,152.4,13.3,6,,2022-09-08T05:45:34,2022-09-08T18:17:06,0.42,"Rain, Partially cloudy",Partly cloudy throughout the day with late afternoon rain.,rain,"44454099999,VNKT,remote,44449099999"
kathmandu,2022-09-09,80.6,67.8,71.7,83.3,67.8,71.8,68,88.8,0,0,0,,0,0,12.3,12.6,103.8,1018.1,81.7,3.8,138.8,11.9,6,,2022-09-09T05:46:01,2022-09-09T18:15:57,0.46,Partially cloudy,Partly cloudy throughout the day.,partly-cloudy-day,"44454099999,VNKT,44449099999"
kathmandu,2022-09-10,80.6,65.7,72,82.8,65.7,72.2,67,85.2,0.984,100,8.33,rain,0,0,15.4,12.6,65.3,1017.1,86.1,4.7,169.4,14.7,7,,2022-09-10T05:46:28,2022-09-10T18:14:48,0.5,"Rain, Partially cloudy",Partly cloudy throughout the day with rain.,rain,"44454099999,VNKT,remote,44449099999"
kathmandu,2022-09-11,81.3,67.6,71.8,84.7,67.6,72.1,68,88.6,0.213,100,4.17,rain,0,0,14.8,11.4,96.2,1014.3,83.8,4.2,198.8,17.1,7,,2022-09-11T05:46:56,2022-09-11T18:13:38,0.53,"Rain, Partially cloudy",Partly cloudy throughout the day with late afternoon rain.,rain,"44454099999,VNKT,remote,44449099999"
kathmandu,2022-09-12,82.4,66.5,73.3,85.4,66.5,73.8,67.3,82.4,0.012,100,4.17,rain,0,0,20.4,11.4,204.5,1012.4,77.9,4.3,137.9,12,7,,2022-09-12T05:47:23,2022-09-12T18:12:29,0.56,"Rain, Partially cloudy",Partly cloudy throughout the day with late afternoon rain.,rain,"44454099999,VNKT,remote,44449099999"
kathmandu,2022-09-13,77,68,72,77,68,72,66.9,84.4,0.205,100,4.17,rain,0,0,17,10.8,160.3,1013.9,86.7,4.4,100.9,8.7,5,,2022-09-13T05:47:50,2022-09-13T18:11:19,0.59,"Rain, Partially cloudy",Partly cloudy throughout the day with late afternoon rain.,rain,"44454099999,VNKT,44449099999"
kathmandu,2022-09-14,78.1,66.2,71.1,78.1,66.2,71.1,67.1,87.8,0.37,100,8.33,rain,0,0,17.9,17.9,185.5,1015.1,86.3,4.9,114.6,10,4,,2022-09-14T05:48:18,2022-09-14T18:10:09,0.62,"Rain, Partially cloudy",Partly cloudy throughout the day with rain.,rain,"44454099999,VNKT,44449099999"
kathmandu,2022-09-15,78.1,66.8,71.2,78.1,66.8,71.2,67.9,89.6,0.768,100,8.33,rain,0,0,13.9,6.9,149,1013.2,88.8,4.5,93.8,8.2,7,,2022-09-15T05:48:45,2022-09-15T18:08:59,0.66,"Rain, Partially cloudy",Partly cloudy throughout the day with rain.,rain,"44454099999,VNKT,remote,44449099999"
kathmandu,2022-09-16,77.8,66.3,71.1,77.8,66.3,71.1,67.8,89.7,0.13,100,4.17,rain,0,0,13.4,14.4,174.2,1010.2,88.9,4.7,84,7.4,5,,2022-09-16T05:49:13,2022-09-16T18:07:49,0.69,"Rain, Partially cloudy",Partly cloudy throughout the day with late afternoon rain.,rain,"44454099999,VNKT,remote,44449099999"
kathmandu,2022-09-17,75.2,66.6,71,75.2,66.6,71,68,90.7,0.303,100,4.17,rain,0,0,18.3,11.2,152.4,1011.4,87.9,4.3,69.5,6,3,,2022-09-17T05:49:40,2022-09-17T18:06:39,0.72,"Rain, Partially cloudy",Partly cloudy throughout the day with late afternoon rain.,rain,"44454099999,VNKT,remote,44449099999"
kathmandu,2022-09-18,81.7,67.4,73.6,85.5,67.4,73.8,68.5,84.9,0.078,100,8.33,rain,0,0,17.9,13.4,230.4,1013.3,79.2,4.7,134.9,11.7,7,,2022-09-18T05:50:08,2022-09-18T18:05:28,0.75,"Rain, Partially cloudy",Partly cloudy throughout the day with early morning rain.,rain,"44454099999,VNKT,remote,44449099999"
kathmandu,2022-09-19,83.1,67.6,73.4,87.5,67.6,74.3,68.2,84.8,0.012,100,4.17,rain,0,0,15.9,13.4,194.9,1014.8,76.9,4.5,190.9,16.3,8,,2022-09-19T05:50:35,2022-09-19T18:04:18,0.79,"Rain, Partially cloudy",Partly cloudy throughout the day with late afternoon rain.,rain,"44454099999,VNKT,44449099999"
kathmandu,2022-09-20,82.4,65.7,73,84.7,65.7,73.4,68.3,86,0.008,100,4.17,rain,0,0,15,11.4,216.7,1014,82.2,4.3,193.7,16.7,7,,2022-09-20T05:51:03,2022-09-20T18:03:08,0.82,"Rain, Partially cloudy",Partly cloudy throughout the day with late afternoon rain.,rain,"44454099999,VNKT,remote,44449099999"
kathmandu,2022-09-21,83.1,69.4,74.2,87.5,69.4,74.9,68.7,83.8,0.012,100,4.17,rain,0,0,17,13.9,202.3,1014.5,72.3,4.5,177.8,15.3,8,,2022-09-21T05:51:30,2022-09-21T18:01:57,0.85,"Rain, Partially cloudy",Partly cloudy throughout the day with late afternoon rain.,rain,"44454099999,VNKT,44449099999"
kathmandu,2022-09-22,83.4,67.6,74,88,67.6,74.7,67.5,81,0,0,0,,0,0,15.4,12.7,183.6,1014.5,65.4,5,205.5,17.8,8,,2022-09-22T05:51:58,2022-09-22T18:00:47,0.88,Partially cloudy,Partly cloudy throughout the day.,partly-cloudy-day,"44454099999,VNKT,44449099999"
kathmandu,2022-09-23,83.1,68,73.9,87.4,68,74.4,68.4,84.1,1.102,100,8.33,rain,0,0,13.9,11.4,185,1013.7,84.2,4.4,153.1,13.1,6,,2022-09-23T05:52:26,2022-09-23T17:59:37,0.91,"Rain, Partially cloudy",Partly cloudy throughout the day with rain.,rain,"44454099999,VNKT,44449099999"
kathmandu,2022-09-24,82.4,67.3,73.3,85.9,67.3,73.7,66.8,81,0.484,100,8.33,rain,0,0,13,12.8,195.3,1013.6,82.3,4.2,144.7,12.5,6,,2022-09-24T05:52:54,2022-09-24T17:58:27,0.95,"Rain, Partially cloudy",Partly cloudy throughout the day with rain.,rain,"44454099999,VNKT,remote,44449099999"
kathmandu,2022-09-25,82.2,66.8,72.2,84.9,66.8,72.3,66.8,83.7,0.823,100,8.33,rain,0,0,15.2,15,274.9,1014.7,85.5,4.5,166.3,14.4,6,,2022-09-25T05:53:22,2022-09-25T17:57:17,0.98,"Rain, Partially cloudy",Partly cloudy throughout the day with rain.,rain,"44454099999,VNKT,remote,44449099999"
kathmandu,2022-09-26,77.9,68,72.1,77.9,68,72.1,66,81.8,0,0,0,,0,0,16.8,10.3,252.2,1015.9,79.5,4.3,126.9,11.1,5,,2022-09-26T05:53:51,2022-09-26T17:56:07,0,Partially cloudy,Partly cloudy throughout the day.,partly-cloudy-day,"44454099999,VNKT,44449099999"
kathmandu,2022-09-27,80.6,64.3,72.2,82.3,64.3,72.3,65.4,80.1,0.236,100,4.17,rain,0,0,14.8,12.7,214.8,1013.9,70.8,4.4,201.1,17.5,7,,2022-09-27T05:54:19,2022-09-27T17:54:58,0.05,"Rain, Partially cloudy",Partly cloudy throughout the day with morning rain.,rain,"44454099999,VNKT,remote,44449099999"
kathmandu,2022-09-28,80.6,64.5,72.1,82.8,64.5,72.5,65.7,81.5,0.012,100,8.33,rain,0,0,15.4,10.3,256.5,1013.3,54.1,4.8,175.1,15.3,7,,2022-09-28T05:54:48,2022-09-28T17:53:48,0.08,"Rain, Partially cloudy",Partly cloudy throughout the day with early morning rain.,rain,"44454099999,VNKT,remote"
kathmandu,2022-09-29,82.4,66.2,72.9,84.7,66.2,73.2,65.3,78.3,0.012,100,4.17,rain,0,0,14.3,12.8,198.7,1013.6,65.8,4.8,200.9,17.4,7,,2022-09-29T05:55:17,2022-09-29T17:52:39,0.12,"Rain, Partially cloudy",Partly cloudy throughout the day with late afternoon rain.,rain,"44454099999,VNKT,remote"
kathmandu,2022-09-30,80.6,63.2,72.4,82.8,63.2,72.6,65.8,80.7,0,0,0,,0,0,17.4,11.4,202.8,1014,81.3,4.4,214.7,18.5,8,,2022-09-30T05:55:46,2022-09-30T17:51:30,0.16,Partially cloudy,Partly cloudy throughout the day.,partly-cloudy-day,"44454099999,VNKT,remote"
kathmandu,2022-10-01,82,65.6,72.9,84.6,65.6,73.1,66.1,80.1,0,0,0,,0,0,15.7,12.6,115.9,1013.3,72.8,4.3,203.4,17.5,7,,2022-10-01T05:56:15,2022-10-01T17:50:22,0.19,Partially cloudy,Partly cloudy throughout the day.,partly-cloudy-day,"44454099999,VNKT,remote,44449099999"
kathmandu,2022-10-02,85.7,67.6,74.1,88.6,67.6,74.6,64.8,74.5,0,0,0,,0,0,15.7,12.8,175.3,1013.2,63,4.9,224.5,19.6,8,,2022-10-02T05:56:45,2022-10-02T17:49:13,0.23,Partially cloudy,Partly cloudy throughout the day.,partly-cloudy-day,"44454099999,VNKT,44449099999"
kathmandu,2022-10-03,86,65,72.7,88.9,65,73.3,65.5,79.9,1.339,100,4.17,rain,0,0,26.4,13.9,213.8,1014.7,49.1,4.5,201.3,17.4,8,,2022-10-03T05:57:15,2022-10-03T17:48:06,0.25,"Rain, Partially cloudy",Becoming cloudy in the afternoon with late afternoon rain.,rain,"44454099999,VNKT,44449099999"
kathmandu,2022-10-04,73.7,66.3,69.3,73.7,66.3,69.3,66.5,90.9,0.657,100,4.17,rain,0,0,16.8,7.4,129.2,1016.8,89.5,4.2,64.2,5.5,4,,2022-10-04T05:57:45,2022-10-04T17:46:58,0.3,"Rain, Partially cloudy",Partly cloudy throughout the day with late afternoon rain.,rain,"44454099999,VNKT,remote,44449099999"
kathmandu,2022-10-05,72.7,65.6,68.2,72.7,65.6,68.2,65.1,90.3,0.886,100,8.33,rain,0,0,20.4,10.3,98.6,1018.2,91.4,4.2,47.3,4.2,2,,2022-10-05T05:58:15,2022-10-05T17:45:51,0.33,"Rain, Overcast",Cloudy skies throughout the day with rain.,rain,"44454099999,VNKT,remote,44449099999"
kathmandu,2022-10-06,66.3,64.2,65.4,66.3,64.2,65.4,64.5,97.2,1.878,100,8.33,rain,0,0,12.5,8.1,69.7,1019,95.5,3.7,40.9,3.5,2,,2022-10-06T05:58:46,2022-10-06T17:44:44,0.37,"Rain, Overcast",Cloudy skies throughout the day with rain.,rain,"44454099999,VNKT,44449099999"
kathmandu,2022-10-07,80,63.9,67.7,82.1,63.9,67.8,65,91.7,0.374,100,8.33,rain,0,0,16.6,9.2,221.5,1019,86.3,4.5,138.6,12,6,,2022-10-07T05:59:17,2022-10-07T17:43:38,0.41,"Rain, Partially cloudy",Partly cloudy throughout the day with rain.,rain,"44454099999,VNKT,44449099999"
kathmandu,2022-10-08,80.4,64.4,70.4,83,64.4,70.5,64.4,82.9,0.047,100,4.17,rain,0,0,17.4,12.7,278.8,1018.5,64.3,4.8,131.6,11.5,6,,2022-10-08T05:59:48,2022-10-08T17:42:32,0.44,"Rain, Partially cloudy",Partly cloudy throughout the day with late afternoon rain.,rain,"44454099999,VNKT,44449099999"
kathmandu,2022-10-09,80.9,62.7,70.3,83.9,62.7,70.5,64.1,81.7,0,0,0,,0,0,19.5,10.3,288.1,1018.8,73.6,5.2,202.2,17.4,8,,2022-10-09T06:00:20,2022-10-09T17:41:27,0.48,Partially cloudy,Partly cloudy throughout the day.,partly-cloudy-day,"44454099999,VNKT,remote,44449099999"
kathmandu,2022-10-10,77,65.8,70.5,77,65.8,70.5,64.7,82.6,0,0,0,,0,0,17.4,11.4,263.1,1019.7,85.3,4.6,157.9,13.7,7,,2022-10-10T06:00:52,2022-10-10T17:40:23,0.5,Partially cloudy,Partly cloudy throughout the day.,partly-cloudy-day,"44454099999,VNKT,44449099999"
kathmandu,2022-10-11,75.3,61.9,68,75.3,61.9,68,62.6,83.7,0.008,100,4.17,rain,0,0,16.8,9.2,233.8,1017.3,74.7,4.5,185.4,16.1,7,,2022-10-11T06:01:24,2022-10-11T17:39:19,0.54,"Rain, Partially cloudy",Partly cloudy throughout the day with late afternoon rain.,rain,"44454099999,VNKT,44449099999"
kathmandu,2022-10-12,79.8,61.4,69.3,79.8,61.4,69.3,63.4,82.6,0.071,100,4.17,rain,0,0,16.1,10.3,246.8,1016.8,65.3,5.2,117.8,10.1,5,,2022-10-12T06:01:57,2022-10-12T17:38:15,0.58,"Rain, Partially cloudy",Partly cloudy throughout the day with late afternoon rain.,rain,"44454099999,VNKT,remote,44449099999"
kathmandu,2022-10-13,79.2,62.5,69.8,79.2,62.5,69.8,62.3,78.3,0.02,100,4.17,rain,0,0,15.2,10.3,211.7,1017.9,78.1,4.9,155.6,13.5,6,,2022-10-13T06:02:30,2022-10-13T17:37:12,0.61,"Rain, Partially cloudy",Partly cloudy throughout the day with late afternoon rain.,rain,"44454099999,VNKT,remote,44449099999"
kathmandu,2022-10-14,77,62.5,68.7,77,62.5,68.7,60.7,76.9,0.02,100,4.17,rain,0,0,15.9,10.3,199,1018.1,50.6,5.2,197.1,16.9,8,,2022-10-14T06:03:03,2022-10-14T17:36:10,0.64,"Rain, Partially cloudy",Partly cloudy throughout the day with late afternoon rain.,rain,"44454099999,VNKT,44449099999"
kathmandu,2022-10-15,78.8,62.6,69.1,78.8,62.6,69.1,61.4,77.9,0,0,0,,0,0,15,8.1,231.1,1017.7,55.3,5.3,184.8,15.9,7,,2022-10-15T06:03:37,2022-10-15T17:35:09,0.67,Partially cloudy,Clearing in the afternoon.,partly-cloudy-day,"44454099999,VNKT,44449099999"
kathmandu,2022-10-16,80.6,60.9,68.8,80.9,60.9,68.8,57.1,69.7,0,0,0,,0,0,16.3,11.4,171.6,1020.2,40.4,5.1,193.1,16.7,8,,2022-10-16T06:04:11,2022-10-16T17:34:08,0.71,Partially cloudy,Partly cloudy throughout the day.,partly-cloudy-day,"44454099999,VNKT,44449099999"
kathmandu,2022-10-17,78.9,57.1,66.6,78.9,57.1,66.6,50.5,59.2,0,0,0,,0,0,15.4,8.1,123.9,1020.2,25.3,5.4,225.3,19.4,8,,2022-10-17T06:04:46,2022-10-17T17:33:08,0.75,Partially cloudy,Partly cloudy throughout the day.,partly-cloudy-day,"44454099999,VNKT,44449099999"
kathmandu,2022-10-18,77,55.3,64.6,77,55.3,64.6,53.6,69.6,0,0,0,,0,0,17,8.1,170.8,1018.6,29.1,5.2,219.7,19,8,,2022-10-18T06:05:21,2022-10-18T17:32:09,0.77,Partially cloudy,Partly cloudy throughout the day.,partly-cloudy-day,"44454099999,VNKT,44449099999"
kathmandu,2022-10-19,74.3,55,63.9,74.3,55,63.9,54.3,73.4,0,0,0,,0,0,14.3,10.3,180,1018.5,40.2,4.3,179,15.3,7,,2022-10-19T06:05:56,2022-10-19T17:31:10,0.8,Partially cloudy,Partly cloudy throughout the day.,partly-cloudy-day,"44454099999,VNKT,remote,44449099999"
kathmandu,2022-10-20,75.2,54.9,64.1,75.2,54.9,64.1,54,72,0,0,0,,0,0,13.4,10.3,234,1021,33.3,4.7,187.6,16,6,,2022-10-20T06:06:32,2022-10-20T17:30:13,0.83,Partially cloudy,Partly cloudy throughout the day.,partly-cloudy-day,"44454099999,VNKT,44449099999"
kathmandu,2022-10-21,77.3,55.3,64.9,77.3,55.3,64.9,54.7,71.9,0,0,0,,0,0,14.3,9.2,258,1022.2,26.6,4.5,217.1,18.9,8,,2022-10-21T06:07:08,2022-10-21T17:29:16,0.87,Partially cloudy,Partly cloudy throughout the day.,partly-cloudy-day,"44454099999,VNKT,44449099999"
kathmandu,2022-10-22,77.4,54.9,65,77.4,54.9,65,51.4,65.2,0,0,0,,0,0,14.8,13.9,148.3,1023.1,26.6,4.9,204.5,17.8,8,,2022-10-22T06:07:45,2022-10-22T17:28:21,0.9,Partially cloudy,Partly cloudy throughout the day.,partly-cloudy-day,"44454099999,VNKT,44449099999"
kathmandu,2022-10-23,79.5,52.6,65.5,79.5,52.6,65.5,49.8,60.8,0,0,0,,0,0,13.9,9.2,98.6,1021.9,32.3,5.2,212.7,18.4,8,,2022-10-23T06:08:22,2022-10-23T17:27:26,0.93,Partially cloudy,Partly cloudy throughout the day.,partly-cloudy-day,"44454099999,VNKT,remote,44449099999"
kathmandu,2022-10-24,79.3,51.9,65.4,79.3,51.9,65.4,51.8,65,0,0,0,,0,0,18.1,10.3,266.3,1015.9,34.2,5.3,217.9,18.8,8,,2022-10-24T06:09:00,2022-10-24T17:26:32,0.96,Partially cloudy,Partly cloudy throughout the day.,partly-cloudy-day,"44454099999,VNKT,remote,44449099999"
kathmandu,2022-10-25,76.3,55.2,64.9,76.3,55.2,64.9,52.4,66.7,0,0,0,,0,0,17.2,13.9,286.1,1014.1,33.6,5.2,222.5,19.3,8,,2022-10-25T06:09:38,2022-10-25T17:25:39,0,Partially cloudy,Partly cloudy throughout the day.,partly-cloudy-day,"44454099999,VNKT,44449099999"
kathmandu,2022-10-26,76.3,53.9,64.2,76.3,53.9,64.2,52.4,66.6,0,0,0,,0,0,16.1,12.6,211.4,1019.2,36.7,5.2,171.4,14.9,6,,2022-10-26T06:10:16,2022-10-26T17:24:47,0.03,Partially cloudy,Partly cloudy throughout the day.,partly-cloudy-day,"44454099999,VNKT,44449099999"
kathmandu,2022-10-27,74.5,55.7,63.6,74.5,55.7,63.6,56.6,79.4,0.012,100,8.33,rain,0,0,15.2,12.8,221.4,1019.3,61.2,4.4,146,12.7,6,,2022-10-27T06:10:55,2022-10-27T17:23:56,0.06,"Rain, Partially cloudy",Partly cloudy throughout the day with early morning rain.,rain,"44454099999,VNKT,remote,44449099999"
kathmandu,2022-10-28,74.1,53.3,63.5,74.1,53.3,63.5,55.9,78.3,0.008,100,8.33,rain,0,0,14.8,9.2,249.3,1019.4,44.7,4.1,157.7,13.6,6,,2022-10-28T06:11:35,2022-10-28T17:23:07,0.1,"Rain, Partially cloudy",Partly cloudy throughout the day with early morning rain.,rain,"44454099999,VNKT,remote,44449099999"
kathmandu,2022-10-29,75.2,54.6,64,75.2,54.6,64,54.8,74.3,0,0,0,,0,0,12.8,9.2,246.9,1020.1,45.4,4.5,167.5,14.5,7,,2022-10-29T06:12:15,2022-10-29T17:22:18,0.14,Partially cloudy,Partly cloudy throughout the day.,partly-cloudy-day,"44454099999,VNKT,remote,44449099999"
kathmandu,2022-10-30,77,53.6,63.9,77,53.6,63.9,53.3,71.2,0,0,0,,0,0,13.6,10.3,243.4,1020.6,28,5,186,16.2,7,,2022-10-30T06:12:55,2022-10-30T17:21:30,0.17,Partially cloudy,Partly cloudy throughout the day.,partly-cloudy-day,"44454099999,VNKT,44449099999"
kathmandu,2022-10-31,75.2,53.4,63.7,75.2,53.4,63.7,53.8,72.2,0,0,0,,0,0,14.5,9.2,229.9,1020.4,26.2,4.4,207.7,17.9,8,,2022-10-31T06:13:36,2022-10-31T17:20:44,0.21,Partially cloudy,Partly cloudy throughout the day.,partly-cloudy-day,"44454099999,VNKT,remote,44449099999"
kathmandu,2022-11-01,75.2,53.6,63.4,75.2,53.6,63.4,53.6,72.7,0,0,0,,0,0,15.7,14.4,259.8,1020.6,25.9,4.5,206.4,17.9,8,,2022-11-01T06:14:17,2022-11-01T17:19:59,0.25,Partially cloudy,Partly cloudy throughout the day.,partly-cloudy-day,"44454099999,VNKT,remote,44449099999"
kathmandu,2022-11-02,74.1,53.4,62.6,74.1,53.4,62.6,52.6,72.3,0,0,0,,0,0,16.1,9.2,252.3,1018.8,28,4.8,208.3,17.9,8,,2022-11-02T06:14:58,2022-11-02T17:19:15,0.28,Partially cloudy,Partly cloudy throughout the day.,partly-cloudy-day,"44454099999,VNKT,44449099999"
kathmandu,2022-11-03,75.2,51.3,61.9,75.2,51.3,61.9,49.7,67.4,0,0,0,,0,0,14.8,8.1,193,1018.3,27,5.1,187.8,16.4,7,,2022-11-03T06:15:40,2022-11-03T17:18:32,0.31,Partially cloudy,Partly cloudy throughout the day.,partly-cloudy-day,"44454099999,VNKT,remote,44449099999"
kathmandu,2022-11-04,74.3,52.4,62.4,74.3,52.4,62.4,52.5,72.2,0,0,0,,0,0,13.6,8.9,157.7,1020.3,29.7,4.3,192.6,16.6,7,,2022-11-04T06:16:23,2022-11-04T17:17:50,0.35,Partially cloudy,Partly cloudy throughout the day.,partly-cloudy-day,"44454099999,VNKT,remote,44449099999"
kathmandu,2022-11-05,75.2,52.9,63,75.2,52.9,63,52.9,71.8,0,0,0,,0,0,14.5,9.2,257.8,1022.5,23.7,4.4,200.3,17.3,7,,2022-11-05T06:17:06,2022-11-05T17:17:10,0.39,Partially cloudy,Partly cloudy throughout the day.,partly-cloudy-day,"44454099999,VNKT,remote,44449099999"
kathmandu,2022-11-06,73.4,53.1,62.3,73.4,53.1,62.3,53.9,75.9,0,0,0,,0,0,14.5,14.4,261.1,1022.7,27.5,4.3,162.4,14.1,6,,2022-11-06T06:17:49,2022-11-06T17:16:31,0.42,Partially cloudy,Partly cloudy throughout the day.,partly-cloudy-day,"44454099999,VNKT,44449099999"
kathmandu,2022-11-07,73,54.1,62,73,54.1,62,54.8,79.1,0,0,0,,0,0,15,10.3,267.9,1021.4,44.8,4.5,175.4,15.1,6,,2022-11-07T06:18:33,2022-11-07T17:15:54,0.46,Partially cloudy,Partly cloudy throughout the day.,partly-cloudy-day,"44454099999,VNKT,remote,44449099999"
kathmandu,2022-11-08,71.6,53.7,61.9,71.6,53.7,61.9,53.6,76.2,0,0,0,,0,0,14.5,8.1,232.3,1021.5,75.7,4.1,145,12.5,5,,2022-11-08T06:19:16,2022-11-08T17:15:17,0.5,Partially cloudy,Partly cloudy throughout the day.,partly-cloudy-day,"44454099999,VNKT,remote,44449099999"
kathmandu,2022-11-09,73.4,54.7,63,73.4,54.7,63,52.2,70.5,0,0,0,,0,0,15.2,9.2,217.8,1021.5,58.8,4.1,136.2,11.6,6,,2022-11-09T06:20:01,2022-11-09T17:14:42,0.53,Partially cloudy,Partly cloudy throughout the day.,partly-cloudy-day,"44454099999,VNKT,44449099999"
kathmandu,2022-11-10,72.8,53.4,62.1,72.8,53.4,62.1,52.6,73.3,0.004,100,4.17,rain,0,0,13.9,10.3,250.9,1021.4,44.9,4.1,129.3,11.1,6,,2022-11-10T06:20:45,2022-11-10T17:14:09,0.56,"Rain, Partially cloudy",Partly cloudy throughout the day with early morning rain.,rain,"44454099999,VNKT,remote,44449099999"
kathmandu,2022-11-11,73.4,52.5,61.2,73.4,52.5,61.2,52,74,0,0,0,,0,0,15.4,9.2,220.6,1020.5,38.5,4.1,167.8,14.4,6,,2022-11-11T06:21:30,2022-11-11T17:13:37,0.59,Partially cloudy,Partly cloudy throughout the day.,partly-cloudy-day,"44454099999,VNKT,remote,44449099999"
kathmandu,2022-11-12,71.6,50,59.5,71.6,50,59.5,49.8,73.4,0,0,0,,0,0,16.6,10.3,270.3,1019.9,27,4.3,182.5,15.7,7,,2022-11-12T06:22:16,2022-11-12T17:13:06,0.62,Partially cloudy,Partly cloudy throughout the day.,partly-cloudy-day,"44454099999,VNKT,44449099999"
kathmandu,2022-11-13,69.8,48.2,57.8,69.8,47.3,57.7,48.4,73.4,0,0,0,,0,0,15,9.2,193.3,1019.3,27.1,4.3,174.2,14.9,7,,2022-11-13T06:23:01,2022-11-13T17:12:37,0.65,Partially cloudy,Partly cloudy throughout the day.,partly-cloudy-day,"44454099999,VNKT,remote,44449099999"
kathmandu,2022-11-14,69.8,49.3,58.4,69.8,48.6,58.3,49.8,75.8,0,0,0,,0,0,15.7,10.3,240.8,1020.4,39.4,3.6,173.3,14.8,7,,2022-11-14T06:23:47,2022-11-14T17:12:09,0.69,Partially cloudy,Partly cloudy throughout the day.,partly-cloudy-day,"44454099999,VNKT,remote,44449099999"
kathmandu,2022-11-15,71.6,49.8,58.9,71.6,49.8,58.9,50.6,76.1,0,0,0,,0,0,15.7,9.2,241.9,1019.2,34.7,3.4,172.1,15,7,,2022-11-15T06:24:33,2022-11-15T17:11:43,0.72,Partially cloudy,Partly cloudy throughout the day.,partly-cloudy-day,"44454099999,VNKT,remote,44449099999"
kathmandu,2022-11-16,71.6,50.9,59.1,71.6,50.9,59.1,51.2,77.2,0,0,0,,0,0,14.3,6.9,194.5,1017.9,29.3,3.7,143.5,12.3,6,,2022-11-16T06:25:19,2022-11-16T17:11:18,0.75,Partially cloudy,Partly cloudy throughout the day.,partly-cloudy-day,"44454099999,VNKT,44449099999"
kathmandu,2022-11-17,68,49.5,57.9,68,49.5,57.9,50.1,76.9,0,0,0,,0,0,15.9,7.8,213.4,1017.1,43.4,3.6,151,13,6,,2022-11-17T06:26:06,2022-11-17T17:10:55,0.78,Partially cloudy,Clearing in the afternoon.,partly-cloudy-day,"44454099999,VNKT,remote,44449099999"
kathmandu,2022-11-18,69.4,50.9,58.6,69.4,50.9,58.6,50.9,77.4,0,0,0,,0,0,14.1,9.2,184.2,1019.9,41.7,3.3,170.3,14.6,7,,2022-11-18T06:26:52,2022-11-18T17:10:33,0.82,Partially cloudy,Partly cloudy throughout the day.,partly-cloudy-day,"44454099999,VNKT,44449099999"
kathmandu,2022-11-19,73.4,48.7,59.1,73.4,48.7,59.1,49.7,73.5,0,0,0,,0,0,15,8.1,225.9,1020.6,26.8,3.5,176.8,15.2,7,,2022-11-19T06:27:39,2022-11-19T17:10:13,0.85,Partially cloudy,Partly cloudy throughout the day.,partly-cloudy-day,"44454099999,VNKT,remote,44449099999"
kathmandu,2022-11-20,71.6,49.1,59,71.6,49.1,59,50.1,74.6,0,0,0,,0,0,16.8,9.2,252.3,1019.1,28,3.9,186.5,16.2,7,,2022-11-20T06:28:26,2022-11-20T17:09:54,0.88,Partially cloudy,Partly cloudy throughout the day.,partly-cloudy-day,"44454099999,VNKT,44449099999"
kathmandu,2022-11-21,71.6,47.3,58.2,71.6,47.3,58.1,48.8,73.5,0,0,0,,0,0,18.8,11.4,272,1017.1,25.7,4.5,187.2,16.1,7,,2022-11-21T06:29:13,2022-11-21T17:09:37,0.91,Partially cloudy,Partly cloudy throughout the day.,partly-cloudy-day,"44454099999,VNKT,remote,44449099999"
kathmandu,2022-11-22,71.6,47.2,57.3,71.6,47.2,57.3,47.9,73.4,0,0,0,,0,0,16.1,9.2,227.8,1017.2,27.3,4.5,179.4,15.5,7,,2022-11-22T06:30:00,2022-11-22T17:09:21,0.95,Partially cloudy,Partly cloudy throughout the day.,partly-cloudy-day,"44454099999,VNKT,remote,44449099999"
kathmandu,2022-11-23,69.8,46.1,56.8,69.8,46.1,56.8,48.6,75.8,0,0,0,,0,0,16.3,8.1,190.6,1017.6,30,4.1,173.4,14.9,7,,2022-11-23T06:30:47,2022-11-23T17:09:07,0.98,Partially cloudy,Partly cloudy throughout the day.,partly-cloudy-day,"44454099999,VNKT,remote,44449099999"
kathmandu,2022-11-24,69.8,50,57.9,69.8,50,57.9,49.2,75.4,0.008,100,8.33,rain,0,0,13.9,8.1,142.7,1018.4,39.2,4.2,168.3,14.5,7,,2022-11-24T06:31:34,2022-11-24T17:08:55,0,"Rain, Partially cloudy",Partly cloudy throughout the day with early morning rain.,rain,"44454099999,VNKT,remote,44449099999"
kathmandu,2022-11-25,73.4,47.8,59,73.4,46.9,59,48.2,70.2,0,0,0,,0,0,15.4,9.2,193.7,1020.6,25.9,4.2,184,16,7,,2022-11-25T06:32:21,2022-11-25T17:08:44,0.05,Partially cloudy,Partly cloudy throughout the day.,partly-cloudy-day,"44454099999,VNKT,remote,44449099999"
kathmandu,2022-11-26,73.4,47.6,59,73.4,47.3,59,48.7,71.7,0,0,0,,0,0,15.7,9.2,262.3,1017.7,25.9,4.7,184.5,15.9,7,,2022-11-26T06:33:07,2022-11-26T17:08:35,0.08,Partially cloudy,Partly cloudy throughout the day.,partly-cloudy-day,"44454099999,VNKT,remote,44449099999"
kathmandu,2022-11-27,71.6,48.7,58.3,71.6,48.7,58.3,49.1,73.4,0,0,0,,0,0,13.6,8.1,235.2,1015.9,31.7,4.8,147.3,12.9,6,,2022-11-27T06:33:54,2022-11-27T17:08:28,0.12,Partially cloudy,Partly cloudy throughout the day.,partly-cloudy-day,"44454099999,VNKT,remote,44449099999"
kathmandu,2022-11-28,69.8,49,57.2,69.8,49,57.2,49.1,77.1,0,0,0,,0,0,14.8,8.1,228.7,1017.6,33,3.8,152,13.1,6,,2022-11-28T06:34:40,2022-11-28T17:08:22,0.15,Partially cloudy,Clearing in the afternoon.,partly-cloudy-day,"44454099999,VNKT,44449099999"
kathmandu,2022-11-29,69.8,48,57.9,69.8,48,57.9,49.3,75.6,0,0,0,,0,0,15.9,9.2,231,1019.5,26.8,3.7,173,14.9,7,,2022-11-29T06:35:27,2022-11-29T17:08:18,0.19,Partially cloudy,Partly cloudy throughout the day.,partly-cloudy-day,"44454099999,VNKT,remote,44449099999"
kathmandu,2022-11-30,69.8,47.8,57.1,69.8,47.3,57.1,49,76.1,0,0,0,,0,0,15.7,8.1,236.8,1020.4,39.7,3.9,170.5,14.7,7,,2022-11-30T06:36:13,2022-11-30T17:08:15,0.25,Partially cloudy,Partly cloudy throughout the day.,partly-cloudy-day,"44454099999,VNKT,remote,44449099999"
kathmandu,2022-12-01,69.8,46.4,56.3,69.8,46.4,56.3,47,73.7,0,0,0,,0,0,15.2,8.1,174.3,1019,31.6,4.6,170.1,14.6,6,,2022-12-01T06:36:58,2022-12-01T17:08:14,0.26,Partially cloudy,Partly cloudy throughout the day.,partly-cloudy-day,"44454099999,VNKT,remote,44449099999"
kathmandu,2022-12-02,71.6,46.4,56.4,71.6,45.3,56.3,46.4,72.7,0,0,0,,0,0,13.6,8.1,160.4,1019,27.9,4.6,160.2,14,6,,2022-12-02T06:37:44,2022-12-02T17:08:14,0.29,Partially cloudy,Partly cloudy throughout the day.,partly-cloudy-day,"44454099999,VNKT,44449099999"
kathmandu,2022-12-03,69.8,45.5,56,69.8,44.2,55.8,46.4,73.4,0,0,0,,0,0,14.5,8.1,200.3,1019.3,27.9,4.3,170.5,14.6,7,,2022-12-03T06:38:29,2022-12-03T17:08:17,0.33,Partially cloudy,Partly cloudy throughout the day.,partly-cloudy-day,"44454099999,VNKT,44449099999"
kathmandu,2022-12-04,69.8,45.7,55.7,69.8,45.3,55.6,46.9,75.1,0,0,0,,0,0,16.3,8.1,218.5,1019.4,27.9,4.1,174.4,14.9,7,,2022-12-04T06:39:13,2022-12-04T17:08:20,0.36,Partially cloudy,Partly cloudy throughout the day.,partly-cloudy-day,"44454099999,VNKT,44449099999"
kathmandu,2022-12-05,69.8,45.3,56,69.8,45.3,55.9,47.2,75,0,0,0,,0,0,15.7,9.2,194.4,1020.3,32.4,4.8,144.7,12.5,6,,2022-12-05T06:39:58,2022-12-05T17:08:26,0.4,Partially cloudy,Partly cloudy throughout the day.,partly-cloudy-day,"44454099999,VNKT,remote,44449099999"
kathmandu,2022-12-06,69.8,44.7,55.2,69.8,42.3,54.9,45.6,73.5,0,0,0,,0,0,15.7,6.9,170.4,1018.6,25.9,4.2,149.4,13.1,6,,2022-12-06T06:40:41,2022-12-06T17:08:33,0.43,Partially cloudy,Partly cloudy throughout the day.,partly-cloudy-day,"44454099999,VNKT,44449099999"
kathmandu,2022-12-07,68,45.4,54.8,68,45.3,54.7,46,74.6,0,0,0,,0,0,16.1,13.9,181.2,1017.7,36.5,4.3,155.5,13.4,7,,2022-12-07T06:41:24,2022-12-07T17:08:41,0.47,Partially cloudy,Partly cloudy throughout the day.,partly-cloudy-day,"44454099999,VNKT,remote,44449099999"
kathmandu,2022-12-08,69.8,44.6,55.2,69.8,43.2,55.2,45.3,72.2,0,0,0,,0,0,14.1,8.1,202.1,1019.2,35.1,4.6,154,13.3,6,,2022-12-08T06:42:07,2022-12-08T17:08:51,0.5,Partially cloudy,Partly cloudy throughout the day.,partly-cloudy-day,"44454099999,VNKT,remote,44449099999"
kathmandu,2022-12-09,69.8,44.7,55.1,69.8,43.4,55,45.8,73.3,0.004,100,4.17,rain,0,0,16.6,9.2,201.1,1018.6,31.8,4.4,158.1,13.5,6,,2022-12-09T06:42:49,2022-12-09T17:09:03,0.54,"Rain, Partially cloudy",Partly cloudy throughout the day with early morning rain.,rain,"44454099999,VNKT,remote,44449099999"
kathmandu,2022-12-10,68,44.4,54.4,68,44.4,54.2,45.7,74.8,0,0,0,,0,0,16.1,6.9,189.3,1018.7,26.2,4,169,14.6,6,,2022-12-10T06:43:30,2022-12-10T17:09:16,0.57,Partially cloudy,Partly cloudy throughout the day.,partly-cloudy-day,"44454099999,VNKT,44449099999"
kathmandu,2022-12-11,69.8,43.6,54.7,69.8,42,54.5,44.2,71,0,0,0,,0,0,16.1,10.3,228.1,1017.8,23.2,4.1,171.5,14.8,7,,2022-12-11T06:44:11,2022-12-11T17:09:31,0.6,Partially cloudy,Partly cloudy throughout the day.,partly-cloudy-day,"44454099999,VNKT,44449099999"
kathmandu,2022-12-12,69.8,42.4,54.4,69.8,40,54.1,43.8,71.3,0,0,0,,0,0,16.3,6.9,163.8,1016.9,27.4,3.9,174.4,15.3,7,,2022-12-12T06:44:50,2022-12-12T17:09:47,0.63,Partially cloudy,Partly cloudy throughout the day.,partly-cloudy-day,"44454099999,VNKT,remote,44449099999"
kathmandu,2022-12-13,71.6,42.6,54.1,71.6,40,53.8,44.7,73.4,0,0,0,,0,0,17.7,10.3,258.6,1017.5,27.2,3.8,172.8,15,7,,2022-12-13T06:45:29,2022-12-13T17:10:04,0.67,Partially cloudy,Partly cloudy throughout the day.,partly-cloudy-day,"44454099999,VNKT,44449099999"
kathmandu,2022-12-14,66.2,43.4,53.5,66.2,43.4,53.4,45.9,77,0,0,0,,0,0,15.9,10.3,208.3,1017.5,38.6,3.3,150.7,12.9,6,,2022-12-14T06:46:08,2022-12-14T17:10:24,0.7,Partially cloudy,Clearing in the afternoon.,partly-cloudy-day,"44454099999,VNKT,remote,44449099999"
kathmandu,2022-12-15,64.4,47.2,54.7,64.4,47.2,54.7,46.4,75,0.008,100,4.17,rain,0,0,14.8,9.2,240.8,1016.5,44.7,3.4,112.5,9.6,4,,2022-12-15T06:46:45,2022-12-15T17:10:44,0.73,"Rain, Partially cloudy",Partly cloudy throughout the day with early morning rain.,rain,"44454099999,VNKT,44449099999"
kathmandu,2022-12-16,66.2,47.7,55.7,66.2,47.2,55.6,48.3,77.9,0,0,0,,0,0,14.5,10.3,184.8,1016.3,52.3,4.4,127.8,10.9,5,,2022-12-16T06:47:21,2022-12-16T17:11:06,0.75,Partially cloudy,Partly cloudy throughout the day.,partly-cloudy-day,"44454099999,VNKT,remote,44449099999"
kathmandu,2022-12-17,68,46.4,55.1,68,45.3,55.1,47.1,76.6,0.004,100,4.17,rain,0,0,13.4,8.1,193.3,1018.7,51.4,2.8,96.3,8.2,4,,2022-12-17T06:47:57,2022-12-17T17:11:29,0.8,"Rain, Partially cloudy",Partly cloudy throughout the day with early morning rain.,rain,"44454099999,VNKT,remote,44449099999"
kathmandu,2022-12-18,69.8,45.7,55.4,69.8,45.7,55.3,47.2,76.2,0.008,100,8.33,rain,0,0,12.3,10.3,263.3,1019.5,41.9,3.3,96,8.3,4,,2022-12-18T06:48:31,2022-12-18T17:11:54,0.83,"Rain, Partially cloudy",Partly cloudy throughout the day with early morning rain.,rain,"44454099999,VNKT,remote,44449099999"
kathmandu,2022-12-19,68,45.7,54.4,68,45.3,54.2,45.9,75.6,0,0,0,,0,0,11.9,10.3,244.9,1017.8,36.6,3.9,96.7,8.4,4,,2022-12-19T06:49:05,2022-12-19T17:12:20,0.86,Partially cloudy,Partly cloudy throughout the day.,partly-cloudy-day,"44454099999,VNKT,44449099999"
kathmandu,2022-12-20,68,44.6,53.7,68,43.2,53.4,45.1,75.2,0,0,0,,0,0,13.6,9.2,165,1016.4,34.4,4,118.8,10.1,5,,2022-12-20T06:49:37,2022-12-20T17:12:47,0.9,Partially cloudy,Partly cloudy throughout the day.,partly-cloudy-day,"44454099999,VNKT,44449099999"
kathmandu,2022-12-21,68,44.6,54.1,68,44.6,53.9,46.6,78.2,0.004,100,4.17,rain,0,0,17.4,9.2,229.4,1017.2,34.9,3.9,137.5,11.8,6,,2022-12-21T06:50:09,2022-12-21T17:13:16,0.93,"Rain, Partially cloudy",Partly cloudy throughout the day with early morning rain.,rain,"44454099999,VNKT,remote,44449099999"
kathmandu,2022-12-22,66.2,45,52.6,66.2,43.4,52.4,46.1,80.5,0,0,0,,0,0,18.8,9.2,188.4,1016.4,44.6,3.2,164.8,14.2,7,,2022-12-22T06:50:39,2022-12-22T17:13:46,0.96,Partially cloudy,Clearing in the afternoon.,partly-cloudy-day,"44454099999,VNKT,44449099999"
kathmandu,2022-12-23,66.2,41.9,52.2,66.2,41.9,52,42.9,73.5,0,0,0,,0,0,17.4,6.9,241.6,1016.8,28,3.9,162.3,13.9,6,,2022-12-23T06:51:08,2022-12-23T17:14:17,0,Partially cloudy,Partly cloudy throughout the day.,partly-cloudy-day,"44454099999,VNKT,44449099999"
kathmandu,2022-12-24,66.2,42.4,52.3,66.2,41.2,51.8,41.1,69.4,0,0,0,,0,0,17.4,8.5,191.2,1017.8,34.1,3.7,145,12.6,7,,2022-12-24T06:51:36,2022-12-24T17:14:49,0.03,Partially cloudy,Partly cloudy throughout the day.,partly-cloudy-day,"44454099999,VNKT,remote,44449099999"
kathmandu,2022-12-25,68,40.5,51.6,68,39.1,51.1,39.1,65.8,0,0,0,,0,0,17.4,9.2,260.8,1018.3,28,4,175.6,15,7,,2022-12-25T06:52:02,2022-12-25T17:15:23,0.06,Partially cloudy,Partly cloudy throughout the day.,partly-cloudy-day,"44454099999,VNKT,44449099999"
kathmandu,2022-12-26,64.4,42.8,51.9,64.4,40,51.5,40.1,67.5,0,0,0,,0,0,17,8.1,224.4,1020,42,4.2,163.4,14,7,,2022-12-26T06:52:28,2022-12-26T17:15:57,0.1,Partially cloudy,Clearing in the afternoon.,partly-cloudy-day,"44454099999,VNKT,44449099999"
kathmandu,2022-12-27,66.2,40.3,50.9,66.2,38.3,50.5,37.8,65,0,0,0,,0,0,17.9,11.4,264.3,1017.2,27.6,4.2,171.8,14.7,6,,2022-12-27T06:52:52,2022-12-27T17:16:33,0.13,Partially cloudy,Partly cloudy throughout the day.,partly-cloudy-day,"44454099999,VNKT,remote,44449099999"
kathmandu,2022-12-28,64.4,38.5,49.1,64.4,36.2,48.5,38.6,69.7,0,0,0,,0,0,15.2,11.4,178.1,1017.3,28,3.6,140.5,12.1,6,,2022-12-28T06:53:14,2022-12-28T17:17:09,0.17,Partially cloudy,Partly cloudy throughout the day.,partly-cloudy-day,"44454099999,VNKT,44449099999"
kathmandu,2022-12-29,60.8,40.1,48.7,60.8,39.1,48.2,40.1,74.5,0,0,0,,0,0,13,6.9,192.3,1020.3,34.5,2.7,90.6,7.9,4,,2022-12-29T06:53:36,2022-12-29T17:17:47,0.2,Partially cloudy,Partly cloudy throughout the day.,partly-cloudy-day,"44454099999,VNKT,remote,44449099999"
kathmandu,2022-12-30,62.6,40.3,49.1,62.6,40.3,48.8,40.9,76.1,0,0,0,,0,0,13.9,9.1,234.8,1022.2,33.7,2.6,113.5,9.8,4,,2022-12-30T06:53:56,2022-12-30T17:18:25,0.25,Partially cloudy,Partly cloudy throughout the day.,partly-cloudy-day,"44454099999,VNKT,remote,44449099999"
kathmandu,2022-12-31,60.8,39.2,48.8,60.8,37.1,48.5,40.6,75.7,0,0,0,,0,0,14.8,10.3,254,1020.9,41.7,2.7,100.3,8.7,5,,2022-12-31T06:54:14,2022-12-31T17:19:05,0.27,Partially cloudy,Partly cloudy throughout the day.,partly-cloudy-day,"44454099999,VNKT,44449099999"
kathmandu,2023-01-01,60.8,40.6,49.4,60.8,38.7,49,41.8,77.2,0,0,0,,0,0,14.3,9,220.3,1022.3,29.6,2.9,76.6,6.7,3,,2023-01-01T06:54:31,2023-01-01T17:19:45,0.3,Partially cloudy,Partly cloudy throughout the day.,partly-cloudy-day,"44454099999,VNKT,44449099999"
