name,datetime,tempmax,tempmin,temp,feelslikemax,feelslikemin,feelslike,dew,humidity,precip,precipprob,precipcover,preciptype,snow,snowdepth,windgust,windspeed,winddir,sealevelpressure,cloudcover,visibility,solarradiation,solarenergy,uvindex,severerisk,sunrise,sunset,moonphase,conditions,description,icon,stations
"Kathmandu, Bagmati, Nepal",2023-01-01,16,4.8,9.7,16,3.7,9.4,5.5,77.3,0,0,0,rain,0,0,23,14.8,220.3,1022.3,29.7,4.8,76.6,6.7,3,10,2023-01-01T06:54:29,2023-01-01T17:19:47,0.3,Partially cloudy,Partly cloudy throughout the day.,partly-cloudy-day,"44454099999,VNKT,44449099999"
"Kathmandu, Bagmati, Nepal",2023-01-02,16,6,10.3,16,6,10.3,6.1,76.8,0,0,0,,0,0,24.8,14.8,223.6,1022.9,41.1,4.6,125.9,10.8,5,10,2023-01-02T06:54:44,2023-01-02T17:20:28,0.34,Partially cloudy,Partly cloudy throughout the day.,partly-cloudy-day,"44454099999,VNKT,44449099999"
"Kathmandu, Bagmati, Nepal",2023-01-03,17,4.8,9.9,17,4.8,9.8,5.3,76.1,0,0,0,,0,0,27,14.8,221.2,1023.1,28.1,4.4,151.7,13.2,7,10,2023-01-03T06:54:59,2023-01-03T17:21:10,0.37,Partially cloudy,Partly cloudy throughout the day.,partly-cloudy-day,"44454099999,VNKT,44449099999"
"Kathmandu, Bagmati, Nepal",2023-01-04,16,5.4,9.8,16,5.4,9.6,4.9,73.3,0.1,100,4.17,rain,0,0,24.1,16.5,203.7,1022.5,46.3,8.6,140.2,12.3,6,10,2023-01-04T06:55:11,2023-01-04T17:21:52,0.41,"Rain, Partially cloudy",Partly cloudy throughout the day with afternoon rain.,rain,"44454099999,VNKT,remote,44449099999"
"Kathmandu, Bagmati, Nepal",2023-01-05,18,3.8,9.6,18,2.6,9.4,3.1,67.6,0,0,0,,0,0,21.2,14.8,161.2,1024.2,28.1,6.4,160.3,13.9,6,10,2023-01-05T06:55:23,2023-01-05T17:22:35,0.44,Partially cloudy,Partly cloudy throughout the day.,partly-cloudy-day,"44454099999,VNKT,44449099999"
"Kathmandu, Bagmati, Nepal",2023-01-06,19,3,10.2,19,1.7,9.8,2.6,63.9,0,0,0,,0,0,27.4,14.8,118.6,1025.1,28.1,6,176.5,15.3,7,10,2023-01-06T06:55:33,2023-01-06T17:23:19,0.48,Partially cloudy,Partly cloudy throughout the day.,partly-cloudy-day,"44454099999,VNKT,44449099999"
"Kathmandu, Bagmati, Nepal",2023-01-07,21,3,10.8,21,0.9,10.4,1.2,57.6,0,0,0,,0,0,23.8,20.5,273.8,1023.4,28.1,7.2,188,16.2,7,10,2023-01-07T06:55:41,2023-01-07T17:24:04,0.5,Partially cloudy,Partly cloudy throughout the day.,partly-cloudy-day,"44454099999,VNKT,44449099999"
"Kathmandu, Bagmati, Nepal",2023-01-08,20,3,10.8,20,0.9,10.4,0.4,54.2,0,0,0,,0,0,21.2,13,106.6,1022.2,28.1,7.1,188.3,16.2,7,10,2023-01-08T06:55:48,2023-01-08T17:24:49,0.54,Partially cloudy,Partly cloudy throughout the day.,partly-cloudy-day,"44454099999,VNKT,44449099999"
"Kathmandu, Bagmati, Nepal",2023-01-09,20,4,11.1,20,3.3,10.9,1.2,55,0,0,0,,0,0,19.1,13,159,1022.9,28.1,7.4,187.8,16.1,7,10,2023-01-09T06:55:53,2023-01-09T17:25:35,0.58,Partially cloudy,Partly cloudy throughout the day.,partly-cloudy-day,"44454099999,VNKT,44449099999"
"Kathmandu, Bagmati, Nepal",2023-01-10,20,4.8,11.3,20,3.7,11.1,2.9,59.6,0,0,0,,0,0,25.9,13,156.4,1020.3,34.1,8.3,183.7,15.9,7,10,2023-01-10T06:55:56,2023-01-10T17:26:21,0.61,Partially cloudy,Partly cloudy throughout the day.,partly-cloudy-day,"44454099999,VNKT,remote,44449099999"
"Kathmandu, Bagmati, Nepal",2023-01-11,19,4.9,10.8,19,3.3,10.6,3.4,63.2,0,0,0,,0,0,25.2,22.3,180.3,1017.9,28.1,7.1,185.6,16,7,10,2023-01-11T06:55:59,2023-01-11T17:27:08,0.64,Partially cloudy,Partly cloudy throughout the day.,partly-cloudy-day,"44454099999,VNKT,44449099999"
"Kathmandu, Bagmati, Nepal",2023-01-12,19,4.8,10.8,19,2.7,10.6,3.9,65.1,0,0,0,,0,0,25.2,18.4,187.5,1016,34.3,7.7,183.2,15.8,7,10,2023-01-12T06:55:59,2023-01-12T17:27:55,0.68,Partially cloudy,Partly cloudy throughout the day.,partly-cloudy-day,"44454099999,VNKT,remote,44449099999"
"Kathmandu, Bagmati, Nepal",2023-01-13,18,4.6,10.9,18,3.5,10.7,5,69.6,0,0,0,,0,0,33.8,18.4,283.8,1016.9,28.1,7.2,181.7,15.6,7,10,2023-01-13T06:55:58,2023-01-13T17:28:42,0.71,Partially cloudy,Partly cloudy throughout the day.,partly-cloudy-day,"44454099999,VNKT,44449099999"
"Kathmandu, Bagmati, Nepal",2023-01-14,18,4.4,10.7,18,4,10.5,3,63.4,0,0,0,,0,0,34.6,22.3,288,1016.3,27.1,8.3,182.7,15.7,7,10,2023-01-14T06:55:55,2023-01-14T17:29:30,0.74,Partially cloudy,Partly cloudy throughout the day.,partly-cloudy-day,"44454099999,VNKT,remote,44449099999"
"Kathmandu, Bagmati, Nepal",2023-01-15,18,4,9.9,18,2.8,9.6,4.2,70.3,0,0,0,,0,0,30.2,16.5,244.4,1014.8,28.1,6.2,161,13.7,6,10,2023-01-15T06:55:51,2023-01-15T17:30:18,0.75,Partially cloudy,Partly cloudy throughout the day.,partly-cloudy-day,"44454099999,VNKT,44449099999"
"Kathmandu, Bagmati, Nepal",2023-01-16,16,4.4,9.4,16,3.8,9.2,5,76.1,0,0,0,,0,0,28.4,14.8,222.4,1016.5,41.4,4.8,149.2,13,6,10,2023-01-16T06:55:45,2023-01-16T17:31:07,0.81,Partially cloudy,Clearing in the afternoon.,partly-cloudy-day,"44454099999,VNKT,44449099999"
"Kathmandu, Bagmati, Nepal",2023-01-17,16,5,9.5,16,3.3,9.3,4.6,73.9,0,0,0,,0,0,28.4,13,245.7,1016.9,37.3,4.6,153.2,13.2,7,10,2023-01-17T06:55:38,2023-01-17T17:31:55,0.85,Partially cloudy,Clearing in the afternoon.,partly-cloudy-day,"44454099999,VNKT,44449099999"
"Kathmandu, Bagmati, Nepal",2023-01-18,16,4.9,9.2,16,4,9,3.5,70.1,0,0,0,,0,0,29.2,13,244,1019.1,37.2,5,169.1,14.7,7,10,2023-01-18T06:55:29,2023-01-18T17:32:44,0.88,Partially cloudy,Clearing in the afternoon.,partly-cloudy-day,"44454099999,VNKT,44449099999"
"Kathmandu, Bagmati, Nepal",2023-01-19,15,3.9,8.7,15,3.9,8.4,3.8,73.5,0,0,0,,0,0,28.4,18.4,257,1020.6,34.6,4.8,138.9,12.2,5,10,2023-01-19T06:55:19,2023-01-19T17:33:33,0.91,Partially cloudy,Clearing in the afternoon.,partly-cloudy-day,"44454099999,VNKT,remote,44449099999"
"Kathmandu, Bagmati, Nepal",2023-01-20,18.5,3.7,10,18.5,2.8,9.8,4.9,73.3,0,0,0,,0,0,33.5,18.4,255.7,1020,34.8,4.7,182.1,15.7,7,10,2023-01-20T06:55:07,2023-01-20T17:34:22,0.95,Partially cloudy,Partly cloudy throughout the day.,partly-cloudy-day,"44454099999,VNKT,remote,44449099999"
"Kathmandu, Bagmati, Nepal",2023-01-21,20,4.3,11,20,3.3,10.6,2.4,61.9,0,0,0,,0,0,35.3,27.7,305.4,1018.8,33.9,7.6,199,17.2,7,10,2023-01-21T06:54:53,2023-01-21T17:35:11,0.98,Partially cloudy,Partly cloudy throughout the day.,partly-cloudy-day,"44454099999,VNKT,remote,44449099999"
"Kathmandu, Bagmati, Nepal",2023-01-22,19,3.8,11,19,2.5,10.8,-0.2,52.2,0,0,0,,0,0,37.8,25.9,296.9,1019.2,25.5,8,200.4,17.4,7,10,2023-01-22T06:54:38,2023-01-22T17:36:00,0,Partially cloudy,Partly cloudy throughout the day.,partly-cloudy-day,"44454099999,VNKT,remote,44449099999"
"Kathmandu, Bagmati, Nepal",2023-01-23,21,4,11.9,21,2.8,11.6,1,52,0,0,0,,0,0,40.7,20.5,292.4,1018.5,24.4,7.2,201.5,17.6,8,10,2023-01-23T06:54:21,2023-01-23T17:36:49,0.05,Partially cloudy,Partly cloudy throughout the day.,partly-cloudy-day,"44454099999,VNKT,44449099999"
"Kathmandu, Bagmati, Nepal",2023-01-24,21,4.9,12.4,21,3.8,12.2,4.1,59.3,0,0,0,,0,0,42.5,29.5,286.6,1019.6,28.1,6.7,195.6,16.9,7,10,2023-01-24T06:54:03,2023-01-24T17:37:38,0.08,Partially cloudy,Partly cloudy throughout the day.,partly-cloudy-day,"44454099999,VNKT,44449099999"
"Kathmandu, Bagmati, Nepal",2023-01-25,21,6.8,13.4,21,6.2,13.3,6.2,64.9,0,0,0,,0,0,37.1,24.1,298.4,1019.5,33.6,5.5,193.3,16.8,7,10,2023-01-25T06:53:43,2023-01-25T17:38:27,0.11,Partially cloudy,Partly cloudy throughout the day.,partly-cloudy-day,"44454099999,VNKT,44449099999"
"Kathmandu, Bagmati, Nepal",2023-01-26,21,8.5,14.1,21,8.5,14,6.6,63.1,0,0,0,,0,0,39.2,20.5,289.7,1019.1,60.1,6.3,192.9,16.7,7,10,2023-01-26T06:53:22,2023-01-26T17:39:16,0.15,Partially cloudy,Partly cloudy throughout the day.,partly-cloudy-day,"44454099999,VNKT,44449099999"
"Kathmandu, Bagmati, Nepal",2023-01-27,22,6,13.4,22,4.5,13.2,4.7,60.8,0,0,0,,0,0,42.8,18.4,309.5,1018.6,30.1,7,207.8,18,8,10,2023-01-27T06:52:59,2023-01-27T17:40:05,0.18,Partially cloudy,Partly cloudy throughout the day.,partly-cloudy-day,"44454099999,VNKT,44449099999"
"Kathmandu, Bagmati, Nepal",2023-01-28,21,5,12.5,21,4.4,12.3,3,56.5,0,0,0,,0,0,29.9,16.6,223.8,1017.2,28.1,7.4,203,17.6,8,10,2023-01-28T06:52:35,2023-01-28T17:40:53,0.25,Partially cloudy,Partly cloudy throughout the day.,partly-cloudy-day,"44454099999,VNKT,44449099999"
"Kathmandu, Bagmati, Nepal",2023-01-29,21,5.9,12.8,21,4.5,12.6,4.9,61.5,0,0,0,,0,0,26.3,13,130.1,1019.4,34.3,6.3,196.9,16.9,7,10,2023-01-29T06:52:09,2023-01-29T17:41:42,0.25,Partially cloudy,Partly cloudy throughout the day.,partly-cloudy-day,"44454099999,VNKT,44449099999"
"Kathmandu, Bagmati, Nepal",2023-01-30,20,8.8,13.4,20,6.8,13.2,7.3,68.6,0,0,0,,0,0,25.9,11.9,134,1021.9,81.2,4.1,182.4,15.7,7,10,2023-01-30T06:51:42,2023-01-30T17:42:30,0.28,Partially cloudy,Partly cloudy throughout the day.,partly-cloudy-day,"44454099999,VNKT,44449099999"
"Kathmandu, Bagmati, Nepal",2023-01-31,23,8.9,15.1,23,8.9,15.1,6.3,60.5,0,0,0,,0,0,35.3,18.4,282.1,1018.8,53.8,5.5,198.3,17.2,7,10,2023-01-31T06:51:14,2023-01-31T17:43:18,0.32,Partially cloudy,Partly cloudy throughout the day.,partly-cloudy-day,"44454099999,VNKT,44449099999"
"Kathmandu, Bagmati, Nepal",2023-02-01,22,6.7,13.9,22,4.6,13.7,4.5,57.2,0,0,0,,0,0,34.2,18.4,290.8,1017,31.5,8.3,208.8,17.9,8,10,2023-02-01T06:50:44,2023-02-01T17:44:06,0.35,Partially cloudy,Partly cloudy throughout the day.,partly-cloudy-day,"44454099999,VNKT,remote,44449099999"
"Kathmandu, Bagmati, Nepal",2023-02-02,22,7,13.6,22,6.1,13.5,5.3,60.5,0,0,0,,0,0,25.9,16.5,187.1,1018,30.4,7.2,207.8,18,7,10,2023-02-02T06:50:12,2023-02-02T17:44:53,0.38,Partially cloudy,Partly cloudy throughout the day.,partly-cloudy-day,"44454099999,VNKT,remote,44449099999"
"Kathmandu, Bagmati, Nepal",2023-02-03,22,6.9,13.2,22,4.2,13,5.4,64.1,0,0,0,,0,0,27,16.6,190.6,1018.5,28,6,196.3,16.7,8,10,2023-02-03T06:49:40,2023-02-03T17:45:41,0.42,Partially cloudy,Partly cloudy throughout the day.,partly-cloudy-day,"44454099999,VNKT,44449099999"
"Kathmandu, Bagmati, Nepal",2023-02-04,21,7,13.4,21,5.9,13.3,6.5,66.2,0,0,0,,0,0,27.4,14.7,185,1015.9,28,6,189.9,16.4,7,10,2023-02-04T06:49:06,2023-02-04T17:46:28,0.45,Partially cloudy,Partly cloudy throughout the day.,partly-cloudy-day,"44454099999,VNKT,44449099999"
"Kathmandu, Bagmati, Nepal",2023-02-05,20,7.5,13.1,20,7.4,13.1,6.4,66.8,0,0,0,rain,0,0,24.5,20.5,178.9,1015.4,33.8,5.9,114,9.8,5,10,2023-02-05T06:48:30,2023-02-05T17:47:14,0.48,Partially cloudy,Partly cloudy throughout the day.,partly-cloudy-day,"44454099999,VNKT,44449099999"
"Kathmandu, Bagmati, Nepal",2023-02-06,21,7.5,13.2,21,6.7,13.1,7.1,69.3,0,0,0,,0,0,30.2,16.6,212.4,1015.4,34.1,5.2,132.6,11.5,6,10,2023-02-06T06:47:54,2023-02-06T17:48:00,0.5,Partially cloudy,Partly cloudy throughout the day.,partly-cloudy-day,"44454099999,VNKT,44449099999"
"Kathmandu, Bagmati, Nepal",2023-02-07,20,7.4,13,20,7.4,12.9,5.9,65.4,0,0,0,rain,0,0,34.9,20.6,246.7,1013.5,29.9,5.5,162.8,14,7,10,2023-02-07T06:47:16,2023-02-07T17:48:46,0.55,Partially cloudy,Partly cloudy throughout the day.,partly-cloudy-day,"44454099999,VNKT,44449099999"
"Kathmandu, Bagmati, Nepal",2023-02-08,19,6.6,12.6,19,6.2,12.5,5.9,65.4,0,0,0,rain,0,0,29.9,14.8,235.9,1015.6,40.2,5.8,188,16.1,7,10,2023-02-08T06:46:36,2023-02-08T17:49:32,0.59,Partially cloudy,Partly cloudy throughout the day.,partly-cloudy-day,"44454099999,VNKT,44449099999"
"Kathmandu, Bagmati, Nepal",2023-02-09,19.5,8,12.8,19.5,7.9,12.7,7.4,72,0.1,100,4.17,rain,0,0,27.4,16.5,216.1,1016.5,42.1,5.1,142.1,12.4,6,10,2023-02-09T06:45:56,2023-02-09T17:50:17,0.62,"Rain, Partially cloudy",Becoming cloudy in the afternoon with morning rain.,rain,"44454099999,VNKT,44449099999"
"Kathmandu, Bagmati, Nepal",2023-02-10,21,7.6,13.2,21,6.8,13.1,7.3,70.9,0,0,0,,0,0,36.4,22.3,282.3,1016.8,28.1,4.9,203.2,17.5,8,10,2023-02-10T06:45:14,2023-02-10T17:51:02,0.65,Partially cloudy,Partly cloudy throughout the day.,partly-cloudy-day,"44454099999,VNKT,44449099999"
"Kathmandu, Bagmati, Nepal",2023-02-11,22,7,14.2,22,6.2,14.1,6.4,63.6,0,0,0,,0,0,39.6,20.5,312.2,1016.8,27.6,6.3,223.2,19.4,8,10,2023-02-11T06:44:31,2023-02-11T17:51:47,0.69,Partially cloudy,Partly cloudy throughout the day.,partly-cloudy-day,"44454099999,VNKT,44449099999"
"Kathmandu, Bagmati, Nepal",2023-02-12,20,7,13.4,20,6.2,13.4,3.6,55.7,0,0,0,,0,0,39.2,20.5,291.4,1015.6,29,7.2,208.1,17.9,8,10,2023-02-12T06:43:47,2023-02-12T17:52:31,0.72,Partially cloudy,Partly cloudy throughout the day.,partly-cloudy-day,"44454099999,VNKT,44449099999"
"Kathmandu, Bagmati, Nepal",2023-02-13,20.1,5.9,12.1,20.1,5.9,12.1,4.7,62.7,0,0,0,,0,0,27.7,25.9,195.2,1014.3,27.5,7.3,229.5,19.9,8,10,2023-02-13T06:43:02,2023-02-13T17:53:14,0.75,Partially cloudy,Partly cloudy throughout the day.,partly-cloudy-day,"44454099999,VNKT,remote,44449099999"
"Kathmandu, Bagmati, Nepal",2023-02-14,20.1,6.6,12.7,20.1,5.2,12.5,5,62.6,0,0,0,,0,0,31.3,18.3,216.9,1017.6,31.2,6,207.6,18,8,10,2023-02-14T06:42:15,2023-02-14T17:53:58,0.79,Partially cloudy,Partly cloudy throughout the day.,partly-cloudy-day,"44454099999,VNKT,44449099999"
"Kathmandu, Bagmati, Nepal",2023-02-15,21,9.1,14.6,21,9.1,14.6,5.2,55.6,0,0,0,,0,0,29.5,22.3,216.4,1016.9,64.3,7.6,205.7,17.7,8,10,2023-02-15T06:41:28,2023-02-15T17:54:41,0.83,Partially cloudy,Partly cloudy throughout the day.,partly-cloudy-day,"44454099999,VNKT,remote,44449099999"
"Kathmandu, Bagmati, Nepal",2023-02-16,23,12.4,16.7,23,12.4,16.7,6.6,53.5,0,0,0,,0,0,26.3,16.6,225,1019.5,47.8,6.5,215.9,18.7,8,10,2023-02-16T06:40:40,2023-02-16T17:55:23,0.86,Partially cloudy,Clearing in the afternoon.,partly-cloudy-day,"44454099999,VNKT,44449099999"
"Kathmandu, Bagmati, Nepal",2023-02-17,23,9,15.7,23,8.5,15.7,7.1,59.7,0,0,0,,0,0,29.2,67.8,279.9,1021.2,28.1,6.3,233.2,20.1,8,10,2023-02-17T06:39:50,2023-02-17T17:56:05,0.9,Partially cloudy,Partly cloudy throughout the day.,wind,"44454099999,VNKT,44449099999"
"Kathmandu, Bagmati, Nepal",2023-02-18,23,10,15.8,23,10,15.8,7.2,59.5,0,0,0,,0,0,28.1,16.6,254.2,1020.7,29.7,6.7,235.8,20.4,8,10,2023-02-18T06:38:59,2023-02-18T17:56:47,0.93,Partially cloudy,Partly cloudy throughout the day.,partly-cloudy-day,"44454099999,VNKT,remote"
"Kathmandu, Bagmati, Nepal",2023-02-19,23,12,16.7,23,12,16.7,8,59.2,0,0,0,,0,0,29.9,67.8,265.7,1019.6,32.7,5.8,229.9,19.9,9,10,2023-02-19T06:38:08,2023-02-19T17:57:28,0.96,Partially cloudy,Partly cloudy throughout the day.,wind,"44454099999,VNKT"
"Kathmandu, Bagmati, Nepal",2023-02-20,23.2,9.7,15.8,23.2,9.7,15.8,8.8,65.3,0,0,0,,0,0,30.6,20.5,201.5,1018,31.5,5.9,174.5,15,7,10,2023-02-20T06:37:16,2023-02-20T17:58:09,0,Partially cloudy,Partly cloudy throughout the day.,partly-cloudy-day,"44454099999,VNKT,44449099999"
"Kathmandu, Bagmati, Nepal",2023-02-21,23,10.6,16.2,23,10.6,16.2,10.6,71.3,0,0,0,,0,0,40.7,18.4,224.2,1018,28.1,4.3,149.1,12.9,6,10,2023-02-21T06:36:22,2023-02-21T17:58:49,0.03,Partially cloudy,Partly cloudy throughout the day.,partly-cloudy-day,"44454099999,VNKT,44449099999"
"Kathmandu, Bagmati, Nepal",2023-02-22,24,10.3,16.6,24,10.3,16.6,8.1,62.6,0,0,0,,0,0,31.7,26.5,289,1016.4,40.2,5.4,213.5,18.5,8,10,2023-02-22T06:35:28,2023-02-22T17:59:29,0.06,Partially cloudy,Partly cloudy throughout the day.,partly-cloudy-day,"44454099999,VNKT,44449099999"
"Kathmandu, Bagmati, Nepal",2023-02-23,24,10.4,16.4,24,10.4,16.4,9.5,66.3,0,0,0,,0,0,36.4,22.3,206.9,1015.8,28.1,5.8,232.2,20.1,8,10,2023-02-23T06:34:33,2023-02-23T18:00:09,0.1,Partially cloudy,Partly cloudy throughout the day.,partly-cloudy-day,"44454099999,VNKT,44449099999"
"Kathmandu, Bagmati, Nepal",2023-02-24,23.2,10,15.7,23.2,10,15.7,8.8,67,0,0,0,,0,0,32,25.2,202.9,1018.4,34.3,6.6,232.2,19.9,8,10,2023-02-24T06:33:37,2023-02-24T18:00:48,0.13,Partially cloudy,Partly cloudy throughout the day.,partly-cloudy-day,"44454099999,VNKT,remote,44449099999"
"Kathmandu, Bagmati, Nepal",2023-02-25,22,10.6,15.6,22,10.6,15.6,10,71.4,0,0,0,,0,0,28.8,29.4,206.9,1021.7,53,5.4,195.9,17.1,7,10,2023-02-25T06:32:40,2023-02-25T18:01:26,0.16,Partially cloudy,Partly cloudy throughout the day.,partly-cloudy-day,"44454099999,VNKT,44449099999"
"Kathmandu, Bagmati, Nepal",2023-02-26,21,10,14.1,21,10,14.1,9.5,76.1,1,100,4.17,rain,0,0,28.4,25.9,186.3,1023.7,68.7,5,174.3,15.1,7,10,2023-02-26T06:31:42,2023-02-26T18:02:05,0.2,"Rain, Partially cloudy",Partly cloudy throughout the day with late afternoon rain.,rain,"44454099999,VNKT,44449099999"
"Kathmandu, Bagmati, Nepal",2023-02-27,20.7,7.5,13.7,20.7,6.8,13.6,8.5,73.5,3,100,4.17,rain,0,0,31.3,18.4,224.2,1022.6,48,7.4,187,16.3,7,10,2023-02-27T06:30:44,2023-02-27T18:02:43,0.25,"Rain, Partially cloudy",Partly cloudy throughout the day with morning rain.,rain,"44454099999,VNKT,remote,44449099999"
"Kathmandu, Bagmati, Nepal",2023-02-28,22,9,15,22,8.5,15,9.7,72.9,0,0,0,,0,0,29.5,20.5,219.3,1022.3,48.3,4.9,236.9,20.5,8,10,2023-02-28T06:29:45,2023-02-28T18:03:20,0.26,Partially cloudy,Partly cloudy throughout the day.,partly-cloudy-day,"44454099999,VNKT,44449099999"
"Kathmandu, Bagmati, Nepal",2023-03-01,22.7,10.6,16.1,22.7,10.6,16.1,10.7,72.6,0,0,0,,0,0,40,16.6,248,1023.5,49,4.3,223.2,19.4,8,10,2023-03-01T06:28:45,2023-03-01T18:03:58,0.29,Partially cloudy,Partly cloudy throughout the day.,partly-cloudy-day,"44454099999,VNKT,44449099999"
"Kathmandu, Bagmati, Nepal",2023-03-02,23.2,11,16.7,23.2,11,16.7,10.8,70.3,0,0,0,,0,0,37.4,17.7,212.4,1022.9,42.8,4.3,220.8,19,8,10,2023-03-02T06:27:45,2023-03-02T18:04:34,0.33,Partially cloudy,Becoming cloudy in the afternoon.,partly-cloudy-day,"44454099999,VNKT,44449099999"
"Kathmandu, Bagmati, Nepal",2023-03-03,24,12,17.3,24,12,17.3,11.4,70.7,0,0,0,,0,0,25.9,20.5,195.6,1022.8,42.5,4.4,235.5,20.3,8,10,2023-03-03T06:26:44,2023-03-03T18:05:11,0.36,Partially cloudy,Partly cloudy throughout the day.,partly-cloudy-day,"44454099999,VNKT"
"Kathmandu, Bagmati, Nepal",2023-03-04,24,13,17.8,24,13,17.8,12.6,73.6,0,0,0,,0,0,29.2,24.1,202.2,1023.2,46.6,4.3,207.4,18,7,10,2023-03-04T06:25:42,2023-03-04T18:05:47,0.39,Partially cloudy,Partly cloudy throughout the day.,partly-cloudy-day,"44454099999,VNKT"
"Kathmandu, Bagmati, Nepal",2023-03-05,25,13,17.8,25,13,17.8,10.9,68,0,0,0,,0,0,36,20.5,249.4,1022,38.7,4.8,215.8,18.5,8,10,2023-03-05T06:24:40,2023-03-05T18:06:23,0.43,Partially cloudy,Becoming cloudy in the afternoon.,partly-cloudy-day,"44454099999,VNKT"
"Kathmandu, Bagmati, Nepal",2023-03-06,24,12,17.5,24,12,17.5,11,68,0,0,0,,0,0,37.4,22.3,215.6,1019.4,33.3,5.2,230.3,20,9,10,2023-03-06T06:23:37,2023-03-06T18:06:58,0.46,Partially cloudy,Becoming cloudy in the afternoon.,partly-cloudy-day,"44454099999,VNKT"
"Kathmandu, Bagmati, Nepal",2023-03-07,25.7,11,17.4,25.7,11,17.4,7.9,58.7,0,0,0,,0,0,33.5,20.5,204.7,1020.5,34.2,6.5,256.1,22,9,10,2023-03-07T06:22:34,2023-03-07T18:07:34,0.5,Partially cloudy,Becoming cloudy in the afternoon.,partly-cloudy-day,"44454099999,VNKT,44449099999"
"Kathmandu, Bagmati, Nepal",2023-03-08,19,11.6,14.6,19,11.6,14.6,9.5,72.6,0.7,100,8.33,rain,0,0,26.3,14.7,96.4,1023.3,65.5,5,128.4,11,6,10,2023-03-08T06:21:30,2023-03-08T18:08:08,0.53,"Rain, Partially cloudy",Partly cloudy throughout the day with rain.,rain,"44454099999,VNKT,44449099999"
"Kathmandu, Bagmati, Nepal",2023-03-09,24.5,6.7,16,24.5,6.7,16,7.4,61.3,0.1,100,4.17,rain,0,0,29.2,18.4,285.7,1021.5,34.7,8.1,227.7,19.6,9,10,2023-03-09T06:20:26,2023-03-09T18:08:43,0.56,"Rain, Partially cloudy",Partly cloudy throughout the day with early morning rain.,rain,"44454099999,VNKT,remote,44449099999"
"Kathmandu, Bagmati, Nepal",2023-03-10,24.7,9.8,16.9,24.7,9.4,16.9,6.7,54.1,0,0,0,,0,0,31.3,24.1,183.2,1020.8,40,7,251.2,21.8,9,10,2023-03-10T06:19:21,2023-03-10T18:09:17,0.6,Partially cloudy,Partly cloudy throughout the day.,partly-cloudy-day,"44454099999,VNKT,44449099999"
"Kathmandu, Bagmati, Nepal",2023-03-11,24,10.7,16,24,10.7,16,7.9,61.7,0,0,0,,0,0,24.5,16.6,146,1021.5,44.2,6.4,239.3,20.5,9,10,2023-03-11T06:18:16,2023-03-11T18:09:51,0.63,Partially cloudy,Becoming cloudy in the afternoon.,partly-cloudy-day,"44454099999,VNKT,44449099999"
"Kathmandu, Bagmati, Nepal",2023-03-12,25.3,9.4,16.6,25.3,9.4,16.6,9.2,64.5,0,0,0,,0,0,28.4,79.6,155.7,1021.5,39.1,5.4,256.5,22.1,9,10,2023-03-12T06:17:11,2023-03-12T18:10:25,0.67,Partially cloudy,Becoming cloudy in the afternoon.,wind,"44454099999,VNKT,44449099999"
"Kathmandu, Bagmati, Nepal",2023-03-13,25,12,17.6,25,12,17.6,10.5,66.1,0,0,0,,0,0,28.4,22.3,217.5,1019.7,52.6,4.5,205.6,17.7,9,10,2023-03-13T06:16:05,2023-03-13T18:10:59,0.7,Partially cloudy,Partly cloudy throughout the day.,partly-cloudy-day,"44454099999,VNKT,44449099999"
"Kathmandu, Bagmati, Nepal",2023-03-14,24.7,11.3,17.6,24.7,11.3,17.6,10,64.6,0.7,100,4.17,rain,0,0,46.4,27.7,277.4,1017,59.9,4.9,205,17.6,8,10,2023-03-14T06:14:59,2023-03-14T18:11:32,0.74,"Rain, Partially cloudy",Partly cloudy throughout the day with morning rain.,rain,"44454099999,VNKT,44449099999"
"Kathmandu, Bagmati, Nepal",2023-03-15,24,11,17,24,11,17,6.5,51.8,0,0,0,,0,0,33.5,18.4,169.9,1016.2,64.2,7.8,244.3,21,8,10,2023-03-15T06:13:53,2023-03-15T18:12:05,0.75,Partially cloudy,Partly cloudy throughout the day.,partly-cloudy-day,"44454099999,VNKT"
"Kathmandu, Bagmati, Nepal",2023-03-16,24,11,16.9,24,11,16.9,9.1,62.4,0,0,0,,0,0,29.9,29.4,218.2,1018.1,60.5,5.7,234.7,20.3,8,10,2023-03-16T06:12:46,2023-03-16T18:12:38,0.81,Partially cloudy,Partly cloudy throughout the day.,partly-cloudy-day,"44454099999,VNKT,44449099999"
"Kathmandu, Bagmati, Nepal",2023-03-17,21.3,13,15.9,21.3,13,15.9,10.5,72.1,0,0,0,,0,0,29.5,26.5,238.2,1019.3,78.2,4.5,209.3,18,8,10,2023-03-17T06:11:39,2023-03-17T18:13:11,0.84,Partially cloudy,Partly cloudy throughout the day.,partly-cloudy-day,"44454099999,VNKT,44449099999"
"Kathmandu, Bagmati, Nepal",2023-03-18,22,11,14.9,22,11,14.9,10.5,77.2,12,100,8.33,rain,0,0,27.4,22.3,174.2,1017.8,72.6,5.5,188.2,16.1,8,10,2023-03-18T06:10:32,2023-03-18T18:13:43,0.88,"Rain, Partially cloudy",Partly cloudy throughout the day with rain.,rain,"44454099999,VNKT,44449099999"
"Kathmandu, Bagmati, Nepal",2023-03-19,21,11,15.4,21,11,15.4,10.3,73.8,0,0,0,rain,0,0,23.8,18.4,185.9,1015.1,87.5,7,156.2,13.5,6,10,2023-03-19T06:09:25,2023-03-19T18:14:15,0.91,Partially cloudy,Partly cloudy throughout the day.,partly-cloudy-day,"44454099999,VNKT,44449099999"
"Kathmandu, Bagmati, Nepal",2023-03-20,19,11.6,14.1,19,11.6,14.1,11,82.8,80.6,100,8.33,rain,0,0,22.3,14.8,207.8,1013.7,86.9,6.6,114.2,9.8,4,10,2023-03-20T06:08:17,2023-03-20T18:14:48,0.95,"Rain, Partially cloudy",Partly cloudy throughout the day with rain.,rain,"44454099999,VNKT,44449099999"
"Kathmandu, Bagmati, Nepal",2023-03-21,19.5,10.9,14.4,19.5,10.9,14.4,10.7,80,9.4,100,4.17,rain,0,0,27,12.9,156.1,1014,81.2,8.5,153.8,13.2,7,10,2023-03-21T06:07:10,2023-03-21T18:15:20,0,"Rain, Partially cloudy",Partly cloudy throughout the day with morning rain.,rain,"44454099999,VNKT,remote,44449099999"
"Kathmandu, Bagmati, Nepal",2023-03-22,22.6,12,16.4,22.6,12,16.4,9.3,65.5,0.6,100,4.17,rain,0,0,32.4,32.4,279.6,1013.4,54.6,8.9,247,21.3,9,10,2023-03-22T06:06:02,2023-03-22T18:15:52,0.02,"Rain, Partially cloudy",Partly cloudy throughout the day with morning rain.,rain,"44454099999,VNKT,44449099999"
"Kathmandu, Bagmati, Nepal",2023-03-23,22.2,10.4,16.1,22.2,10.4,16.1,9.8,68,0,0,0,rain,0,0,30.6,27.7,214.9,1012.8,38.1,7.6,237.7,20.5,9,10,2023-03-23T06:04:55,2023-03-23T18:16:23,0.05,Partially cloudy,Partly cloudy throughout the day.,partly-cloudy-day,"44454099999,VNKT,44449099999"
"Kathmandu, Bagmati, Nepal",2023-03-24,24,11.6,17.4,24,11.6,17.4,10.2,64.8,0,0,0,rain,0,0,32,32.3,216.9,1015.4,45.5,6.5,216.1,18.6,8,10,2023-03-24T06:03:47,2023-03-24T18:16:55,0.08,Partially cloudy,Becoming cloudy in the afternoon.,partly-cloudy-day,"44454099999,VNKT,44449099999"
"Kathmandu, Bagmati, Nepal",2023-03-25,24.7,11,17.3,24.7,11,17.3,9.1,61.4,0,0,0,,0,0,48.2,27.7,305.5,1017.8,35,7.6,248.8,21.4,8,10,2023-03-25T06:02:39,2023-03-25T18:17:27,0.11,Partially cloudy,Becoming cloudy in the afternoon.,partly-cloudy-day,"44454099999,VNKT,44449099999"
"Kathmandu, Bagmati, Nepal",2023-03-26,26,10.8,18.2,26,10.8,18.2,6,50.9,0,0,0,,0,0,45,20.5,254.6,1015.7,29,7.4,273,23.5,9,10,2023-03-26T06:01:31,2023-03-26T18:17:58,0.15,Partially cloudy,Partly cloudy throughout the day.,partly-cloudy-day,"44454099999,VNKT,44449099999"
"Kathmandu, Bagmati, Nepal",2023-03-27,25,11.3,18.1,25,11.3,18.1,6.6,50.3,0,0,0,,0,0,33.8,25.9,206.1,1014,44.9,7.1,258.7,22.3,9,10,2023-03-27T06:00:24,2023-03-27T18:18:30,0.18,Partially cloudy,Partly cloudy throughout the day.,partly-cloudy-day,"44454099999,VNKT,44449099999"
"Kathmandu, Bagmati, Nepal",2023-03-28,25.2,11,18.1,25.2,11,18.1,6,48.3,0,0,0,,0,0,26.6,24.1,194.3,1015,37.5,6.9,275.6,23.9,9,10,2023-03-28T05:59:16,2023-03-28T18:19:01,0.21,Partially cloudy,Becoming cloudy in the afternoon.,partly-cloudy-day,"44454099999,VNKT,44449099999"
"Kathmandu, Bagmati, Nepal",2023-03-29,25.3,11,18.1,25.3,11,18.1,7.2,51.3,0,0,0,,0,0,29.2,27.7,209.8,1016.8,34,6.2,272.8,23.5,9,10,2023-03-29T05:58:09,2023-03-29T18:19:33,0.25,Partially cloudy,Partly cloudy throughout the day.,partly-cloudy-day,"44454099999,VNKT,44449099999"
"Kathmandu, Bagmati, Nepal",2023-03-30,25.3,11.1,18.2,25.3,11.1,18.2,8.3,54.7,0,0,0,,0,0,34.9,24.1,207.9,1015.1,33.1,6.4,277.6,23.8,10,10,2023-03-30T05:57:01,2023-03-30T18:20:04,0.28,Partially cloudy,Partly cloudy throughout the day.,partly-cloudy-day,"44454099999,VNKT,remote,44449099999"
"Kathmandu, Bagmati, Nepal",2023-03-31,22.5,12,14.8,22.5,12,14.8,10.5,76.7,0,0,0,rain,0,0,30.6,24.1,157,1016.1,67.9,4.9,135.3,11.5,6,10,2023-03-31T05:55:54,2023-03-31T18:20:35,0.31,Partially cloudy,Partly cloudy throughout the day.,partly-cloudy-day,"44454099999,VNKT,44449099999"
"Kathmandu, Bagmati, Nepal",2023-04-01,20.3,9.9,13.9,20.3,9.9,13.9,10.3,80.7,5.4,100,4.17,rain,0,0,28.8,27.7,147.1,1015.1,75,7.3,182.6,15.7,7,10,2023-04-01T05:54:47,2023-04-01T18:21:07,0.34,"Rain, Partially cloudy",Partly cloudy throughout the day with late afternoon rain.,rain,"44454099999,VNKT,44449099999"
"Kathmandu, Bagmati, Nepal",2023-04-02,21.8,8.5,14.3,21.8,7.9,14.2,9.7,76.3,0,0,0,rain,0,0,33.5,24.1,230.2,1012.5,55.6,8.2,230.8,19.9,9,10,2023-04-02T05:53:40,2023-04-02T18:21:38,0.37,Partially cloudy,Becoming cloudy in the afternoon.,partly-cloudy-day,"44454099999,VNKT,remote,44449099999"
"Kathmandu, Bagmati, Nepal",2023-04-03,23,10,16.5,23,10,16.5,10.9,72,10,100,4.17,rain,0,0,28.8,16.6,216.4,1012.2,45.2,7.9,239.8,20.7,8,10,2023-04-03T05:52:34,2023-04-03T18:22:09,0.41,"Rain, Partially cloudy",Partly cloudy throughout the day with morning rain.,rain,"44454099999,VNKT,44449099999"
"Kathmandu, Bagmati, Nepal",2023-04-04,25,11.4,17.5,25,11.4,17.5,10,65.5,1,100,4.17,rain,0,0,41.4,29.5,351.8,1014.3,40.8,7.4,251.6,21.9,8,10,2023-04-04T05:51:27,2023-04-04T18:22:41,0.44,"Rain, Partially cloudy",Becoming cloudy in the afternoon with late afternoon rain.,rain,"44454099999,VNKT,44449099999"
"Kathmandu, Bagmati, Nepal",2023-04-05,26.2,10.5,18,26.2,10.5,18,9.3,60.1,0.4,100,4.17,rain,0,0,35.3,22.3,233.8,1014,32.5,7.9,290.1,25.1,10,10,2023-04-05T05:50:21,2023-04-05T18:23:12,0.47,"Rain, Partially cloudy",Partly cloudy throughout the day with late afternoon rain.,rain,"44454099999,VNKT,44449099999"
"Kathmandu, Bagmati, Nepal",2023-04-06,27.8,11.7,19,26.9,11.7,19,8.2,53.2,0,0,0,,0,0,36.4,20.5,224.4,1016.6,28.1,7,295.5,25.5,10,10,2023-04-06T05:49:15,2023-04-06T18:23:44,0.5,Partially cloudy,Partly cloudy throughout the day.,partly-cloudy-day,"44454099999,VNKT,44449099999"
"Kathmandu, Bagmati, Nepal",2023-04-07,27.8,11.6,19.2,27.4,11.6,19.2,8.9,53.9,0,0,0,,0,0,33.8,24.1,209.5,1019,32.5,6.2,309.4,26.8,10,10,2023-04-07T05:48:10,2023-04-07T18:24:15,0.54,Partially cloudy,Partly cloudy throughout the day.,partly-cloudy-day,"44454099999,VNKT,44449099999"
"Kathmandu, Bagmati, Nepal",2023-04-08,27,13,19.8,26.3,13,19.7,8.9,52.8,0,0,0,,0,0,37.1,22.3,206,1021,63.3,5.3,294.1,25.4,10,10,2023-04-08T05:47:05,2023-04-08T18:24:47,0.57,Partially cloudy,Partly cloudy throughout the day.,partly-cloudy-day,"44454099999,VNKT"
"Kathmandu, Bagmati, Nepal",2023-04-09,28,13,20.5,27,13,20.3,6.7,45.4,0,0,0,,0,0,42.5,22.3,286.3,1020.5,33.4,5.7,285.4,24.9,10,10,2023-04-09T05:46:00,2023-04-09T18:25:18,0.61,Partially cloudy,Partly cloudy throughout the day.,partly-cloudy-day,"44454099999,VNKT"
"Kathmandu, Bagmati, Nepal",2023-04-10,28,12,20.4,27.2,12,20.2,5.7,40.6,0,0,0,,0,0,34.9,23.6,243.8,1018.3,28.1,6.8,304.1,26.4,10,10,2023-04-10T05:44:56,2023-04-10T18:25:50,0.65,Partially cloudy,Partly cloudy throughout the day.,partly-cloudy-day,"44454099999,VNKT,44449099999"
"Kathmandu, Bagmati, Nepal",2023-04-11,28,13.1,20.4,26.9,13.1,20.3,7.8,46.5,0,0,0,,0,0,32.4,32.5,190.8,1017.7,34,4.5,299.4,25.8,10,10,2023-04-11T05:43:52,2023-04-11T18:26:22,0.68,Partially cloudy,Partly cloudy throughout the day.,partly-cloudy-day,"44454099999,VNKT,44449099999"
"Kathmandu, Bagmati, Nepal",2023-04-12,29,14,20.8,27.4,14,20.6,7.7,46.1,0,0,0,,0,0,37.1,23.6,239,1017.3,28.8,5.1,311.4,26.9,10,10,2023-04-12T05:42:49,2023-04-12T18:26:54,0.72,Partially cloudy,Partly cloudy throughout the day.,partly-cloudy-day,"44454099999,VNKT,remote,44449099999"
"Kathmandu, Bagmati, Nepal",2023-04-13,29,15,21.7,27.6,15,21.4,7.5,43.8,0,0,0,,0,0,36.4,24.1,292.9,1016.3,39.3,4.7,296.3,25.5,10,10,2023-04-13T05:41:46,2023-04-13T18:27:26,0.75,Partially cloudy,Becoming cloudy in the afternoon.,partly-cloudy-day,"44454099999,VNKT"
"Kathmandu, Bagmati, Nepal",2023-04-14,29.7,14.1,21.7,28.5,14.1,21.4,9.3,47.7,0,0,0,,0,0,36.7,18.4,246.3,1016.8,61.5,5.2,286,24.8,10,10,2023-04-14T05:40:44,2023-04-14T18:27:58,0.79,Partially cloudy,Partly cloudy throughout the day.,partly-cloudy-day,"44454099999,VNKT,44449099999"
"Kathmandu, Bagmati, Nepal",2023-04-15,29,16,22.3,28,16,22.2,11.9,54.1,0,0,0,,0,0,29.2,18.3,271.9,1017.7,70.2,4.3,226.7,19.5,8,10,2023-04-15T05:39:42,2023-04-15T18:28:30,0.82,Partially cloudy,Partly cloudy throughout the day.,partly-cloudy-day,"44454099999,VNKT,44449099999"
"Kathmandu, Bagmati, Nepal",2023-04-16,30.8,16.4,22.8,29.4,16.4,22.5,9.5,47.5,0,0,0,,0,0,35.3,20.5,275,1015.4,62.4,4.4,279.8,24,9,10,2023-04-16T05:38:41,2023-04-16T18:29:03,0.86,Partially cloudy,Partly cloudy throughout the day.,partly-cloudy-day,"44454099999,VNKT,44449099999"
"Kathmandu, Bagmati, Nepal",2023-04-17,31.3,15,22.8,29.5,15,22.4,7.4,39.9,0,0,0,,0,0,33.8,18.4,314.5,1015.8,30.6,5.3,300.3,26,10,10,2023-04-17T05:37:40,2023-04-17T18:29:35,0.9,Partially cloudy,Partly cloudy throughout the day.,partly-cloudy-day,"44454099999,VNKT,44449099999"
"Kathmandu, Bagmati, Nepal",2023-04-18,31.7,15.5,23.6,29.9,15.5,23.1,8,40.6,0,0,0,,0,0,36.4,22.3,304.5,1016.9,28.1,5.3,290,25,10,10,2023-04-18T05:36:40,2023-04-18T18:30:08,0.93,Partially cloudy,Partly cloudy throughout the day.,partly-cloudy-day,"44454099999,VNKT,44449099999"
"Kathmandu, Bagmati, Nepal",2023-04-19,31.8,16.4,23.7,30.4,16.4,23.2,8.9,41.4,0,0,0,,0,0,37.1,20.5,272,1012.7,29.7,6,279.7,24,10,10,2023-04-19T05:35:41,2023-04-19T18:30:41,0.97,Partially cloudy,Partly cloudy throughout the day.,partly-cloudy-day,"44454099999,VNKT,remote,44449099999"
"Kathmandu, Bagmati, Nepal",2023-04-20,31,16.5,24.1,29.3,16.5,23.5,8,39.3,0,0,0,,0,0,48.2,24.1,268.7,1010,31.8,5.5,282.2,24.4,10,10,2023-04-20T05:34:42,2023-04-20T18:31:14,0,Partially cloudy,Partly cloudy throughout the day.,partly-cloudy-day,"44454099999,VNKT,44449099999"
"Kathmandu, Bagmati, Nepal",2023-04-21,27,16,21,26.7,16,20.9,9.1,47.7,0.2,100,4.17,rain,0,0,59.4,41.2,303.8,1011.6,63.1,6,197.9,17.1,6,10,2023-04-21T05:33:44,2023-04-21T18:31:47,0.03,"Rain, Partially cloudy",Partly cloudy throughout the day with late afternoon rain.,rain,"44454099999,VNKT,44449099999"
"Kathmandu, Bagmati, Nepal",2023-04-22,27.8,12.6,20.5,27.1,12.6,20.4,7.6,47.3,0,0,0,,0,0,32.4,20.6,219.8,1011.9,29,7.7,247.4,21.3,9,10,2023-04-22T05:32:47,2023-04-22T18:32:20,0.07,Partially cloudy,Partly cloudy throughout the day.,partly-cloudy-day,"44454099999,VNKT,44449099999"
"Kathmandu, Bagmati, Nepal",2023-04-23,27.2,14,19.2,26.3,14,19.2,8.8,53.8,0,0,0,,0,0,44.6,29.5,155.8,1014.5,54.1,6.2,268.6,23.2,10,10,2023-04-23T05:31:50,2023-04-23T18:32:53,0.1,Partially cloudy,Becoming cloudy in the afternoon.,partly-cloudy-day,"44454099999,VNKT,44449099999"
"Kathmandu, Bagmati, Nepal",2023-04-24,18,13,14.8,18,13,14.8,11,78.4,11.6,100,8.33,rain,0,0,25.2,16.5,93.8,1019.5,74,6.7,224.3,19.3,8,10,2023-04-24T05:30:54,2023-04-24T18:33:27,0.13,"Rain, Partially cloudy",Partly cloudy throughout the day with rain.,rain,"44454099999,VNKT,44449099999"
"Kathmandu, Bagmati, Nepal",2023-04-25,25,11.1,16.4,25,11.1,16.4,10.7,71.3,0.5,100,4.17,rain,0,0,27.7,20.5,130.8,1019.1,63.1,7.6,263.3,22.7,10,10,2023-04-25T05:29:59,2023-04-25T18:34:00,0.16,"Rain, Partially cloudy",Partly cloudy throughout the day with late afternoon rain.,rain,"44454099999,VNKT,remote,44449099999"
"Kathmandu, Bagmati, Nepal",2023-04-26,25,11.7,18.6,25,11.7,18.6,10.8,63.5,0,0,0,,0,0,29.5,25.9,200.4,1016.9,54.7,6.8,274.1,23.5,9,10,2023-04-26T05:29:05,2023-04-26T18:34:34,0.2,Partially cloudy,Partly cloudy throughout the day.,partly-cloudy-day,"44454099999,VNKT,44449099999"
"Kathmandu, Bagmati, Nepal",2023-04-27,25.8,13.4,19.8,25.8,13.4,19.8,11.8,62,0,0,0,,0,0,27,20.5,217.3,1016.5,51.4,5.6,213.9,18.5,7,10,2023-04-27T05:28:12,2023-04-27T18:35:08,0.23,Partially cloudy,Partly cloudy throughout the day.,partly-cloudy-day,"44454099999,VNKT,44449099999"
"Kathmandu, Bagmati, Nepal",2023-04-28,26,14,20.7,26,14,20.7,11.5,58.6,0,0,0,,0,0,38.2,20.5,260.8,1016.5,39.7,6.1,282.9,24.6,10,10,2023-04-28T05:27:20,2023-04-28T18:35:42,0.25,Partially cloudy,Partly cloudy throughout the day.,partly-cloudy-day,"44454099999,VNKT,44449099999"
"Kathmandu, Bagmati, Nepal",2023-04-29,26,15,19.3,26,15,19.3,12.8,68.8,0,0,0,rain,0,0,33.8,18.4,39.5,1016.3,67.2,6,224.8,19.5,8,10,2023-04-29T05:26:28,2023-04-29T18:36:16,0.29,Partially cloudy,Partly cloudy throughout the day.,partly-cloudy-day,"44454099999,VNKT,44449099999"
"Kathmandu, Bagmati, Nepal",2023-04-30,21,13.8,16.5,21,13.8,16.5,14.1,86.5,49,100,8.33,rain,0,0,25.2,20.5,112.7,1016,87.9,4.4,117.6,10.2,5,10,2023-04-30T05:25:37,2023-04-30T18:36:50,0.32,"Rain, Partially cloudy",Partly cloudy throughout the day with rain.,rain,"44454099999,VNKT,44449099999"
"Kathmandu, Bagmati, Nepal",2023-05-01,18.1,14.6,16.1,18.1,14.6,16.1,13.7,85.9,0,0,0,rain,0,0,23.4,9.4,127.4,1016.2,85.2,6.1,196,16.9,7,10,2023-05-01T05:24:48,2023-05-01T18:37:25,0.36,Partially cloudy,Partly cloudy throughout the day.,partly-cloudy-day,"44454099999,VNKT,44449099999"
"Kathmandu, Bagmati, Nepal",2023-05-02,19.1,13,15.9,19.1,13,15.9,13.2,84.2,0,0,0,rain,0,0,24.5,9.4,147.3,1017.1,81,6.3,154,13.2,6,10,2023-05-02T05:23:59,2023-05-02T18:37:59,0.39,Partially cloudy,Partly cloudy throughout the day.,partly-cloudy-day,"44454099999,VNKT,44449099999"
"Kathmandu, Bagmati, Nepal",2023-05-03,24,13,17,24,13,17,13.2,79.9,4,100,4.17,rain,0,0,29.5,16.6,190.3,1018.2,82.8,6.5,204,17.5,7,10,2023-05-03T05:23:11,2023-05-03T18:38:34,0.42,"Rain, Partially cloudy",Partly cloudy throughout the day with morning rain.,rain,"44454099999,VNKT,44449099999"
"Kathmandu, Bagmati, Nepal",2023-05-04,18,14,15.8,18,14,15.8,14.1,89.3,10.5,100,4.17,rain,0,0,22.7,11.2,86.2,1017.2,80.8,5.5,166.1,14.3,6,10,2023-05-04T05:22:24,2023-05-04T18:39:08,0.45,"Rain, Partially cloudy",Partly cloudy throughout the day with late afternoon rain.,rain,"44454099999,VNKT,44449099999"
"Kathmandu, Bagmati, Nepal",2023-05-05,25,12.6,18.8,25,12.6,18.8,12.9,71.8,0,0,0,,0,0,31.7,20.5,267.4,1014,42.5,7,280,24.1,8,10,2023-05-05T05:21:38,2023-05-05T18:39:43,0.5,Partially cloudy,Partly cloudy throughout the day.,partly-cloudy-day,"44454099999,VNKT,44449099999"
"Kathmandu, Bagmati, Nepal",2023-05-06,27.3,15,21.5,27.4,15,21.5,13.6,63.1,0,0,0,,0,0,31.3,23.6,253.5,1012.3,33.3,8,289,24.9,9,10,2023-05-06T05:20:54,2023-05-06T18:40:18,0.52,Partially cloudy,Partly cloudy throughout the day.,partly-cloudy-day,"44454099999,VNKT,44449099999"
"Kathmandu, Bagmati, Nepal",2023-05-07,28,16,22.1,27.8,16,22.1,12.7,57.4,0,0,0,,0,0,28.8,24.1,250.5,1012.8,42.1,8,252,21.6,9,10,2023-05-07T05:20:10,2023-05-07T18:40:53,0.55,Partially cloudy,Partly cloudy throughout the day.,partly-cloudy-day,"44454099999,VNKT,44449099999"
"Kathmandu, Bagmati, Nepal",2023-05-08,29,16,22.6,27.9,16,22.4,10.3,48.8,0,0,0,,0,0,37.1,22.3,262.3,1013.2,35.4,8.2,276.8,23.8,9,10,2023-05-08T05:19:27,2023-05-08T18:41:28,0.59,Partially cloudy,Partly cloudy throughout the day.,partly-cloudy-day,"44454099999,VNKT"
"Kathmandu, Bagmati, Nepal",2023-05-09,29,15,22.6,27.6,15,22.2,7.9,43.1,0,0,0,,0,0,41,22.3,313.4,1013.3,28.1,7.9,324.7,28.1,10,10,2023-05-09T05:18:46,2023-05-09T18:42:02,0.63,Partially cloudy,Partly cloudy throughout the day.,partly-cloudy-day,"44454099999,VNKT"
"Kathmandu, Bagmati, Nepal",2023-05-10,29,16,22.5,27.8,16,22.3,6.9,39.5,0,0,0,,0,0,29.5,31.7,184,1013,32.7,8.2,283.9,24.5,10,10,2023-05-10T05:18:05,2023-05-10T18:42:37,0.66,Partially cloudy,Partly cloudy throughout the day.,partly-cloudy-day,"44454099999,VNKT"
"Kathmandu, Bagmati, Nepal",2023-05-11,28.7,15,21.9,27.4,15,21.6,5.1,35.7,0,0,0,,0,0,28.8,19.7,181.9,1015.8,28.1,8,315.4,27.2,10,10,2023-05-11T05:17:26,2023-05-11T18:43:12,0.7,Partially cloudy,Partly cloudy throughout the day.,partly-cloudy-day,"44454099999,VNKT,44449099999"
"Kathmandu, Bagmati, Nepal",2023-05-12,29,14.6,22.1,27.6,14.6,21.9,9.1,45.2,0,0,0,,0,0,27.4,26.5,192.7,1016.4,29.9,6.6,331.3,28.6,10,10,2023-05-12T05:16:48,2023-05-12T18:43:47,0.75,Partially cloudy,Partly cloudy throughout the day.,partly-cloudy-day,"44454099999,VNKT,44449099999"
"Kathmandu, Bagmati, Nepal",2023-05-13,29,17,22.9,28.1,17,22.8,13.9,58.6,0,0,0,,0,0,28.1,18.4,216.8,1015.6,31.1,6.9,317.3,27.4,10,10,2023-05-13T05:16:11,2023-05-13T18:44:22,0.77,Partially cloudy,Partly cloudy throughout the day.,partly-cloudy-day,"44454099999,VNKT,remote,44449099999"
"Kathmandu, Bagmati, Nepal",2023-05-14,28,16,22.7,28.3,16,22.8,15.5,65.7,0,0,0,,0,0,59.4,22.3,232.8,1012,67.6,5.5,287,24.8,9,10,2023-05-14T05:15:35,2023-05-14T18:44:57,0.81,Partially cloudy,Partly cloudy throughout the day.,partly-cloudy-day,"44454099999,VNKT,44449099999"
"Kathmandu, Bagmati, Nepal",2023-05-15,27.7,14.5,20.7,28.1,14.5,20.7,14.1,67.9,20,100,4.17,rain,0,0,32.4,29.5,273.3,1011.3,51.7,7.5,238,20.5,8,10,2023-05-15T05:15:01,2023-05-15T18:45:32,0.84,"Rain, Partially cloudy",Partly cloudy throughout the day with morning rain.,rain,"44454099999,VNKT,44449099999"
"Kathmandu, Bagmati, Nepal",2023-05-16,27.7,15.4,20.9,28.2,15.4,20.9,14.8,69.9,0.5,100,4.17,rain,0,0,33.1,17.7,23.9,1012.8,54.2,7.1,259.5,22.4,8,10,2023-05-16T05:14:27,2023-05-16T18:46:06,0.88,"Rain, Partially cloudy",Becoming cloudy in the afternoon with morning rain.,rain,"44454099999,VNKT,44449099999"
"Kathmandu, Bagmati, Nepal",2023-05-17,28,16,20.5,28.6,16,20.5,16.2,78.4,27,100,8.33,rain,0,0,30.2,25.9,125.5,1015.5,79.7,5.5,261.4,22.7,9,10,2023-05-17T05:13:55,2023-05-17T18:46:41,0.91,"Rain, Partially cloudy",Partly cloudy throughout the day with rain.,rain,"44454099999,VNKT,44449099999"
"Kathmandu, Bagmati, Nepal",2023-05-18,26,14.4,19.8,26,14.4,19.8,15.8,79,16.7,100,8.33,rain,0,0,37.1,16.6,233.9,1016.2,81.5,5.7,244.9,21.2,8,10,2023-05-18T05:13:24,2023-05-18T18:47:15,0.95,"Rain, Partially cloudy",Partly cloudy throughout the day with rain.,rain,"44454099999,VNKT,44449099999"
"Kathmandu, Bagmati, Nepal",2023-05-19,28,16.4,21.3,28.2,16.4,21.3,15.7,73.3,8.3,100,4.17,rain,0,0,57.6,29.5,290.4,1014.3,68.6,7.3,250.8,21.6,8,10,2023-05-19T05:12:54,2023-05-19T18:47:50,0,"Rain, Partially cloudy",Partly cloudy throughout the day with morning rain.,rain,"44454099999,VNKT,remote,44449099999"
"Kathmandu, Bagmati, Nepal",2023-05-20,27,13.9,20.1,27.7,13.9,20.2,13.6,67.6,2,100,4.17,rain,0,0,37.1,20.5,253.4,1014,51.1,7.3,259,22.3,8,10,2023-05-20T05:12:26,2023-05-20T18:48:24,0.02,"Rain, Partially cloudy",Becoming cloudy in the afternoon with morning rain.,rain,"44454099999,VNKT,44449099999"
"Kathmandu, Bagmati, Nepal",2023-05-21,27,15,21.3,27.3,15,21.3,14.9,68.4,3,100,4.17,rain,0,0,29.5,35.4,202.2,1015.3,54,7.3,276.8,23.9,9,10,2023-05-21T05:11:59,2023-05-21T18:48:58,0.05,"Rain, Partially cloudy",Partly cloudy throughout the day with morning rain.,rain,"44454099999,VNKT,44449099999"
"Kathmandu, Bagmati, Nepal",2023-05-22,28,18.6,23.2,28.6,18.6,23.3,17.1,70.1,0,0,0,,0,0,28.8,20.7,239.8,1016,61.3,6.4,275.1,23.6,9,30,2023-05-22T05:11:33,2023-05-22T18:49:31,0.08,Partially cloudy,Partly cloudy throughout the day.,partly-cloudy-day,"44454099999,VNKT,44449099999"
"Kathmandu, Bagmati, Nepal",2023-05-23,26.3,19,22.3,26.3,19,22.3,17.4,74.8,0.2,100,4.17,rain,0,0,25.9,20.5,144.1,1015.3,61.9,7.1,257.1,22.1,8,30,2023-05-23T05:11:08,2023-05-23T18:50:05,0.12,"Rain, Partially cloudy",Partly cloudy throughout the day with early morning rain.,rain,"44454099999,VNKT,remote,44449099999"
"Kathmandu, Bagmati, Nepal",2023-05-24,28.8,19,22.4,29.1,19,22.4,16.6,71,0,0,0,rain,0,0,23.4,22.3,287.9,1014.8,64.2,7.5,274,23.6,9,10,2023-05-24T05:10:45,2023-05-24T18:50:38,0.15,Partially cloudy,Partly cloudy throughout the day.,partly-cloudy-day,"44454099999,VNKT,44449099999"
"Kathmandu, Bagmati, Nepal",2023-05-25,25.1,16.4,19.8,25.1,16.4,19.8,16.1,80,1.2,100,8.33,rain,0,0,33.5,20.5,241.3,1013.3,57.8,8.3,173.9,15,8,10,2023-05-25T05:10:23,2023-05-25T18:51:11,0.18,"Rain, Partially cloudy",Partly cloudy throughout the day with late afternoon rain.,rain,"44454099999,VNKT,remote,44449099999"
"Kathmandu, Bagmati, Nepal",2023-05-26,25,14.4,20.1,25,14.4,20.1,15.2,75.3,7,100,4.17,rain,0,0,25.9,20.7,183.6,1013.9,63.9,8.5,224.7,19.2,7,10,2023-05-26T05:10:03,2023-05-26T18:51:43,0.21,"Rain, Partially cloudy",Partly cloudy throughout the day with morning rain.,rain,"44454099999,VNKT,44449099999"
"Kathmandu, Bagmati, Nepal",2023-05-27,25.1,16.9,20.2,25.1,16.9,20.2,16.1,78.7,18.2,100,8.33,rain,0,0,28.8,27.7,218.7,1013.7,76.9,7.6,240,20.7,8,10,2023-05-27T05:09:43,2023-05-27T18:52:15,0.25,"Rain, Partially cloudy",Partly cloudy throughout the day with rain.,rain,"44454099999,VNKT,44449099999"
"Kathmandu, Bagmati, Nepal",2023-05-28,25,15.9,20.5,25,15.9,20.5,15.4,74.6,9.8,100,4.17,rain,0,0,27.7,14.8,241.7,1015.6,61.9,7.7,239.8,20.9,9,10,2023-05-28T05:09:25,2023-05-28T18:52:47,0.28,"Rain, Partially cloudy",Partly cloudy throughout the day with morning rain.,rain,"44454099999,VNKT,44449099999"
"Kathmandu, Bagmati, Nepal",2023-05-29,28.7,16.6,22.8,30,16.6,22.9,16.9,71.3,0,0,0,,0,0,22.3,14.8,262,1017.4,36,8,248.7,21.3,8,10,2023-05-29T05:09:08,2023-05-29T18:53:19,0.31,Partially cloudy,Partly cloudy throughout the day.,partly-cloudy-day,"44454099999,VNKT,44449099999"
"Kathmandu, Bagmati, Nepal",2023-05-30,31,17.9,24.5,33,17.9,24.8,17.3,66.2,0,0,0,,0,0,29.9,14.8,249.5,1016.9,31,8.1,292.8,25.2,10,10,2023-05-30T05:08:53,2023-05-30T18:53:49,0.34,Partially cloudy,Partly cloudy throughout the day.,partly-cloudy-day,"44454099999,VNKT,44449099999"
"Kathmandu, Bagmati, Nepal",2023-05-31,30,18.9,25.1,30,18.9,25.1,15.9,58.4,0,0,0,,0,0,34.9,32.5,288.6,1015,37.3,8.3,298.8,25.8,9,10,2023-05-31T05:08:39,2023-05-31T18:54:20,0.37,Partially cloudy,Partly cloudy throughout the day.,partly-cloudy-day,"44454099999,VNKT,44449099999"
"Kathmandu, Bagmati, Nepal",2023-06-01,31,19.1,25.2,30.7,19.1,25.2,15.1,55.8,0,0,0,,0,0,31,22.3,211.9,1012.6,29.5,8.5,277.6,23.9,9,10,2023-06-01T05:08:26,2023-06-01T18:54:50,0.41,Partially cloudy,Partly cloudy throughout the day.,partly-cloudy-day,"44454099999,VNKT,44449099999"
"Kathmandu, Bagmati, Nepal",2023-06-02,30.9,18.8,25,30.9,18.8,24.8,14.4,53.8,0,0,0,,0,0,34.9,22.3,201.3,1012.1,35.4,8.2,296,25.7,9,10,2023-06-02T05:08:15,2023-06-02T18:55:19,0.44,Partially cloudy,Partly cloudy throughout the day.,partly-cloudy-day,"44454099999,VNKT,44449099999"
"Kathmandu, Bagmati, Nepal",2023-06-03,30.3,17.8,24.7,29.8,17.8,24.5,13.8,52.9,0,0,0,,0,0,29.5,25.9,195.2,1013.6,34.2,8.4,269.3,23.2,9,10,2023-06-03T05:08:05,2023-06-03T18:55:48,0.47,Partially cloudy,Partly cloudy throughout the day.,partly-cloudy-day,"44454099999,VNKT,44449099999"
"Kathmandu, Bagmati, Nepal",2023-06-04,30,18.4,24.7,29.3,18.4,24.6,13.9,52.8,0,0,0,,0,0,28.4,22.3,185.5,1013.6,29.5,8.9,296.2,25.5,9,10,2023-06-04T05:07:56,2023-06-04T18:56:16,0.5,Partially cloudy,Partly cloudy throughout the day.,partly-cloudy-day,"44454099999,VNKT,44449099999"
"Kathmandu, Bagmati, Nepal",2023-06-05,29,19,24.5,29,19,24.5,14.9,56.4,0,0,0,,0,0,25.9,20.5,286.3,1013.3,50.8,8.4,256.1,22.1,8,10,2023-06-05T05:07:48,2023-06-05T18:56:44,0.54,Partially cloudy,Partly cloudy throughout the day.,partly-cloudy-day,"44454099999,VNKT,44449099999"
"Kathmandu, Bagmati, Nepal",2023-06-06,30,19.4,24.1,29.4,19.4,24.1,14.7,56.9,0,0,0,rain,0,0,30.2,27.7,176.7,1012.6,56.6,7.9,288.4,24.9,9,10,2023-06-06T05:07:42,2023-06-06T18:57:11,0.58,Partially cloudy,Partly cloudy throughout the day.,partly-cloudy-day,"44454099999,VNKT,44449099999"
"Kathmandu, Bagmati, Nepal",2023-06-07,30.1,18.1,24.8,31,18.1,24.9,15.2,56.4,0,0,0,,0,0,23.8,25.9,201.2,1012.3,37.9,7.9,283.5,24.6,9,10,2023-06-07T05:07:37,2023-06-07T18:57:37,0.61,Partially cloudy,Partly cloudy throughout the day.,partly-cloudy-day,"44454099999,VNKT,44449099999"
"Kathmandu, Bagmati, Nepal",2023-06-08,31.2,19.3,26,31.9,19.3,26,15.9,55.8,0,0,0,,0,0,26.3,16.6,309.8,1011.7,38.5,7.5,284.8,24.5,9,10,2023-06-08T05:07:34,2023-06-08T18:58:03,0.65,Partially cloudy,Partly cloudy throughout the day.,partly-cloudy-day,"44454099999,VNKT,44449099999"
"Kathmandu, Bagmati, Nepal",2023-06-09,31.5,19.5,26.3,32.7,19.5,26.5,16.2,55.2,0,0,0,,0,0,29.2,23.6,213.6,1009.2,51.4,8,260.8,22.4,9,10,2023-06-09T05:07:31,2023-06-09T18:58:28,0.68,Partially cloudy,Becoming cloudy in the afternoon.,partly-cloudy-day,"44454099999,VNKT,remote,44449099999"
"Kathmandu, Bagmati, Nepal",2023-06-10,30,21,26,30.9,21,26.2,17.3,59.6,0,0,0,,0,0,25.9,27.7,217.8,1008.2,50.9,7.4,281.6,24.4,9,10,2023-06-10T05:07:30,2023-06-10T18:58:52,0.72,Partially cloudy,Becoming cloudy in the afternoon.,partly-cloudy-day,"44454099999,VNKT,44449099999"
"Kathmandu, Bagmati, Nepal",2023-06-11,30.7,21.6,26,32.5,21.6,26.5,18.5,64.1,0,0,0,rain,0,0,34.6,20.5,239.3,1007.4,68.6,6.9,254.8,21.9,8,10,2023-06-11T05:07:30,2023-06-11T18:59:15,0.75,Partially cloudy,Partly cloudy throughout the day.,partly-cloudy-day,"44454099999,VNKT,44449099999"
"Kathmandu, Bagmati, Nepal",2023-06-12,29,20,24,30.8,20,24.3,19.8,78.4,29.3,100,8.33,rain,0,0,31.3,20.5,218.1,1007.5,76.1,7,237.7,20.5,9,10,2023-06-12T05:07:32,2023-06-12T18:59:38,0.79,"Rain, Partially cloudy",Partly cloudy throughout the day with rain.,rain,"44454099999,VNKT,44449099999"
"Kathmandu, Bagmati, Nepal",2023-06-13,30,20,23.7,31.4,20,23.9,20,81.3,14.7,100,4.17,rain,0,0,30.2,27.7,75.7,1006.8,76.3,7,218.9,18.9,7,10,2023-06-13T05:07:34,2023-06-13T18:59:59,0.82,"Rain, Partially cloudy",Partly cloudy throughout the day with morning rain.,rain,"44454099999,VNKT,44449099999"
"Kathmandu, Bagmati, Nepal",2023-06-14,28.7,18.5,22.6,31.8,18.5,23,19.7,85,52.7,100,4.17,rain,0,0,48.6,16.6,235.1,1005.9,86.3,8.1,111.1,9.6,4,10,2023-06-14T05:07:38,2023-06-14T19:00:20,0.86,"Rain, Partially cloudy",Partly cloudy throughout the day with late afternoon rain.,rain,"44454099999,VNKT,remote,44449099999"
"Kathmandu, Bagmati, Nepal",2023-06-15,29.2,19.5,24.1,31.4,19.5,24.5,19.5,77.5,36,100,4.17,rain,0,0,40.3,18.4,338.1,1006.7,67.9,7,242.6,20.9,8,10,2023-06-15T05:07:43,2023-06-15T19:00:40,0.9,"Rain, Partially cloudy",Partly cloudy throughout the day with late afternoon rain.,rain,"44454099999,VNKT,44449099999"
"Kathmandu, Bagmati, Nepal",2023-06-16,31.2,19.5,25.3,34,19.5,25.8,19.1,70,0,0,0,,0,0,29.2,18.4,295.2,1006.9,54.4,8,252.3,21.6,8,10,2023-06-16T05:07:50,2023-06-16T19:00:58,0.93,Partially cloudy,Partly cloudy throughout the day.,partly-cloudy-day,"44454099999,VNKT,remote,44449099999"
"Kathmandu, Bagmati, Nepal",2023-06-17,39,20.4,26.4,42.5,20.4,27.3,19.3,66.7,0,0,0,rain,0,0,34.6,22.3,282.5,1009.2,49.5,7.7,239.3,20.6,8,10,2023-06-17T05:07:57,2023-06-17T19:01:16,0.97,Partially cloudy,Partly cloudy throughout the day.,partly-cloudy-day,"44454099999,VNKT,44449099999"
"Kathmandu, Bagmati, Nepal",2023-06-18,30.8,19.6,25,32.9,19.6,25.4,20.1,77,10,100,4.17,rain,0,0,46.1,27.7,309.2,1010.4,68.8,8.3,246.2,21.2,8,10,2023-06-18T05:08:05,2023-06-18T19:01:33,0,"Rain, Partially cloudy",Partly cloudy throughout the day with morning rain.,rain,"44454099999,VNKT,remote,44449099999"
"Kathmandu, Bagmati, Nepal",2023-06-19,30.4,20.8,24.8,33.5,20.8,25.6,20.4,78.4,18,100,4.17,rain,0,0,41,24.1,288.8,1010.2,74.7,7.5,237.7,20.5,8,10,2023-06-19T05:08:15,2023-06-19T19:01:49,0.03,"Rain, Partially cloudy",Partly cloudy throughout the day with morning rain.,rain,"44454099999,VNKT,44449099999"
"Kathmandu, Bagmati, Nepal",2023-06-20,29.7,19.9,24.7,31.9,19.9,25.2,19.6,74.8,9,100,4.17,rain,0,0,48.2,25.9,269.8,1010.4,60.6,7.8,197.2,16.9,7,10,2023-06-20T05:08:26,2023-06-20T19:02:04,0.07,"Rain, Partially cloudy",Partly cloudy throughout the day with morning rain.,rain,"44454099999,VNKT,44449099999"
"Kathmandu, Bagmati, Nepal",2023-06-21,31,21,25.8,33,21,26.5,19.5,69.3,0,0,0,,0,0,38.5,18.4,255.6,1010.5,60.2,8.4,221.3,19.1,8,10,2023-06-21T05:08:38,2023-06-21T19:02:17,0.1,Partially cloudy,Partly cloudy throughout the day.,partly-cloudy-day,"44454099999,VNKT"
"Kathmandu, Bagmati, Nepal",2023-06-22,29,22,25.3,32,22,26.1,20.5,75.8,0,0,0,rain,0,0,32,20.5,257.1,1011,81.1,7.6,225.1,19.4,7,30,2023-06-22T05:08:51,2023-06-22T19:02:30,0.13,Partially cloudy,Partly cloudy throughout the day.,partly-cloudy-day,"44454099999,VNKT"
"Kathmandu, Bagmati, Nepal",2023-06-23,31,22,25.5,33,22,26.1,21.1,77.6,0.1,100,4.17,rain,0,0,24.8,22.3,222.6,1011,82.6,7.4,212.7,18.2,7,30,2023-06-23T05:09:04,2023-06-23T19:02:42,0.17,"Rain, Partially cloudy",Partly cloudy throughout the day with early morning rain.,rain,"44454099999,VNKT"
"Kathmandu, Bagmati, Nepal",2023-06-24,29,21,24.6,30.3,21,25,20.4,78.7,4.7,100,4.17,rain,0,0,24.8,25.9,229.7,1011.2,90.1,8.2,118.8,10.2,6,30,2023-06-24T05:09:19,2023-06-24T19:02:52,0.2,"Rain, Overcast",Cloudy skies throughout the day with morning rain.,rain,"44454099999,VNKT"
"Kathmandu, Bagmati, Nepal",2023-06-25,28,23,24.9,30.1,23,25.6,20.9,78.9,0,0,0,rain,0,0,30.6,18.4,208.4,1011.5,87.7,8.5,191.1,16.4,7,30,2023-06-25T05:09:35,2023-06-25T19:03:01,0.23,Partially cloudy,Partly cloudy throughout the day.,partly-cloudy-day,"44454099999,VNKT"
"Kathmandu, Bagmati, Nepal",2023-06-26,29,22,24.6,31.4,22,25.1,21,80.8,0.2,100,4.17,rain,0,0,24.8,17.8,218.4,1011.2,82.2,7.7,179,15.6,6,30,2023-06-26T05:09:52,2023-06-26T19:03:09,0.25,"Rain, Partially cloudy",Partly cloudy throughout the day with morning rain.,rain,"44454099999,VNKT,44449099999"
"Kathmandu, Bagmati, Nepal",2023-06-27,26,21.3,23.3,26,21.3,23.3,20.9,86.6,15.5,100,8.33,rain,0,0,28.1,18.4,233.4,1010.7,86.9,7.1,201.9,17.4,6,30,2023-06-27T05:10:10,2023-06-27T19:03:16,0.3,"Rain, Partially cloudy",Partly cloudy throughout the day with rain.,rain,"44454099999,VNKT,44449099999"
"Kathmandu, Bagmati, Nepal",2023-06-28,28.2,21.4,24,30.9,21.4,24.6,20.8,83.1,0,0,0,rain,0,0,34.6,24.1,175,1011.7,82.9,8,143.7,12.4,5,10,2023-06-28T05:10:29,2023-06-28T19:03:21,0.33,Partially cloudy,Partly cloudy throughout the day.,partly-cloudy-day,"44454099999,VNKT,44449099999"
"Kathmandu, Bagmati, Nepal",2023-06-29,27.7,21.5,23.9,29.5,21.5,24.2,20.6,82.5,4,100,8.33,rain,0,0,37.8,16.6,163.5,1011.2,86.6,7.9,125.3,10.8,6,30,2023-06-29T05:10:48,2023-06-29T19:03:26,0.36,"Rain, Partially cloudy",Partly cloudy throughout the day with rain.,rain,"44454099999,VNKT,44449099999"
"Kathmandu, Bagmati, Nepal",2023-06-30,26,20.9,22.6,26,20.9,22.6,20.5,88.3,8.2,100,8.33,rain,0,0,28.1,14.8,184.5,1010.9,89.5,7.8,90.7,7.8,3,10,2023-06-30T05:11:09,2023-06-30T19:03:29,0.39,"Rain, Partially cloudy",Partly cloudy throughout the day with rain.,rain,"44454099999,VNKT,44449099999"
"Kathmandu, Bagmati, Nepal",2023-07-01,26,20.9,22.9,26,20.9,22.9,20.7,87.7,4.2,100,4.17,rain,0,0,18.4,14.8,122.3,1011.2,85,7.2,71.1,5.9,3,10,2023-07-01T05:11:30,2023-07-01T19:03:30,0.43,"Rain, Partially cloudy",Partly cloudy throughout the day with late afternoon rain.,rain,"44454099999,VNKT,44449099999"
"Kathmandu, Bagmati, Nepal",2023-07-02,28,21.6,24,30.1,21.6,24.6,20.9,83.7,0.1,100,4.17,rain,0,0,25.2,16.6,213.2,1010.3,88,8.5,162.2,13.9,6,10,2023-07-02T05:11:52,2023-07-02T19:03:31,0.46,"Rain, Partially cloudy",Partly cloudy throughout the day with late afternoon rain.,rain,"44454099999,VNKT,remote,44449099999"
"Kathmandu, Bagmati, Nepal",2023-07-03,27.3,21.6,23.8,29.2,21.6,24.2,21.2,86.2,10.1,100,8.33,rain,0,0,25.2,16.6,187.1,1010.6,88,6.8,96.2,8.3,4,10,2023-07-03T05:12:15,2023-07-03T19:03:30,0.5,"Rain, Partially cloudy",Partly cloudy throughout the day with rain.,rain,"44454099999,VNKT,44449099999"
"Kathmandu, Bagmati, Nepal",2023-07-04,27,20.7,22.8,28.9,20.7,22.9,20.9,89.6,38.8,100,8.33,rain,0,0,20.2,9.4,115.6,1010.4,91,6.4,125.2,10.9,6,10,2023-07-04T05:12:38,2023-07-04T19:03:28,0.53,"Rain, Overcast",Cloudy skies throughout the day with rain.,rain,"44454099999,VNKT,44449099999"
"Kathmandu, Bagmati, Nepal",2023-07-05,27,21,23.1,28.5,21,23.2,20.6,87.1,28,100,8.33,rain,0,0,20.2,16.6,99.3,1010.7,80.1,7.4,121.7,10.6,6,10,2023-07-05T05:13:02,2023-07-05T19:03:24,0.56,"Rain, Partially cloudy",Partly cloudy throughout the day with rain.,rain,"44454099999,VNKT,44449099999"
"Kathmandu, Bagmati, Nepal",2023-07-06,29.1,20.8,24.8,31.7,20.8,25.4,20.5,77.4,0.2,100,4.17,rain,0,0,24.8,22.3,211.3,1011.5,79.4,8,184.9,15.9,7,10,2023-07-06T05:13:27,2023-07-06T19:03:20,0.6,"Rain, Partially cloudy",Partly cloudy throughout the day with late afternoon rain.,rain,"44454099999,VNKT,44449099999"
"Kathmandu, Bagmati, Nepal",2023-07-07,28,22,24.9,31.3,22,25.7,21.1,80.1,3,100,4.17,rain,0,0,38.9,20.5,196.9,1012.4,81.5,7.9,153.5,13.2,5,30,2023-07-07T05:13:52,2023-07-07T19:03:14,0.63,"Rain, Partially cloudy",Partly cloudy throughout the day with morning rain.,rain,"44454099999,VNKT,44449099999"
"Kathmandu, Bagmati, Nepal",2023-07-08,29.3,20.4,24.4,33,20.4,25,20.4,79,0.5,100,4.17,rain,0,0,28.1,65,198.2,1013.8,76.3,8.7,126.1,10.8,6,30,2023-07-08T05:14:19,2023-07-08T19:03:06,0.67,"Rain, Partially cloudy",Partly cloudy throughout the day with late afternoon rain.,rain,"44454099999,VNKT,44449099999"
"Kathmandu, Bagmati, Nepal",2023-07-09,29.8,20.8,25,33.9,20.8,25.8,21.2,80.3,0.2,100,4.17,rain,0,0,24.1,16.5,211.8,1012.8,85.4,7.9,123.7,10.6,5,30,2023-07-09T05:14:45,2023-07-09T19:02:57,0.7,"Rain, Partially cloudy",Partly cloudy throughout the day with late afternoon rain.,rain,"44454099999,VNKT,44449099999"
"Kathmandu, Bagmati, Nepal",2023-07-10,29,22,24.9,31.8,22,25.5,21.2,80.7,0,0,0,rain,0,0,24.1,18.4,189.2,1012,88.2,7.1,164.4,14.2,6,10,2023-07-10T05:15:12,2023-07-10T19:02:47,0.75,Partially cloudy,Partly cloudy throughout the day.,partly-cloudy-day,"44454099999,VNKT,44449099999"
"Kathmandu, Bagmati, Nepal",2023-07-11,29.2,21.8,24.6,32,21.8,25.1,21.3,82.9,36,100,8.33,rain,0,0,25.6,13,86.2,1011.6,86.7,6.6,175.7,15.1,6,30,2023-07-11T05:15:40,2023-07-11T19:02:36,0.77,"Rain, Partially cloudy",Partly cloudy throughout the day with rain.,rain,"44454099999,VNKT,44449099999"
"Kathmandu, Bagmati, Nepal",2023-07-12,28.2,21.1,24.4,31.6,21.1,24.9,21.6,85.1,1.7,100,4.17,rain,0,0,25.2,18.4,206.7,1011.4,85.6,6.7,119.1,10.2,6,30,2023-07-12T05:16:08,2023-07-12T19:02:23,0.81,"Rain, Partially cloudy",Partly cloudy throughout the day with late afternoon rain.,rain,"44454099999,VNKT,44449099999"
"Kathmandu, Bagmati, Nepal",2023-07-13,27,21,23.1,28.9,21,23.1,21.3,90.5,21.1,100,8.33,rain,0,0,28.4,16.5,274.7,1011.8,87.5,6,160.4,13.9,6,10,2023-07-13T05:16:37,2023-07-13T19:02:09,0.84,"Rain, Partially cloudy",Partly cloudy throughout the day with rain.,rain,"44454099999,VNKT,44449099999"
"Kathmandu, Bagmati, Nepal",2023-07-14,26,21,22.7,26,21,22.7,21.2,91.2,36,100,8.33,rain,0,0,21.2,9.4,110.5,1012.1,90.8,6,143.3,12.3,6,10,2023-07-14T05:17:06,2023-07-14T19:01:53,0.88,"Rain, Overcast",Cloudy skies throughout the day with rain.,rain,"44454099999,VNKT,44449099999"
"Kathmandu, Bagmati, Nepal",2023-07-15,27,21,24.1,29,21,24.4,21.1,84.1,31.5,100,8.33,rain,0,0,20.9,13,221.5,1011.8,86.7,7.2,155.2,13.4,6,30,2023-07-15T05:17:35,2023-07-15T19:01:36,0.91,"Rain, Partially cloudy",Partly cloudy throughout the day with rain.,rain,"44454099999,VNKT,44449099999"
"Kathmandu, Bagmati, Nepal",2023-07-16,27.7,21.8,24.1,31,21.8,24.3,21.4,85.4,1.1,100,4.17,rain,0,0,25.2,16.6,239.5,1010.9,86.9,6.9,194.7,16.8,8,30,2023-07-16T05:18:05,2023-07-16T19:01:18,0.95,"Rain, Partially cloudy",Partly cloudy throughout the day with late afternoon rain.,rain,"44454099999,VNKT,44449099999"
"Kathmandu, Bagmati, Nepal",2023-07-17,27,20.9,23.1,29.2,20.9,23.2,21.3,90.2,15.1,100,8.33,rain,0,0,22.3,17.8,193.6,1010.6,90.3,6.5,145.8,12.6,6,30,2023-07-17T05:18:35,2023-07-17T19:00:58,0.98,"Rain, Overcast",Cloudy skies throughout the day with rain.,rain,"44454099999,VNKT,44449099999"
"Kathmandu, Bagmati, Nepal",2023-07-18,28,20,22.8,30.1,20,23,20.8,89.4,64.9,100,8.33,rain,0,0,25.6,9.4,180.5,1011.5,89,7,119.1,10.3,5,10,2023-07-18T05:19:06,2023-07-18T19:00:37,0,"Rain, Partially cloudy",Partly cloudy throughout the day with rain.,rain,"44454099999,VNKT,44449099999"
"Kathmandu, Bagmati, Nepal",2023-07-19,30.2,21.6,24.5,33.8,21.6,25,21.2,83.3,3.1,100,8.33,rain,0,0,24.1,16.6,216.8,1010.7,87.4,7.6,192.3,16.7,9,10,2023-07-19T05:19:37,2023-07-19T19:00:15,0.05,"Rain, Partially cloudy",Partly cloudy throughout the day with rain.,rain,"44454099999,VNKT,44449099999"
"Kathmandu, Bagmati, Nepal",2023-07-20,30,21.7,25.1,34.6,21.7,25.7,22,84.1,2.8,100,4.17,rain,0,0,23,18.4,155.1,1010.3,70.7,7.7,239.2,20.8,9,30,2023-07-20T05:20:08,2023-07-20T18:59:51,0.08,"Rain, Partially cloudy",Partly cloudy throughout the day with late afternoon rain.,rain,"44454099999,VNKT,44449099999"
"Kathmandu, Bagmati, Nepal",2023-07-21,29,21.8,24.5,32,21.8,25,21.6,84.8,9.2,100,8.33,rain,0,0,23,18.4,201.1,1013,83.1,6.9,232.7,20.2,8,30,2023-07-21T05:20:39,2023-07-21T18:59:26,0.12,"Rain, Partially cloudy",Partly cloudy throughout the day with rain.,rain,"44454099999,VNKT,44449099999"
"Kathmandu, Bagmati, Nepal",2023-07-22,30.3,21.9,24.5,34.1,21.9,25.2,21.3,83.7,3,100,4.17,rain,0,0,40.7,22.3,177.4,1016.3,82.8,7.1,203.2,17.6,7,30,2023-07-22T05:21:10,2023-07-22T18:59:00,0.15,"Rain, Partially cloudy",Partly cloudy throughout the day with morning rain.,rain,"44454099999,VNKT,44449099999"
"Kathmandu, Bagmati, Nepal",2023-07-23,29.7,21.2,24,32.8,21.2,24.6,21.6,87.6,5.5,100,8.33,rain,0,0,25.2,16.6,169.3,1015.7,83.4,7.2,201.8,17.4,7,30,2023-07-23T05:21:42,2023-07-23T18:58:32,0.18,"Rain, Partially cloudy",Partly cloudy throughout the day with rain.,rain,"44454099999,VNKT,44449099999"
"Kathmandu, Bagmati, Nepal",2023-07-24,28,20.8,23.8,30.1,20.8,24.1,20.8,84.3,2.7,100,8.33,rain,0,0,24.8,16.6,193.2,1013.1,83.7,7.1,179.3,15.3,7,30,2023-07-24T05:22:14,2023-07-24T18:58:03,0.22,"Rain, Partially cloudy",Partly cloudy throughout the day with rain.,rain,"44454099999,VNKT,44449099999"
"Kathmandu, Bagmati, Nepal",2023-07-25,26,20.8,22.6,26,20.8,22.6,20.6,89.3,21.2,100,8.33,rain,0,0,23.4,13,81.1,1013.8,90.4,6.8,110.9,9.4,4,10,2023-07-25T05:22:46,2023-07-25T18:57:33,0.25,"Rain, Overcast",Cloudy skies throughout the day with rain.,rain,"44454099999,VNKT,44449099999"
"Kathmandu, Bagmati, Nepal",2023-07-26,28,21,23.8,29.6,21,23.9,20.5,82.3,0,0,0,rain,0,0,19.8,14.8,231.1,1013.9,85.6,7.6,168.2,14.6,6,10,2023-07-26T05:23:18,2023-07-26T18:57:01,0.25,Partially cloudy,Partly cloudy throughout the day.,partly-cloudy-day,"44454099999,VNKT,44449099999"
"Kathmandu, Bagmati, Nepal",2023-07-27,28.4,20.6,23.7,30.7,20.6,23.9,20.7,84.3,11,100,8.33,rain,0,0,24.8,14.8,262.3,1012.5,85.7,7.4,175.1,15.1,6,10,2023-07-27T05:23:50,2023-07-27T18:56:28,0.32,"Rain, Partially cloudy",Partly cloudy throughout the day with rain.,rain,"44454099999,VNKT,44449099999"
"Kathmandu, Bagmati, Nepal",2023-07-28,29,20.7,23.6,32,20.7,23.8,21.1,86.8,10.9,100,8.33,rain,0,0,20.2,12.9,230.4,1009.7,87.7,6.9,174.1,15.1,6,30,2023-07-28T05:24:22,2023-07-28T18:55:54,0.35,"Rain, Partially cloudy",Partly cloudy throughout the day with rain.,rain,"44454099999,VNKT,44449099999"
"Kathmandu, Bagmati, Nepal",2023-07-29,26,21,23.4,26,21,23.4,21.5,89,14.5,100,8.33,rain,0,0,23.4,16.6,220.9,1009.1,87.7,7.1,94.5,8.1,3,30,2023-07-29T05:24:54,2023-07-29T18:55:19,0.38,"Rain, Partially cloudy",Partly cloudy throughout the day with rain.,rain,"44454099999,VNKT,44449099999"
"Kathmandu, Bagmati, Nepal",2023-07-30,27,21.4,23.6,28.9,21.4,23.7,21.7,89.5,13.6,100,8.33,rain,0,0,25.2,18.4,226.6,1008.3,81.7,7.3,174.6,15.1,7,30,2023-07-30T05:25:27,2023-07-30T18:54:42,0.42,"Rain, Partially cloudy",Partly cloudy throughout the day with rain.,rain,"44454099999,VNKT,44449099999"
"Kathmandu, Bagmati, Nepal",2023-07-31,29,21,24.6,31.9,21,25.4,22,86.1,0.1,100,4.17,rain,0,0,26.6,14.8,179.8,1007.3,80.4,7.8,229.3,20,9,30,2023-07-31T05:25:59,2023-07-31T18:54:04,0.45,"Rain, Partially cloudy",Partly cloudy throughout the day with late afternoon rain.,rain,"44454099999,VNKT,44449099999"
"Kathmandu, Bagmati, Nepal",2023-08-01,30,21.1,24.6,34.3,21.1,25.4,22.1,86.8,26.9,100,4.17,rain,0,0,27,24.1,183.8,1007.2,85.3,7.5,190.8,16.6,8,30,2023-08-01T05:26:31,2023-08-01T18:53:25,0.48,"Rain, Partially cloudy",Partly cloudy throughout the day with morning rain.,rain,"44454099999,VNKT,44449099999"
"Kathmandu, Bagmati, Nepal",2023-08-02,29.2,21.5,24.7,32.4,21.5,25.6,21.8,84.7,18,100,4.17,rain,0,0,22,20.5,268,1007.4,88.2,8,166.8,14.3,6,30,2023-08-02T05:27:03,2023-08-02T18:52:45,0.5,"Rain, Partially cloudy",Partly cloudy throughout the day with morning rain.,rain,"44454099999,VNKT,44449099999"
"Kathmandu, Bagmati, Nepal",2023-08-03,28,22.4,24.7,30.7,22.4,25,22,85.7,2,100,4.17,rain,0,0,21.6,32.5,214.6,1007.6,85.5,8,152.9,13.2,5,10,2023-08-03T05:27:36,2023-08-03T18:52:04,0.55,"Rain, Partially cloudy",Partly cloudy throughout the day with late afternoon rain.,rain,"44454099999,VNKT,44449099999"
"Kathmandu, Bagmati, Nepal",2023-08-04,28.2,21.6,24.5,31.5,21.6,25.1,21.3,82.9,0,0,0,rain,0,0,28.8,20.5,197.4,1010,82.3,8.6,52.1,4.7,2,30,2023-08-04T05:28:08,2023-08-04T18:51:21,0.59,Partially cloudy,Partly cloudy throughout the day.,partly-cloudy-day,"44454099999,VNKT,44449099999"
"Kathmandu, Bagmati, Nepal",2023-08-05,28,21.1,23.8,30.1,21.1,24,20.8,84.4,2,100,4.17,rain,0,0,23,20.5,205.8,1011.3,85,7.4,122.9,10.8,4,10,2023-08-05T05:28:40,2023-08-05T18:50:38,0.62,"Rain, Partially cloudy",Partly cloudy throughout the day with late afternoon rain.,rain,"44454099999,VNKT,44449099999"
"Kathmandu, Bagmati, Nepal",2023-08-06,24.1,20.9,22.4,24.1,20.9,22.4,21.2,92.9,19,100,8.33,rain,0,0,21.2,13,359.6,1008.6,89,6.4,132.9,11.6,6,10,2023-08-06T05:29:12,2023-08-06T18:49:53,0.65,"Rain, Partially cloudy",Partly cloudy throughout the day with rain.,rain,"44454099999,VNKT,44449099999"
"Kathmandu, Bagmati, Nepal",2023-08-07,26.3,20.5,22.7,26.3,20.5,22.7,21.5,93.5,14,100,8.33,rain,0,0,24.1,16.6,145.1,1005.3,88,5.8,96.1,8.3,4,10,2023-08-07T05:29:44,2023-08-07T18:49:07,0.69,"Rain, Partially cloudy",Partly cloudy throughout the day with rain.,rain,"44454099999,VNKT,44449099999"
"Kathmandu, Bagmati, Nepal",2023-08-08,26,20.7,23,26,20.7,23,21.4,91.2,64,100,8.33,rain,0,0,27.7,14.8,171.3,1007.3,92.9,6.6,34.2,2.9,1,10,2023-08-08T05:30:15,2023-08-08T18:48:20,0.75,"Rain, Overcast",Cloudy skies throughout the day with rain.,rain,"44454099999,VNKT,44449099999"
"Kathmandu, Bagmati, Nepal",2023-08-09,27,21.8,23.8,29.2,21.8,24.1,21.8,89,6.4,100,4.17,rain,0,0,24.8,12.9,237.2,1010.7,88.2,6.8,141,12.3,6,10,2023-08-09T05:30:47,2023-08-09T18:47:33,0.76,"Rain, Partially cloudy",Partly cloudy throughout the day with late afternoon rain.,rain,"44454099999,VNKT,44449099999"
"Kathmandu, Bagmati, Nepal",2023-08-10,28.5,21.1,24.4,32.2,21.1,25.1,21.3,83.8,0.1,100,4.17,rain,0,0,24.1,22.3,203.1,1012.5,79.8,8.2,144.2,12.5,6,30,2023-08-10T05:31:19,2023-08-10T18:46:44,0.79,"Rain, Partially cloudy",Partly cloudy throughout the day with late afternoon rain.,rain,"44454099999,VNKT,44449099999"
"Kathmandu, Bagmati, Nepal",2023-08-11,29,21.9,24.4,32.3,21.9,24.8,21.5,84.8,2.2,100,4.17,rain,0,0,24.1,22.3,181.2,1012,84.5,7.1,159.4,13.7,7,30,2023-08-11T05:31:50,2023-08-11T18:45:54,0.82,"Rain, Partially cloudy",Partly cloudy throughout the day with late afternoon rain.,rain,"44454099999,VNKT,44449099999"
"Kathmandu, Bagmati, Nepal",2023-08-12,26,21.5,22.8,26,21.5,22.8,22.1,96,49.9,100,8.33,rain,0,0,22.7,11.2,276.3,1009.8,89,6,81.4,7.2,6,10,2023-08-12T05:32:21,2023-08-12T18:45:03,0.86,"Rain, Partially cloudy",Partly cloudy throughout the day with rain.,rain,"44454099999,VNKT,44449099999"
"Kathmandu, Bagmati, Nepal",2023-08-13,22,19.4,21.2,22,19.4,21.2,20.7,97.2,38.6,100,8.33,rain,0,0,30.6,14.8,177.8,1010.4,93.5,5.5,32.6,2.8,2,10,2023-08-13T05:32:52,2023-08-13T18:44:11,0.89,"Rain, Overcast",Cloudy skies throughout the day with rain.,rain,"44454099999,VNKT,44449099999"
"Kathmandu, Bagmati, Nepal",2023-08-14,24,19.4,21.7,24,19.4,21.7,19.6,88.6,1,100,4.17,rain,0,0,24.1,9.4,283.7,1013.3,89.3,6.5,136.8,11.8,7,10,2023-08-14T05:33:23,2023-08-14T18:43:18,0.93,"Rain, Partially cloudy",Partly cloudy throughout the day with late afternoon rain.,rain,"44454099999,VNKT,44449099999"
"Kathmandu, Bagmati, Nepal",2023-08-15,29.1,19.9,24,31.4,19.9,24.7,20.8,83.1,0,0,0,rain,0,0,27,29.4,270.9,1012.6,72.4,6.9,189.6,16.5,7,30,2023-08-15T05:33:54,2023-08-15T18:42:24,0.96,Partially cloudy,Partly cloudy throughout the day.,partly-cloudy-day,"44454099999,VNKT,44449099999"
"Kathmandu, Bagmati, Nepal",2023-08-16,28,20.8,24.4,30.7,20.8,24.8,21.2,83.3,0,0,0,rain,0,0,25.2,13,243.1,1012,74.9,7.1,201.5,17.4,6,30,2023-08-16T05:34:25,2023-08-16T18:41:30,0,Partially cloudy,Partly cloudy throughout the day.,partly-cloudy-day,"44454099999,VNKT,44449099999"
"Kathmandu, Bagmati, Nepal",2023-08-17,31,21.4,25.5,34.3,21.4,26.5,21.1,78,2.9,100,4.17,rain,0,0,29.9,16.5,197.5,1012.5,78.3,8.3,224.8,19.6,9,30,2023-08-17T05:34:55,2023-08-17T18:40:34,0.03,"Rain, Partially cloudy",Partly cloudy throughout the day with late afternoon rain.,rain,"44454099999,VNKT,44449099999"
"Kathmandu, Bagmati, Nepal",2023-08-18,29,21.4,24.6,32,21.4,25.2,21.5,83.7,7.2,100,4.17,rain,0,0,23.4,13,193.7,1013.3,75.8,7.4,190.4,16.4,7,30,2023-08-18T05:35:26,2023-08-18T18:39:38,0.06,"Rain, Partially cloudy",Partly cloudy throughout the day with late afternoon rain.,rain,"44454099999,VNKT,44449099999"
"Kathmandu, Bagmati, Nepal",2023-08-19,30,22.1,25.3,34.7,22.1,26.2,21.6,80.9,0.2,100,4.17,rain,0,0,24.1,20.5,207,1013.7,85.9,7.3,187.6,16.2,7,30,2023-08-19T05:35:56,2023-08-19T18:38:41,0.1,"Rain, Partially cloudy",Partly cloudy throughout the day with late afternoon rain.,rain,"44454099999,VNKT,44449099999"
"Kathmandu, Bagmati, Nepal",2023-08-20,29.2,21.3,24.5,31.7,21.3,25,20.8,81.1,1.6,100,4.17,rain,0,0,22.3,18.4,182.7,1014.2,77.6,7.5,144.5,12.6,6,30,2023-08-20T05:36:26,2023-08-20T18:37:43,0.13,"Rain, Partially cloudy",Partly cloudy throughout the day with late afternoon rain.,rain,"44454099999,VNKT,44449099999"
"Kathmandu, Bagmati, Nepal",2023-08-21,24,20,21.6,24,20,21.6,20.9,96.1,41.9,100,8.33,rain,0,0,15.8,11.2,163,1013,93.8,4.9,54.8,4.7,2,10,2023-08-21T05:36:56,2023-08-21T18:36:44,0.17,"Rain, Overcast",Cloudy skies throughout the day with rain.,rain,"44454099999,VNKT,44449099999"
"Kathmandu, Bagmati, Nepal",2023-08-22,27,20,22.1,28.5,20,22.2,20.3,90.5,7.5,100,4.17,rain,0,0,18.4,16.6,171.2,1012.3,91.3,6.6,103.5,8.9,5,10,2023-08-22T05:37:25,2023-08-22T18:35:44,0.2,"Rain, Overcast",Cloudy skies throughout the day with morning rain.,rain,"44454099999,VNKT,44449099999"
"Kathmandu, Bagmati, Nepal",2023-08-23,23,20,21.2,23,20,21.2,20.7,97.1,35.3,100,8.33,rain,0,0,18,9.4,289.2,1010.8,92.2,4.6,72.2,6.2,3,10,2023-08-23T05:37:55,2023-08-23T18:34:44,0.23,"Rain, Overcast",Cloudy skies throughout the day with rain.,rain,"44454099999,VNKT,44449099999"
"Kathmandu, Bagmati, Nepal",2023-08-24,27,20.6,22.6,28.5,20.6,22.7,21,91.2,15.7,100,4.17,rain,0,0,19.4,14.8,208.8,1008,90.1,6,48.9,4.2,2,10,2023-08-24T05:38:24,2023-08-24T18:33:43,0.25,"Rain, Overcast",Cloudy skies throughout the day with morning rain.,rain,"44454099999,VNKT,44449099999"
"Kathmandu, Bagmati, Nepal",2023-08-25,25,20.5,21.8,25,20.5,21.8,21,95.7,19,100,8.33,rain,0,0,21.2,17.7,105.7,1008,92.2,5.8,75.9,6.6,4,10,2023-08-25T05:38:53,2023-08-25T18:32:41,0.3,"Rain, Overcast",Cloudy skies throughout the day with rain.,rain,"44454099999,VNKT,44449099999"
"Kathmandu, Bagmati, Nepal",2023-08-26,26,20,22.5,26,20,22.5,20.8,90.6,14.2,100,8.33,rain,0,0,20.2,20.5,259.3,1008.1,92.8,6.8,58.3,5.1,2,10,2023-08-26T05:39:22,2023-08-26T18:31:39,0.34,"Rain, Overcast",Cloudy skies throughout the day with rain.,rain,"44454099999,VNKT,44449099999"
"Kathmandu, Bagmati, Nepal",2023-08-27,28.5,20.7,23.8,31.6,20.7,24.3,20.6,83.1,0.6,100,4.17,rain,0,0,30.2,18.4,244.4,1007.3,84.2,7.9,199,17.2,8,30,2023-08-27T05:39:51,2023-08-27T18:30:36,0.37,"Rain, Partially cloudy",Partly cloudy throughout the day with late afternoon rain.,rain,"44454099999,VNKT,44449099999"
"Kathmandu, Bagmati, Nepal",2023-08-28,29.2,19.3,24.1,31.1,19.3,24.5,19.5,76.4,0.7,100,4.17,rain,0,0,26.6,20.5,225.1,1008.5,69.7,7.3,204.7,17.6,8,10,2023-08-28T05:40:20,2023-08-28T18:29:33,0.4,"Rain, Partially cloudy",Partly cloudy throughout the day with early morning rain.,rain,"44454099999,VNKT,44449099999"
"Kathmandu, Bagmati, Nepal",2023-08-29,29,19.6,23.8,29.9,19.6,24,19.5,78,0.1,100,4.17,rain,0,0,24.5,18.4,258,1011.4,86,8.1,206.7,17.8,7,10,2023-08-29T05:40:49,2023-08-29T18:28:29,0.44,"Rain, Partially cloudy",Partly cloudy throughout the day with early morning rain.,rain,"44454099999,VNKT,remote,44449099999"
"Kathmandu, Bagmati, Nepal",2023-08-30,29.3,20.6,24.6,32.2,20.6,25.2,20.3,78.2,3,100,8.33,rain,0,0,22.7,14.8,237.5,1013.6,75.5,6.8,223.4,19.2,8,10,2023-08-30T05:41:17,2023-08-30T18:27:24,0.47,"Rain, Partially cloudy",Partly cloudy throughout the day with rain.,rain,"44454099999,VNKT,44449099999"
"Kathmandu, Bagmati, Nepal",2023-08-31,28,21.4,24.3,30.1,21.4,24.6,20.7,80.9,0,0,0,rain,0,0,22,13,248.9,1014.7,81,6.9,192,16.8,7,10,2023-08-31T05:41:45,2023-08-31T18:26:19,0.5,Partially cloudy,Partly cloudy throughout the day.,partly-cloudy-day,"44454099999,VNKT,44449099999"
"Kathmandu, Bagmati, Nepal",2023-09-01,29.4,21.1,24.7,32.5,21.1,25.4,21,80.5,0,0,0,rain,0,0,26.3,20.6,240.9,1014,71.1,7,228.5,19.8,7,30,2023-09-01T05:42:13,2023-09-01T18:25:13,0.54,Partially cloudy,Partly cloudy throughout the day.,partly-cloudy-day,"44454099999,VNKT,44449099999"
"Kathmandu, Bagmati, Nepal",2023-09-02,30.6,21.3,25.3,35,21.3,26.2,21.6,80.6,0,0,0,rain,0,0,24.1,23.6,209.5,1012.8,78.5,7.1,201.4,17.2,7,60,2023-09-02T05:42:41,2023-09-02T18:24:07,0.57,Partially cloudy,Partly cloudy throughout the day.,partly-cloudy-day,"44454099999,VNKT,44449099999"
"Kathmandu, Bagmati, Nepal",2023-09-03,30,21.1,25,33.3,21.1,25.8,21.6,81.8,4.1,100,8.33,rain,0,0,28.4,16.6,261.6,1012.4,81.5,6.9,207.1,17.9,8,60,2023-09-03T05:43:09,2023-09-03T18:23:01,0.61,"Rain, Partially cloudy",Partly cloudy throughout the day with rain.,rain,"44454099999,VNKT,44449099999"
"Kathmandu, Bagmati, Nepal",2023-09-04,30,19.4,24.3,31.4,19.4,24.6,19,73.3,0,0,0,rain,0,0,28.1,16.6,146.3,1012.8,83.7,8.7,198.1,17.1,8,30,2023-09-04T05:43:37,2023-09-04T18:21:54,0.64,Partially cloudy,Partly cloudy throughout the day.,partly-cloudy-day,"44454099999,VNKT,44449099999"
"Kathmandu, Bagmati, Nepal",2023-09-05,28,21.6,24.7,29.7,21.6,25.2,20.3,77.4,0,0,0,,0,0,22.3,9.4,109.5,1013.4,86.4,7.7,166.4,14.4,6,30,2023-09-05T05:44:05,2023-09-05T18:20:46,0.67,Partially cloudy,Partly cloudy throughout the day.,partly-cloudy-day,"44454099999,VNKT,44449099999"
"Kathmandu, Bagmati, Nepal",2023-09-06,31,19.6,25,33.6,19.6,25.6,19.8,74.4,0,0,0,rain,0,0,23.4,14.8,229.5,1014.2,83.2,8.1,226.4,19.4,8,30,2023-09-06T05:44:33,2023-09-06T18:19:38,0.71,Partially cloudy,Partly cloudy throughout the day.,partly-cloudy-day,"44454099999,VNKT,44449099999"
"Kathmandu, Bagmati, Nepal",2023-09-07,31,18.8,23.8,33,18.8,24.4,19.9,80.3,7,100,4.17,rain,0,0,29.5,14.8,261.4,1014.2,81,7.9,220.5,18.9,9,30,2023-09-07T05:45:00,2023-09-07T18:18:30,0.75,"Rain, Partially cloudy",Partly cloudy throughout the day with morning rain.,rain,"44454099999,VNKT,44449099999"
"Kathmandu, Bagmati, Nepal",2023-09-08,27,20.5,23.1,28.9,20.5,23.2,20.8,87.7,63.3,100,8.33,rain,0,0,27,14.8,42.4,1014.1,88,7.7,158.9,13.7,7,10,2023-09-08T05:45:28,2023-09-08T18:17:22,0.77,"Rain, Partially cloudy",Partly cloudy throughout the day with rain.,rain,"44454099999,VNKT,44449099999"
"Kathmandu, Bagmati, Nepal",2023-09-09,27.2,21,23.1,28.9,21,23.2,20.7,87.1,1.1,100,4.17,rain,0,0,38.2,16.6,141,1013.5,87.5,8.1,95.3,8.2,5,10,2023-09-09T05:45:55,2023-09-09T18:16:13,0.81,"Rain, Partially cloudy",Partly cloudy throughout the day with late afternoon rain.,rain,"44454099999,VNKT,44449099999"
"Kathmandu, Bagmati, Nepal",2023-09-10,29,20.5,24,31.4,20.5,24.7,20.6,82.6,1.8,100,4.17,rain,0,0,25.2,18.4,222.3,1012,80.8,7.8,176.5,15.3,8,30,2023-09-10T05:46:22,2023-09-10T18:15:04,0.84,"Rain, Partially cloudy",Partly cloudy throughout the day with late afternoon rain.,rain,"44454099999,VNKT,44449099999"
"Kathmandu, Bagmati, Nepal",2023-09-11,29,20.4,24.2,31.4,20.4,24.8,20.8,82.6,40.2,100,4.17,rain,0,0,23.8,14.8,228,1011.1,78.7,7,205.6,17.9,7,30,2023-09-11T05:46:50,2023-09-11T18:13:55,0.87,"Rain, Partially cloudy",Partly cloudy throughout the day with morning rain.,rain,"44454099999,VNKT,44449099999"
"Kathmandu, Bagmati, Nepal",2023-09-12,28,20.3,23,30.1,20.3,23.3,20.8,88.4,50,100,8.33,rain,0,0,19.1,22.3,166.5,1011.7,88.6,5.8,168.9,14.6,6,30,2023-09-12T05:47:17,2023-09-12T18:12:45,0.91,"Rain, Partially cloudy",Partly cloudy throughout the day with rain.,rain,"44454099999,VNKT,44449099999"
"Kathmandu, Bagmati, Nepal",2023-09-13,31,19.4,24.3,33.8,19.4,25,20.8,82.9,20.6,100,8.33,rain,0,0,20.2,20.5,193.2,1012.4,72.7,7.3,223.7,19.3,8,60,2023-09-13T05:47:44,2023-09-13T18:11:36,0.94,"Rain, Partially cloudy",Partly cloudy throughout the day with rain.,rain,"44454099999,VNKT,44449099999"
"Kathmandu, Bagmati, Nepal",2023-09-14,30.1,19.9,24.6,33.7,19.9,25.3,21.1,82.6,39.4,100,4.17,rain,0,0,20.9,16.6,284.9,1013.8,67.8,8.5,201.6,17.4,8,60,2023-09-14T05:48:12,2023-09-14T18:10:26,0.97,"Rain, Partially cloudy",Partly cloudy throughout the day with morning rain.,rain,"44454099999,VNKT,remote,44449099999"
"Kathmandu, Bagmati, Nepal",2023-09-15,30,21,25.3,33.6,21,26.1,21.2,79,0,0,0,rain,0,0,23.4,23.6,212,1014.7,72.7,9.4,205.2,17.5,7,60,2023-09-15T05:48:39,2023-09-15T18:09:16,0,Partially cloudy,Partly cloudy throughout the day.,partly-cloudy-day,"44454099999,VNKT,44449099999"
"Kathmandu, Bagmati, Nepal",2023-09-16,30,21,25,31.9,21,25.6,20.3,76.2,0,0,0,rain,0,0,24.5,18.4,169.5,1015.2,61.5,7.9,204.5,17.5,8,60,2023-09-16T05:49:06,2023-09-16T18:08:06,0.04,Partially cloudy,Partly cloudy throughout the day.,partly-cloudy-day,"44454099999,VNKT"
"Kathmandu, Bagmati, Nepal",2023-09-17,30,21.8,24.4,32.6,21.8,24.9,20.2,78.8,9.2,100,4.17,rain,0,0,23.4,16.6,228.6,1014,80.3,7.8,220.4,19.2,8,30,2023-09-17T05:49:34,2023-09-17T18:06:55,0.08,"Rain, Partially cloudy",Partly cloudy throughout the day with late afternoon rain.,rain,"44454099999,VNKT,44449099999"
"Kathmandu, Bagmati, Nepal",2023-09-18,29,20,24.2,29.3,20,24.4,18.6,72.7,0,0,0,rain,0,0,23.8,16.5,122.2,1014,59.2,8.5,223.4,19.1,8,10,2023-09-18T05:50:01,2023-09-18T18:05:45,0.11,Partially cloudy,Partly cloudy throughout the day.,partly-cloudy-day,"44454099999,VNKT,44449099999"
"Kathmandu, Bagmati, Nepal",2023-09-19,29.2,19.9,23,31.3,19.9,23.2,19.4,80.9,7,100,4.17,rain,0,0,23,22.3,94.3,1015.7,69.6,8.1,200.7,17.3,7,10,2023-09-19T05:50:29,2023-09-19T18:04:35,0.15,"Rain, Partially cloudy",Partly cloudy throughout the day with late afternoon rain.,rain,"44454099999,VNKT,44449099999"
"Kathmandu, Bagmati, Nepal",2023-09-20,28,21,23.8,29.7,21,24,19.4,77.6,0.3,100,4.17,rain,0,0,24.1,16.6,280.5,1015.7,79.7,8.5,186,16,7,10,2023-09-20T05:50:56,2023-09-20T18:03:25,0.18,"Rain, Partially cloudy",Partly cloudy throughout the day with late afternoon rain.,rain,"44454099999,VNKT,44449099999"
"Kathmandu, Bagmati, Nepal",2023-09-21,28.4,20.5,23.6,30.2,20.5,24,19.7,79.8,0,0,0,rain,0,0,25.9,24.1,233.8,1014.8,83.5,7.7,156.6,13.3,5,10,2023-09-21T05:51:24,2023-09-21T18:02:14,0.22,Partially cloudy,Partly cloudy throughout the day.,partly-cloudy-day,"44454099999,VNKT,44449099999"
"Kathmandu, Bagmati, Nepal",2023-09-22,27,20.5,22.8,28.9,20.5,22.9,19.8,84.1,0,0,0,rain,0,0,25.2,16.6,214.3,1014.7,87.2,7.8,80.1,6.9,5,10,2023-09-22T05:51:52,2023-09-22T18:01:04,0.25,Partially cloudy,Partly cloudy throughout the day.,partly-cloudy-day,"44454099999,VNKT,44449099999"
"Kathmandu, Bagmati, Nepal",2023-09-23,28,20.5,23,30.1,20.5,23.1,19.9,83.6,2.5,100,8.33,rain,0,0,30.2,20.7,183.7,1014.4,88,7.7,87.9,7.4,5,10,2023-09-23T05:52:20,2023-09-23T17:59:54,0.25,"Rain, Partially cloudy",Partly cloudy throughout the day with rain.,rain,"44454099999,VNKT,44449099999"
"Kathmandu, Bagmati, Nepal",2023-09-24,26.4,19.3,21.9,26.4,19.3,21.9,19.3,86,18.6,100,8.33,rain,0,0,22,14.8,235.2,1014.1,88.2,7.9,108.6,9.4,4,10,2023-09-24T05:52:48,2023-09-24T17:58:44,0.32,"Rain, Partially cloudy",Partly cloudy throughout the day with rain.,rain,"44454099999,VNKT,44449099999"
"Kathmandu, Bagmati, Nepal",2023-09-25,26.1,19.4,22.7,26.1,19.4,22.7,18.8,79.5,0,0,0,rain,0,0,29.5,16.6,218.4,1015,80.7,10.1,119.3,10.4,4,10,2023-09-25T05:53:16,2023-09-25T17:57:34,0.36,Partially cloudy,Partly cloudy throughout the day.,partly-cloudy-day,"44454099999,VNKT,44449099999"
"Kathmandu, Bagmati, Nepal",2023-09-26,29.1,20,23.7,32.1,20,24,19.5,78.7,0,0,0,rain,0,0,23.8,16.6,208,1015.3,69.2,8.3,214.4,18.5,8,10,2023-09-26T05:53:44,2023-09-26T17:56:24,0.39,Partially cloudy,Partly cloudy throughout the day.,partly-cloudy-day,"44454099999,VNKT,44449099999"
"Kathmandu, Bagmati, Nepal",2023-09-27,29,20.5,23.9,31.8,20.5,24.3,19.9,79.4,0.1,100,4.17,rain,0,0,27.4,20.6,245.9,1015.5,74.6,7.9,207.5,18,7,30,2023-09-27T05:54:12,2023-09-27T17:55:15,0.42,"Rain, Partially cloudy",Partly cloudy throughout the day with morning rain.,rain,"44454099999,VNKT,44449099999"
"Kathmandu, Bagmati, Nepal",2023-09-28,30,19.1,23.9,30.9,19.1,24.1,19.8,79.7,0,0,0,rain,0,0,21.2,24.1,216.4,1015.1,59,8.4,210.4,18,8,30,2023-09-28T05:54:41,2023-09-28T17:54:05,0.46,Partially cloudy,Partly cloudy throughout the day.,partly-cloudy-day,"44454099999,VNKT,remote,44449099999"
"Kathmandu, Bagmati, Nepal",2023-09-29,29,20.4,23.8,30.8,20.4,24.3,19.8,79.2,5.2,100,8.33,rain,0,0,24.1,16.6,161.8,1015.8,64.5,7.8,213.5,18.3,8,30,2023-09-29T05:55:10,2023-09-29T17:52:56,0.5,"Rain, Partially cloudy",Partly cloudy throughout the day with rain.,rain,"44454099999,VNKT,44449099999"
"Kathmandu, Bagmati, Nepal",2023-09-30,27.5,19.3,22.6,29.1,19.3,22.8,19.1,81.4,0,0,0,rain,0,0,24.5,16.6,188.6,1015.6,86.9,7.5,188.4,16.2,7,10,2023-09-30T05:55:39,2023-09-30T17:51:47,0.53,Partially cloudy,Partly cloudy throughout the day.,partly-cloudy-day,"44454099999,VNKT,44449099999"
"Kathmandu, Bagmati, Nepal",2023-10-01,28,20.6,22.6,29.3,20.6,22.9,19.9,85.6,12,100,8.33,rain,0,0,23.8,16.5,181.8,1014.3,89,7.3,136.4,11.8,6,10,2023-10-01T05:56:08,2023-10-01T17:50:39,0.56,"Rain, Partially cloudy",Partly cloudy throughout the day with rain.,rain,"44454099999,VNKT,44449099999"
"Kathmandu, Bagmati, Nepal",2023-10-02,24.4,19,21.2,24.4,19,21.2,19.9,92.6,14,100,8.33,rain,0,0,18,11.2,249.2,1015.3,90.9,6.2,29.9,2.5,1,10,2023-10-02T05:56:38,2023-10-02T17:49:30,0.59,"Rain, Overcast",Cloudy skies throughout the day with rain.,rain,"44454099999,VNKT,44449099999"
"Kathmandu, Bagmati, Nepal",2023-10-03,26.4,19,21.1,26.4,19,21.1,19.8,93,21.5,100,4.17,rain,0,0,22.7,14.8,260.8,1015.3,88.5,6.4,94.7,8.2,5,10,2023-10-03T05:57:07,2023-10-03T17:48:22,0.63,"Rain, Partially cloudy",Partly cloudy throughout the day with late afternoon rain.,rain,"44454099999,VNKT,44449099999"
"Kathmandu, Bagmati, Nepal",2023-10-04,22,19.6,20.4,22,19.6,20.4,19.9,97,21.1,100,8.33,rain,0,0,26.6,11.2,331.4,1015.3,91.3,5.9,47.4,4.1,2,10,2023-10-04T05:57:37,2023-10-04T17:47:15,0.66,"Rain, Overcast",Cloudy skies throughout the day with rain.,rain,"44454099999,VNKT,44449099999"
"Kathmandu, Bagmati, Nepal",2023-10-05,27,17.8,22.3,28.9,17.8,22.4,19.1,83.4,3,100,4.17,rain,0,0,31.3,29.4,267.9,1014.2,60.4,8.3,161.2,13.9,7,30,2023-10-05T05:58:08,2023-10-05T17:46:08,0.69,"Rain, Partially cloudy",Partly cloudy throughout the day with late afternoon rain.,rain,"44454099999,VNKT,44449099999"
"Kathmandu, Bagmati, Nepal",2023-10-06,25.7,19.5,21.9,25.7,19.5,21.9,19.1,84.9,0,0,0,rain,0,0,22,24.1,213,1014.1,86.3,7.8,185.6,16,7,10,2023-10-06T05:58:38,2023-10-06T17:45:01,0.75,Partially cloudy,Partly cloudy throughout the day.,partly-cloudy-day,"44454099999,VNKT,44449099999"
"Kathmandu, Bagmati, Nepal",2023-10-07,26.4,19.5,22.3,26.4,19.5,22.3,18.7,80.9,0,0,0,rain,0,0,27.4,16.6,238,1015.3,73.7,7.8,173.1,15,6,10,2023-10-07T05:59:09,2023-10-07T17:43:55,0.76,Partially cloudy,Partly cloudy throughout the day.,partly-cloudy-day,"44454099999,VNKT,44449099999"
"Kathmandu, Bagmati, Nepal",2023-10-08,27.1,18.1,22.1,28.4,18.1,22.2,18,79.1,0,0,0,rain,0,0,26.3,22.4,239.7,1015.7,52.6,7.5,186.6,16.2,7,10,2023-10-08T05:59:40,2023-10-08T17:42:49,0.79,Partially cloudy,Partly cloudy throughout the day.,partly-cloudy-day,"44454099999,VNKT,44449099999"
"Kathmandu, Bagmati, Nepal",2023-10-09,27,16.1,21.5,28.4,16.1,21.6,17.7,79.8,0,0,0,rain,0,0,22.3,14.8,257.4,1016.8,55.3,6.4,171.6,14.6,6,10,2023-10-09T06:00:12,2023-10-09T17:41:43,0.82,Partially cloudy,Partly cloudy throughout the day.,partly-cloudy-day,"44454099999,VNKT,44449099999"
"Kathmandu, Bagmati, Nepal",2023-10-10,27.2,17.8,22.1,28.7,17.8,22.2,18.2,80.2,0,0,0,rain,0,0,28.1,51.8,215.7,1017.8,55.3,5.7,144.3,12.6,5,30,2023-10-10T06:00:44,2023-10-10T17:40:39,0.85,Partially cloudy,Partly cloudy throughout the day.,wind,"44454099999,VNKT,44449099999"
"Kathmandu, Bagmati, Nepal",2023-10-11,26.7,16.8,21.6,27.2,16.8,21.6,17,76.5,0,0,0,rain,0,0,24.8,16.6,239.8,1017.7,46,6.4,173,15,7,10,2023-10-11T06:01:16,2023-10-11T17:39:35,0.89,Partially cloudy,Becoming cloudy in the afternoon.,partly-cloudy-day,"44454099999,VNKT,44449099999"
"Kathmandu, Bagmati, Nepal",2023-10-12,27,17.6,21.1,27.5,17.6,21.1,16.7,77,0,0,0,rain,0,0,22.7,16.6,165.6,1019.4,56.7,6.6,200.3,17.2,7,10,2023-10-12T06:01:48,2023-10-12T17:38:31,0.92,Partially cloudy,Partly cloudy throughout the day.,partly-cloudy-day,"44454099999,VNKT,44449099999"
"Kathmandu, Bagmati, Nepal",2023-10-13,26.7,17.7,21.1,26.7,17.7,21.1,17.2,79.7,0,0,0,rain,0,0,23.8,20.6,226.9,1020.3,51.6,6.8,211.4,18.4,8,30,2023-10-13T06:02:21,2023-10-13T17:37:28,0.95,Partially cloudy,Partly cloudy throughout the day.,partly-cloudy-day,"44454099999,VNKT,44449099999"
"Kathmandu, Bagmati, Nepal",2023-10-14,26.3,17.4,20.9,26.3,17.4,20.9,16.3,76.5,0,0,0,rain,0,0,24.1,26.5,245.4,1019.3,50.2,6.5,182.7,15.7,7,10,2023-10-14T06:02:55,2023-10-14T17:36:26,0,Partially cloudy,Clearing in the afternoon.,partly-cloudy-day,"44454099999,VNKT,44449099999"
"Kathmandu, Bagmati, Nepal",2023-10-15,25,15.3,19.6,25,15.3,19.6,15.2,77.4,0,0,0,rain,0,0,23,18.4,199.5,1017.8,38.8,7.3,160.9,14,6,30,2023-10-15T06:03:28,2023-10-15T17:35:24,0.02,Partially cloudy,Partly cloudy throughout the day.,partly-cloudy-day,"44454099999,VNKT,44449099999"
"Kathmandu, Bagmati, Nepal",2023-10-16,25,15.4,19.7,25,15.4,19.7,15.4,77.5,0,0,0,rain,0,0,22.7,16.6,209,1019.4,60.9,6.8,141.6,12.3,6,30,2023-10-16T06:04:02,2023-10-16T17:34:23,0.05,Partially cloudy,Partly cloudy throughout the day.,partly-cloudy-day,"44454099999,VNKT,44449099999"
"Kathmandu, Bagmati, Nepal",2023-10-17,25.2,15,19.3,25.2,15,19.3,13.8,72.4,8,100,4.17,rain,0,0,25.2,16.6,249.9,1020.8,65,8.5,173.5,15,6,10,2023-10-17T06:04:37,2023-10-17T17:33:23,0.09,"Rain, Partially cloudy",Partly cloudy throughout the day with morning rain.,rain,"44454099999,VNKT,44449099999"
"Kathmandu, Bagmati, Nepal",2023-10-18,25.2,14.1,18.5,25.2,14.1,18.5,14,76.7,0,0,0,rain,0,0,25.2,13,232.3,1020.5,42.4,7.8,190.7,16.5,7,10,2023-10-18T06:05:12,2023-10-18T17:32:24,0.12,Partially cloudy,Partly cloudy throughout the day.,partly-cloudy-day,"44454099999,VNKT,44449099999"
"Kathmandu, Bagmati, Nepal",2023-10-19,24.3,12.5,18.3,24.3,12.5,18.3,13.4,75.7,0,0,0,rain,0,0,24.5,14.8,224,1020.7,33.6,8.2,184.8,15.9,7,10,2023-10-19T06:05:47,2023-10-19T17:31:25,0.16,Partially cloudy,Partly cloudy throughout the day.,partly-cloudy-day,"44454099999,VNKT,44449099999"
"Kathmandu, Bagmati, Nepal",2023-10-20,24.7,12.8,18,24.7,12.8,18,13.1,75.1,0,0,0,rain,0,0,24.1,14.8,253,1021.5,32.3,8.4,199.5,17.2,7,10,2023-10-20T06:06:23,2023-10-20T17:30:28,0.2,Partially cloudy,Partly cloudy throughout the day.,partly-cloudy-day,"44454099999,VNKT,44449099999"
"Kathmandu, Bagmati, Nepal",2023-10-21,25,13.1,18.4,25,13.1,18.4,12.5,71.3,0,0,0,rain,0,0,22.3,20.5,190.3,1022.4,33.2,8.3,184.1,16.1,7,10,2023-10-21T06:06:59,2023-10-21T17:29:31,0.23,Partially cloudy,Partly cloudy throughout the day.,partly-cloudy-day,"44454099999,VNKT,44449099999"
"Kathmandu, Bagmati, Nepal",2023-10-22,26,11,18,26,11,18,11.7,68.8,0,0,0,rain,0,0,20.9,14.8,189.4,1022.6,26,8.2,185.9,16.1,7,10,2023-10-22T06:07:35,2023-10-22T17:28:35,0.25,Partially cloudy,Partly cloudy throughout the day.,partly-cloudy-day,"44454099999,VNKT,44449099999"
"Kathmandu, Bagmati, Nepal",2023-10-23,25,11.6,18.1,25,11.6,18.1,11.7,70,0,0,0,rain,0,0,25.6,18.4,198.5,1021.5,23.9,8.3,204.4,17.8,7,10,2023-10-23T06:08:12,2023-10-23T17:27:40,0.3,Partially cloudy,Partly cloudy throughout the day.,partly-cloudy-day,"44454099999,VNKT,44449099999"
"Kathmandu, Bagmati, Nepal",2023-10-24,26,10.8,18,26,10.8,18,11.9,70.3,0,0,0,,0,0,25.9,20.6,243.9,1020.5,24.5,8.4,202.7,17.7,7,10,2023-10-24T06:08:50,2023-10-24T17:26:46,0.34,Partially cloudy,Partly cloudy throughout the day.,partly-cloudy-day,"44454099999,VNKT,44449099999"
"Kathmandu, Bagmati, Nepal",2023-10-25,26,11.8,18.6,26,11.8,18.6,12.2,69.8,0,0,0,rain,0,0,23,14.8,248.2,1020.5,27.5,9.2,202.2,17.4,8,10,2023-10-25T06:09:28,2023-10-25T17:25:53,0.37,Partially cloudy,Partly cloudy throughout the day.,partly-cloudy-day,"44454099999,VNKT,remote,44449099999"
"Kathmandu, Bagmati, Nepal",2023-10-26,25.2,12.6,18.5,25.2,12.6,18.5,12.6,71.1,0,0,0,rain,0,0,24.1,16.6,214.1,1020.4,37.5,8.6,260.3,22.4,8,10,2023-10-26T06:10:06,2023-10-26T17:25:01,0.41,Partially cloudy,Partly cloudy throughout the day.,partly-cloudy-day,"44454099999,VNKT,44449099999"
"Kathmandu, Bagmati, Nepal",2023-10-27,24.5,11.6,17.9,24.5,11.6,17.9,12.6,72.9,0,0,0,rain,0,0,20.5,16.6,242.7,1020,36.5,9,172.7,15.1,6,10,2023-10-27T06:10:45,2023-10-27T17:24:10,0.44,Partially cloudy,Partly cloudy throughout the day.,partly-cloudy-day,"44454099999,VNKT,remote,44449099999"
"Kathmandu, Bagmati, Nepal",2023-10-28,24,12.3,17.6,24,12.3,17.6,12.2,73.1,0,0,0,rain,0,0,28.8,24,272.5,1020.8,32.1,8.4,199.6,17.1,8,10,2023-10-28T06:11:24,2023-10-28T17:23:20,0.48,Partially cloudy,Partly cloudy throughout the day.,partly-cloudy-day,"44454099999,VNKT,44449099999"
"Kathmandu, Bagmati, Nepal",2023-10-29,25,12.4,18,25,12.4,18,11.9,70.4,0,0,0,rain,0,0,19.1,16.6,288.6,1021.2,61.7,7.6,160,13.8,6,10,2023-10-29T06:12:04,2023-10-29T17:22:31,0.5,Partially cloudy,Partly cloudy throughout the day.,partly-cloudy-day,"44454099999,VNKT,44449099999"
"Kathmandu, Bagmati, Nepal",2023-10-30,26,11.8,18.3,26,11.8,18.3,12.7,72.3,0,0,0,rain,0,0,23,16.5,244.8,1022,42.9,7.3,189.2,16.3,7,10,2023-10-30T06:12:44,2023-10-30T17:21:43,0.55,Partially cloudy,Becoming cloudy in the afternoon.,partly-cloudy-day,"44454099999,VNKT,44449099999"
"Kathmandu, Bagmati, Nepal",2023-10-31,26,12.6,18.6,26,12.6,18.6,12.8,71.9,0,0,0,rain,0,0,22.7,18.4,247,1023.8,30.3,8.1,182.9,15.8,7,10,2023-10-31T06:13:25,2023-10-31T17:20:56,0.58,Partially cloudy,Partly cloudy throughout the day.,partly-cloudy-day,"44454099999,VNKT,44449099999"
"Kathmandu, Bagmati, Nepal",2023-11-01,23,13.3,17.5,23,13.3,17.5,12.8,75.6,0,0,0,,0,0,21.2,9.4,102.6,1023.8,53.9,7.1,141.5,12.1,6,30,2023-11-01T06:14:06,2023-11-01T17:20:11,0.61,Partially cloudy,Partly cloudy throughout the day.,partly-cloudy-day,"44454099999,VNKT,44449099999"
"Kathmandu, Bagmati, Nepal",2023-11-02,24,10.8,17.3,24,10.8,17.3,12,74.3,0,0,0,,0,0,24.5,16.6,269.2,1021.4,28.1,7.7,182.5,15.6,7,10,2023-11-02T06:14:47,2023-11-02T17:19:26,0.64,Partially cloudy,Partly cloudy throughout the day.,partly-cloudy-day,"44454099999,VNKT,44449099999"
"Kathmandu, Bagmati, Nepal",2023-11-03,24,12.4,17.5,24,12.4,17.5,12.7,75.8,0,0,0,rain,0,0,23,14.8,227.3,1019.1,45.9,8.1,158.2,13.5,6,30,2023-11-03T06:15:29,2023-11-03T17:18:43,0.67,Partially cloudy,Partly cloudy throughout the day.,partly-cloudy-day,"44454099999,VNKT,44449099999"
"Kathmandu, Bagmati, Nepal",2023-11-04,23.3,12.4,17.2,23.3,12.4,17.2,12.9,76.8,0,0,0,rain,0,0,23.8,16.6,245.5,1018.6,45.7,7.8,179.9,15.4,7,10,2023-11-04T06:16:11,2023-11-04T17:18:02,0.71,Partially cloudy,Becoming cloudy in the afternoon.,partly-cloudy-day,"44454099999,VNKT,44449099999"
"Kathmandu, Bagmati, Nepal",2023-11-05,24,11.4,16.7,24,11.4,16.7,11.5,73.8,0,0,0,,0,0,19.8,13,206.1,1020.7,29.4,6.9,196.2,16.9,7,10,2023-11-05T06:16:54,2023-11-05T17:17:21,0.75,Partially cloudy,Partly cloudy throughout the day.,partly-cloudy-day,"44454099999,VNKT,44449099999"
"Kathmandu, Bagmati, Nepal",2023-11-06,23,11.1,16.7,23,11.1,16.7,12.4,77.6,0,0,0,rain,0,0,22,16.6,246.6,1021.9,34.3,4.9,162.4,14,7,10,2023-11-06T06:17:37,2023-11-06T17:16:42,0.77,Partially cloudy,Partly cloudy throughout the day.,partly-cloudy-day,"44454099999,VNKT,44449099999"
"Kathmandu, Bagmati, Nepal",2023-11-07,24,10.8,16.6,24,10.8,16.6,12.1,77,0,0,0,,0,0,24.1,18.4,251.8,1020.8,27.7,5.5,170.8,14.6,7,10,2023-11-07T06:18:21,2023-11-07T17:16:04,0.8,Partially cloudy,Partly cloudy throughout the day.,partly-cloudy-day,"44454099999,VNKT,44449099999"
"Kathmandu, Bagmati, Nepal",2023-11-08,23,10.4,16.2,23,10.4,16.2,10,70.1,0,0,0,,0,0,27.7,18.4,275.7,1019.7,28.6,6.8,191.8,16.6,7,10,2023-11-08T06:19:04,2023-11-08T17:15:27,0.83,Partially cloudy,Partly cloudy throughout the day.,partly-cloudy-day,"44454099999,VNKT,44449099999"
"Kathmandu, Bagmati, Nepal",2023-11-09,23,9.4,15.7,23,8.9,15.7,9,67.6,0,0,0,,0,0,21.6,13,181.7,1020.2,28.1,7.4,175.2,14.9,7,10,2023-11-09T06:19:49,2023-11-09T17:14:52,0.87,Partially cloudy,Partly cloudy throughout the day.,partly-cloudy-day,"44454099999,VNKT,44449099999"
"Kathmandu, Bagmati, Nepal",2023-11-10,23,10,15.7,23,10,15.7,10.5,73.5,0,0,0,,0,0,24.5,20.6,230,1021.9,30.8,6.5,163.7,14.2,6,10,2023-11-10T06:20:33,2023-11-10T17:14:18,0.9,Partially cloudy,Partly cloudy throughout the day.,partly-cloudy-day,"44454099999,VNKT,44449099999"
"Kathmandu, Bagmati, Nepal",2023-11-11,21.4,10.6,15.1,21.4,10.6,15.1,11.4,79.9,0,0,0,,0,0,29.5,20.5,305.8,1022.8,40.7,6,156.8,13.6,7,10,2023-11-11T06:21:18,2023-11-11T17:13:46,0.93,Partially cloudy,Becoming cloudy in the afternoon.,partly-cloudy-day,"44454099999,VNKT,44449099999"
"Kathmandu, Bagmati, Nepal",2023-11-12,23,9.1,15.5,23,8.7,15.5,10.5,74.9,0,0,0,,0,0,22.7,14.7,203.7,1022.9,28.1,5.8,198.1,17.1,7,10,2023-11-12T06:22:03,2023-11-12T17:13:15,0.96,Partially cloudy,Partly cloudy throughout the day.,partly-cloudy-day,"44454099999,VNKT,44449099999"
"Kathmandu, Bagmati, Nepal",2023-11-13,22.7,10.1,15.9,22.7,10.1,15.9,11.4,76.4,0.1,100,4.17,rain,0,0,21.2,20.6,195.4,1022.9,29.3,7.8,187.1,16.1,7,10,2023-11-13T06:22:49,2023-11-13T17:12:45,0,"Rain, Partially cloudy",Partly cloudy throughout the day with afternoon rain.,rain,"44454099999,VNKT,remote,44449099999"
"Kathmandu, Bagmati, Nepal",2023-11-14,24,10.1,16.3,24,10.1,16.3,10.5,71.9,0,0,0,rain,0,0,18,16.6,249.9,1023.3,33.1,6.7,144.9,12.5,7,10,2023-11-14T06:23:34,2023-11-14T17:12:17,0.03,Partially cloudy,Partly cloudy throughout the day.,partly-cloudy-day,"44454099999,VNKT,44449099999"
"Kathmandu, Bagmati, Nepal",2023-11-15,24,10.5,16.3,24,10.5,16.3,11.2,74.5,0.1,100,4.17,rain,0,0,22.3,23.6,222.5,1022.9,29.3,7.4,173.6,14.9,7,10,2023-11-15T06:24:20,2023-11-15T17:11:50,0.07,"Rain, Partially cloudy",Partly cloudy throughout the day with early morning rain.,rain,"44454099999,VNKT,44449099999"
"Kathmandu, Bagmati, Nepal",2023-11-16,24,10.5,16.4,24,10.5,16.4,11.4,75.2,0,0,0,,0,0,22.7,17.7,135,1024.4,28.1,7.3,169.9,14.5,7,10,2023-11-16T06:25:06,2023-11-16T17:11:25,0.1,Partially cloudy,Partly cloudy throughout the day.,partly-cloudy-day,"44454099999,VNKT,44449099999"
"Kathmandu, Bagmati, Nepal",2023-11-17,23,10.1,16,23,10.1,16,10.8,73.6,0,0,0,,0,0,22.3,20.6,285.8,1023.9,28.1,7.5,173,15,7,10,2023-11-17T06:25:53,2023-11-17T17:11:02,0.14,Partially cloudy,Partly cloudy throughout the day.,partly-cloudy-day,"44454099999,VNKT,44449099999"
"Kathmandu, Bagmati, Nepal",2023-11-18,22,10.4,15.8,22,10.4,15.8,10.8,74.2,0,0,0,,0,0,34.6,18.4,289.3,1022.1,35.2,8.2,144.6,12.5,5,10,2023-11-18T06:26:39,2023-11-18T17:10:40,0.17,Partially cloudy,Partly cloudy throughout the day.,partly-cloudy-day,"44454099999,VNKT,44449099999"
"Kathmandu, Bagmati, Nepal",2023-11-19,23,10.3,16,23,10.3,16,11.1,74.7,0,0,0,,0,0,22.3,13,212,1023.2,28.1,7.6,148.6,12.9,6,10,2023-11-19T06:27:26,2023-11-19T17:10:19,0.21,Partially cloudy,Partly cloudy throughout the day.,partly-cloudy-day,"44454099999,VNKT,44449099999"
"Kathmandu, Bagmati, Nepal",2023-11-20,24,10,16.2,24,10,16.2,11.4,75.8,0,0,0,,0,0,23.8,14.8,204.2,1022.5,28.1,7.9,181.9,15.5,7,10,2023-11-20T06:28:13,2023-11-20T17:10:00,0.25,Partially cloudy,Partly cloudy throughout the day.,partly-cloudy-day,"44454099999,VNKT,44449099999"
"Kathmandu, Bagmati, Nepal",2023-11-21,22,10.6,16,22,10.6,16,11.8,78.1,0,0,0,,0,0,23.8,18.3,265.4,1020,30.7,7.8,173.6,14.9,7,10,2023-11-21T06:29:00,2023-11-21T17:09:43,0.28,Partially cloudy,Partly cloudy throughout the day.,partly-cloudy-day,"44454099999,VNKT,44449099999"
"Kathmandu, Bagmati, Nepal",2023-11-22,22,11.1,15.7,22,11.1,15.7,11.3,77.3,0,0,0,,0,0,18.4,16.6,188.6,1019.2,40.1,7.2,148.5,12.8,6,10,2023-11-22T06:29:47,2023-11-22T17:09:27,0.32,Partially cloudy,Clearing in the afternoon.,partly-cloudy-day,"44454099999,VNKT,44449099999"
"Kathmandu, Bagmati, Nepal",2023-11-23,22,10.3,15.7,22,10.3,15.7,11.1,75.9,0,0,0,rain,0,0,23,13,200.4,1019.5,34.8,7.3,167.6,14.4,7,10,2023-11-23T06:30:34,2023-11-23T17:09:12,0.35,Partially cloudy,Partly cloudy throughout the day.,partly-cloudy-day,"44454099999,VNKT,44449099999"
"Kathmandu, Bagmati, Nepal",2023-11-24,22,10.6,15.8,22,10.6,15.8,11.3,76.8,0,0,0,rain,0,0,25.9,13,191.7,1020.8,28.1,6.8,160.7,13.9,7,10,2023-11-24T06:31:20,2023-11-24T17:09:00,0.39,Partially cloudy,Partly cloudy throughout the day.,partly-cloudy-day,"44454099999,VNKT,44449099999"
"Kathmandu, Bagmati, Nepal",2023-11-25,22,12.7,16,22,12.7,16,11.8,78.1,0,0,0,rain,0,0,19.8,14.8,241.1,1022.6,50.7,7,143.6,12.3,6,10,2023-11-25T06:32:07,2023-11-25T17:08:49,0.42,Partially cloudy,Clearing in the afternoon.,partly-cloudy-day,"44454099999,VNKT,44449099999"
"Kathmandu, Bagmati, Nepal",2023-11-26,24,11,16.3,24,11,16.3,11.1,74,0,0,0,,0,0,19.4,11.2,31.9,1024.4,36.9,6.6,175.5,15.1,7,10,2023-11-26T06:32:54,2023-11-26T17:08:39,0.46,Partially cloudy,Partly cloudy throughout the day.,partly-cloudy-day,"44454099999,VNKT"
"Kathmandu, Bagmati, Nepal",2023-11-27,22,10.6,15.5,22,10.6,15.5,10.8,75.5,0,0,0,rain,0,0,25.2,16.6,245.5,1022.6,66.5,7.8,133.6,11.4,6,10,2023-11-27T06:33:41,2023-11-27T17:08:31,0.5,Partially cloudy,Partly cloudy throughout the day.,partly-cloudy-day,"44454099999,VNKT,remote"
"Kathmandu, Bagmati, Nepal",2023-11-28,21,13,16.1,21,13,16.1,11.2,74.4,0,0,0,rain,0,0,22.3,14.8,248.2,1020.8,85.1,7.4,148.6,12.7,6,10,2023-11-28T06:34:27,2023-11-28T17:08:25,0.53,Partially cloudy,Partly cloudy throughout the day.,partly-cloudy-day,"44454099999,VNKT"
"Kathmandu, Bagmati, Nepal",2023-11-29,22,11,15.6,22,11,15.6,10.8,74.8,0,0,0,rain,0,0,23,18.4,270.7,1021.3,43.4,6.9,156.3,13.4,6,10,2023-11-29T06:35:13,2023-11-29T17:08:20,0.56,Partially cloudy,Partly cloudy throughout the day.,partly-cloudy-day,"44454099999,VNKT"
"Kathmandu, Bagmati, Nepal",2023-11-30,19,10,14.2,19,10,14.2,10.6,80.3,0,0,0,,0,0,22.7,7.6,220.6,1022.4,62.2,6,145.6,12.5,6,10,2023-11-30T06:36:00,2023-11-30T17:08:17,0.59,Partially cloudy,Partly cloudy throughout the day.,partly-cloudy-day,"44454099999,VNKT"
"Kathmandu, Bagmati, Nepal",2023-12-01,22,11,15.2,22,11,15.2,9.8,72.8,0,0,0,,0,0,20.9,18.4,247.5,1021.8,47.4,6.8,153.3,13.1,6,10,2023-12-01T06:36:45,2023-12-01T17:08:16,0.62,Partially cloudy,Partly cloudy throughout the day.,partly-cloudy-day,"44454099999,VNKT"
"Kathmandu, Bagmati, Nepal",2023-12-02,23,10,15,23,10,15,8.1,68.2,0,0,0,,0,0,25.6,13,262.6,1021.9,31.8,8,172.5,15,7,10,2023-12-02T06:37:31,2023-12-02T17:08:16,0.66,Partially cloudy,Partly cloudy throughout the day.,partly-cloudy-day,"44454099999,VNKT"
"Kathmandu, Bagmati, Nepal",2023-12-03,22,8,14.3,22,7.4,14.2,7,65.7,0,0,0,,0,0,27.4,9.4,316.9,1022.3,33.2,8,183.4,16,7,10,2023-12-03T06:38:16,2023-12-03T17:08:18,0.69,Partially cloudy,Partly cloudy throughout the day.,partly-cloudy-day,"44454099999,VNKT"
"Kathmandu, Bagmati, Nepal",2023-12-04,18,9,13.5,18,8.5,13.5,7.3,67.3,0,0,0,,0,0,23,7.6,21.2,1021.5,69.3,6.5,88.7,7.8,5,10,2023-12-04T06:39:01,2023-12-04T17:08:21,0.72,Partially cloudy,Partly cloudy throughout the day.,partly-cloudy-day,"44454099999,VNKT"
"Kathmandu, Bagmati, Nepal",2023-12-05,22,9,14.8,22,8.5,14.7,8.8,69.5,0,0,0,rain,0,0,28.4,20.5,265.2,1019.6,55.1,6.8,147.8,12.7,6,10,2023-12-05T06:39:45,2023-12-05T17:08:26,0.75,Partially cloudy,Partly cloudy throughout the day.,partly-cloudy-day,"44454099999,VNKT"
"Kathmandu, Bagmati, Nepal",2023-12-06,20,9,13.8,20,8.5,13.7,9.2,75.7,0,0,0,,0,0,28.1,9.4,200.4,1021.6,69.8,6.5,169.1,14.6,7,10,2023-12-06T06:40:29,2023-12-06T17:08:33,0.78,Partially cloudy,Partly cloudy throughout the day.,partly-cloudy-day,"44454099999,VNKT"
"Kathmandu, Bagmati, Nepal",2023-12-07,15,10,12.3,15,10,12.3,10.2,87.4,0,0,0,rain,0,0,19.4,9.4,163.2,1020.2,83.2,4.3,61.3,5.3,2,10,2023-12-07T06:41:12,2023-12-07T17:08:41,0.82,Partially cloudy,Partly cloudy throughout the day.,partly-cloudy-day,"44454099999,VNKT"
"Kathmandu, Bagmati, Nepal",2023-12-08,20,9,12.9,20,8.5,12.9,9,79.1,0,0,0,rain,0,0,28.1,14.8,264,1018.5,45.6,5.3,134.9,11.8,7,10,2023-12-08T06:41:54,2023-12-08T17:08:51,0.85,Partially cloudy,Partly cloudy throughout the day.,partly-cloudy-day,"44454099999,VNKT"
"Kathmandu, Bagmati, Nepal",2023-12-09,20,8,12.9,20,7.4,12.8,8.1,75.6,0,0,0,rain,0,0,25.6,18.4,241.4,1018.7,51.6,6.8,129.9,11.2,5,10,2023-12-09T06:42:37,2023-12-09T17:09:02,0.88,Partially cloudy,Partly cloudy throughout the day.,partly-cloudy-day,"44454099999,VNKT"
"Kathmandu, Bagmati, Nepal",2023-12-10,19,7,12.3,19,7,12.2,7.2,73.6,0,0,0,,0,0,25.2,13,220.1,1017.2,33.4,7,151.5,13.1,6,10,2023-12-10T06:43:18,2023-12-10T17:09:15,0.91,Partially cloudy,Partly cloudy throughout the day.,partly-cloudy-day,"44454099999,VNKT"
"Kathmandu, Bagmati, Nepal",2023-12-11,19,8,12.5,19,7.4,12.5,7.5,73.7,0,0,0,,0,0,24.1,16.6,201.8,1019.3,46.1,6.4,113.5,9.7,5,10,2023-12-11T06:43:59,2023-12-11T17:09:29,0.94,Partially cloudy,Becoming cloudy in the afternoon.,partly-cloudy-day,"44454099999,VNKT"
"Kathmandu, Bagmati, Nepal",2023-12-12,19,7,12.6,19,5.6,12.5,7.1,72,0.1,100,4.17,rain,0,0,27,14.8,184.9,1018,45.9,7.3,133.2,11.4,6,10,2023-12-12T06:44:39,2023-12-12T17:09:45,0.98,"Rain, Partially cloudy",Becoming cloudy in the afternoon with early morning rain.,rain,"44454099999,VNKT,remote"
"Kathmandu, Bagmati, Nepal",2023-12-13,18,7,11.9,18,6.2,11.9,6.8,72.8,0,0,0,rain,0,0,25.2,16.6,245.4,1018.2,48.2,6.8,158.5,13.7,6,10,2023-12-13T06:45:18,2023-12-13T17:10:02,0,Partially cloudy,Partly cloudy throughout the day.,partly-cloudy-day,"44454099999,VNKT"
"Kathmandu, Bagmati, Nepal",2023-12-14,19,6,11.4,19,5.1,11.3,6.9,76.7,0,0,0,,0,0,21.6,16.6,202.8,1019.7,39.4,6.8,150.6,13,6,10,2023-12-14T06:45:56,2023-12-14T17:10:21,0.05,Partially cloudy,Partly cloudy throughout the day.,partly-cloudy-day,"44454099999,VNKT"
"Kathmandu, Bagmati, Nepal",2023-12-15,18,7,11.5,18,6.2,11.3,7.5,78.7,0,0,0,,0,0,23.8,13,219.8,1021.5,31.8,5.8,169.1,14.6,7,10,2023-12-15T06:46:34,2023-12-15T17:10:41,0.08,Partially cloudy,Partly cloudy throughout the day.,partly-cloudy-day,"44454099999,VNKT"
"Kathmandu, Bagmati, Nepal",2023-12-16,18,8,12.1,18,7.4,12.1,7.2,74.2,0,0,0,,0,0,24.8,11.2,232.2,1019.9,60.5,5.6,167.9,14.5,6,10,2023-12-16T06:47:10,2023-12-16T17:11:03,0.12,Partially cloudy,Partly cloudy throughout the day.,partly-cloudy-day,"44454099999,VNKT"
"Kathmandu, Bagmati, Nepal",2023-12-17,20,9,13.2,20,9,13.2,7.7,71.9,0,0,0,,0,0,24.5,14.8,174.8,1020.5,52.9,6,154.9,13.4,6,10,2023-12-17T06:47:46,2023-12-17T17:11:26,0.15,Partially cloudy,Partly cloudy throughout the day.,partly-cloudy-day,"44454099999,VNKT"
"Kathmandu, Bagmati, Nepal",2023-12-18,19,9,12.3,19,8.5,12.2,7,72.8,0,0,0,,0,0,25.9,16.6,243.3,1021.2,50,6.8,171.5,14.8,7,10,2023-12-18T06:48:21,2023-12-18T17:11:50,0.19,Partially cloudy,Partly cloudy throughout the day.,partly-cloudy-day,"44454099999,VNKT"
"Kathmandu, Bagmati, Nepal",2023-12-19,18,6,11.2,18,5.1,11,5.8,72.4,0,0,0,,0,0,25.6,13,199.6,1022,42.3,6.8,152.2,13.1,6,10,2023-12-19T06:48:55,2023-12-19T17:12:16,0.22,Partially cloudy,Partly cloudy throughout the day.,partly-cloudy-day,"44454099999,VNKT"
"Kathmandu, Bagmati, Nepal",2023-12-20,19,6,11.1,19,6,11,6,73.7,0,0,0,,0,0,23.4,11.2,260.9,1022.6,59.1,7.1,153.8,13.3,6,10,2023-12-20T06:49:27,2023-12-20T17:12:43,0.25,Partially cloudy,Partly cloudy throughout the day.,partly-cloudy-day,"44454099999,VNKT,remote"
"Kathmandu, Bagmati, Nepal",2023-12-21,20,5,11.6,20,3.3,11.5,5.5,69.6,0,0,0,,0,0,23.8,14.8,230.4,1021.1,43.1,6.2,173.3,14.9,7,10,2023-12-21T06:49:59,2023-12-21T17:13:11,0.29,Partially cloudy,Partly cloudy throughout the day.,partly-cloudy-day,"44454099999,VNKT"
"Kathmandu, Bagmati, Nepal",2023-12-22,19,6,11.7,19,5.1,11.6,5.6,69.2,0,0,0,,0,0,22.7,13,223.6,1021.6,62.5,6.5,165.4,14.2,7,10,2023-12-22T06:50:29,2023-12-22T17:13:41,0.33,Partially cloudy,Partly cloudy throughout the day.,partly-cloudy-day,"44454099999,VNKT"
"Kathmandu, Bagmati, Nepal",2023-12-23,20,7,12.2,20,6.2,12.1,6.1,68.9,0,0,0,,0,0,22,9.4,155.5,1024.3,43.6,6,141.9,12.3,6,10,2023-12-23T06:50:59,2023-12-23T17:14:11,0.37,Partially cloudy,Partly cloudy throughout the day.,partly-cloudy-day,"44454099999,VNKT"
"Kathmandu, Bagmati, Nepal",2023-12-24,19,6,11.6,19,5.1,11.4,6.3,72.6,0,0,0,,0,0,28.8,16.6,277.2,1024.6,27.1,7.3,159.4,13.7,6,10,2023-12-24T06:51:27,2023-12-24T17:14:43,0.4,Partially cloudy,Partly cloudy throughout the day.,partly-cloudy-day,"44454099999,VNKT,remote"
"Kathmandu, Bagmati, Nepal",2023-12-25,19,6,12,19,4.5,11.8,6.9,73.4,0,0,0,,0,0,22,18.4,151.6,1023.5,33.4,7.2,174.4,14.9,7,10,2023-12-25T06:51:54,2023-12-25T17:15:16,0.44,Partially cloudy,Becoming cloudy in the afternoon.,partly-cloudy-day,"44454099999,VNKT"
"Kathmandu, Bagmati, Nepal",2023-12-26,20,6,12.6,20,4.5,12.5,8.1,76.2,0,0,0,,0,0,21.2,11.2,162.2,1023.2,29.9,6.9,174.8,15,7,10,2023-12-26T06:52:19,2023-12-26T17:15:51,0.47,Partially cloudy,Partly cloudy throughout the day.,partly-cloudy-day,"44454099999,VNKT"
"Kathmandu, Bagmati, Nepal",2023-12-27,20,9,13.1,20,8.5,13.1,8.3,75.5,0,0,0,rain,0,0,23.8,13,187.6,1024,38.4,6.9,168,14.5,6,10,2023-12-27T06:52:44,2023-12-27T17:16:26,0.5,Partially cloudy,Partly cloudy throughout the day.,partly-cloudy-day,"44454099999,VNKT"
"Kathmandu, Bagmati, Nepal",2023-12-28,20,9,13.4,20,9,13.4,8.3,73.9,0,0,0,rain,0,0,21.2,13,208.3,1022.9,60.2,6.6,134.7,11.5,5,10,2023-12-28T06:53:07,2023-12-28T17:17:02,0.54,Partially cloudy,Partly cloudy throughout the day.,partly-cloudy-day,"44454099999,VNKT"
"Kathmandu, Bagmati, Nepal",2023-12-29,20,8,13.1,20,7.4,13.1,8.3,74.8,0,0,0,,0,0,19.4,13,230.9,1023.1,31.6,6.5,160.3,13.7,6,10,2023-12-29T06:53:28,2023-12-29T17:17:40,0.57,Partially cloudy,Partly cloudy throughout the day.,partly-cloudy-day,"44454099999,VNKT"
"Kathmandu, Bagmati, Nepal",2023-12-30,20,7,12.6,20,6.2,12.5,8.1,76.1,0,0,0,,0,0,21.2,18.4,244.1,1021.5,29.6,8.4,152.2,12.9,6,10,2023-12-30T06:53:49,2023-12-30T17:18:18,0.6,Partially cloudy,Partly cloudy throughout the day.,partly-cloudy-day,"44454099999,VNKT,remote"
"Kathmandu, Bagmati, Nepal",2023-12-31,20,8,12.6,20,7.4,12.5,7.7,74.7,0,0,0,,0,0,22.3,16.6,209.8,1021.1,31.6,7.1,153.3,13,6,10,2023-12-31T06:54:08,2023-12-31T17:18:57,0.64,Partially cloudy,Partly cloudy throughout the day.,partly-cloudy-day,"44454099999,VNKT"
"Kathmandu, Bagmati, Nepal",2024-01-01,18,7,12,18,6.2,11.8,7.5,76.5,0,0,0,,0,0,25.2,16.6,236.1,1020.1,33.2,7.3,155.5,13.5,6,10,2024-01-01T06:54:25,2024-01-01T17:19:37,0.67,Partially cloudy,Becoming cloudy in the afternoon.,partly-cloudy-day,"44454099999,VNKT"
"Kathmandu, Bagmati, Nepal",2024-01-02,18,6,11.6,18,5.1,11.4,6.4,73.4,0,0,0,,0,0,23.4,13,203.1,1019.8,28.1,7.1,151.6,13.1,6,10,2024-01-02T06:54:41,2024-01-02T17:20:18,0.7,Partially cloudy,Partly cloudy throughout the day.,partly-cloudy-day,"44454099999,VNKT"
"Kathmandu, Bagmati, Nepal",2024-01-03,18,6,11.2,18,5.1,11.1,6.3,74.1,0,0,0,,0,0,25.9,14.8,201.1,1020.1,44.7,6.9,159.4,13.8,6,10,2024-01-03T06:54:56,2024-01-03T17:21:00,0.73,Partially cloudy,Partly cloudy throughout the day.,partly-cloudy-day,"44454099999,VNKT"
"Kathmandu, Bagmati, Nepal",2024-01-04,17,6,10.8,17,5.1,10.6,5.1,70.6,0,0,0,,0,0,29.9,18.4,277.3,1020,28.1,7,172.1,14.8,7,10,2024-01-04T06:55:09,2024-01-04T17:21:42,0.75,Partially cloudy,Partly cloudy throughout the day.,partly-cloudy-day,"44454099999,VNKT"
"Kathmandu, Bagmati, Nepal",2024-01-05,19,5,10.8,19,4,10.6,3.8,67.1,0,0,0,,0,0,27.7,20.5,256,1020.6,29,7,168.9,14.8,6,10,2024-01-05T06:55:21,2024-01-05T17:22:25,0.8,Partially cloudy,Partly cloudy throughout the day.,partly-cloudy-day,"44454099999,VNKT"
"Kathmandu, Bagmati, Nepal",2024-01-06,18,5,11,18,4,10.8,5.3,70.6,0,0,0,,0,0,24.1,16.6,295.1,1021.7,28.1,6.1,155.4,13.4,6,10,2024-01-06T06:55:31,2024-01-06T17:23:09,0.83,Partially cloudy,Partly cloudy throughout the day.,partly-cloudy-day,"44454099999,VNKT"
"Kathmandu, Bagmati, Nepal",2024-01-07,19,5,10.9,19,4,10.7,5.4,72.2,0,0,0,,0,0,25.9,16.6,281.1,1022,29,5.7,175.1,15.1,7,10,2024-01-07T06:55:39,2024-01-07T17:23:54,0.86,Partially cloudy,Partly cloudy throughout the day.,partly-cloudy-day,"44454099999,VNKT"
"Kathmandu, Bagmati, Nepal",2024-01-08,18,6,11,18,5.1,10.9,5.8,72.4,0,0,0,,0,0,29.5,18.4,271.5,1021.8,28.1,5.8,145.1,12.6,6,10,2024-01-08T06:55:47,2024-01-08T17:24:39,0.9,Partially cloudy,Partly cloudy throughout the day.,partly-cloudy-day,"44454099999,VNKT"
"Kathmandu, Bagmati, Nepal",2024-01-09,19,6,11.3,19,5.1,11.1,5.4,70.3,0,0,0,,0,0,27.7,11.2,213.1,1020.5,28.3,6.1,164.8,14.2,7,10,2024-01-09T06:55:52,2024-01-09T17:25:24,0.93,Partially cloudy,Partly cloudy throughout the day.,partly-cloudy-day,"44454099999,VNKT"
"Kathmandu, Bagmati, Nepal",2024-01-10,19,5,11.5,19,3.3,11.1,4.9,68.5,0,0,0,,0,0,30.6,18.4,297.7,1018,28.1,6.6,172.1,14.9,7,10,2024-01-10T06:55:56,2024-01-10T17:26:10,0.96,Partially cloudy,Partly cloudy throughout the day.,partly-cloudy-day,"44454099999,VNKT"
"Kathmandu, Bagmati, Nepal",2024-01-11,19,7,11.3,19,6.2,11.2,5.7,70.4,0,0,0,,0,0,26.6,18.4,221.6,1019.3,35,6.5,167.8,14.4,7,10,2024-01-11T06:55:59,2024-01-11T17:26:57,0,Partially cloudy,Clearing in the afternoon.,partly-cloudy-day,"44454099999,VNKT"
"Kathmandu, Bagmati, Nepal",2024-01-12,18.4,5,11.4,18.4,4,11.3,5.7,70.7,0,0,0,,0,0,21.2,13,174.8,1019.4,28.1,5.8,159.5,13.8,6,10,2024-01-12T06:56:00,2024-01-12T17:27:44,0.03,Partially cloudy,Partly cloudy throughout the day.,partly-cloudy-day,"44454099999,VNKT"
"Kathmandu, Bagmati, Nepal",2024-01-13,21,6,12.2,21,4.5,12,5.4,67.4,0,0,0,,0,0,23.4,14.8,160.9,1019.3,28.1,6,178,15.3,7,10,2024-01-13T06:55:59,2024-01-13T17:28:31,0.06,Partially cloudy,Partly cloudy throughout the day.,partly-cloudy-day,"44454099999,VNKT"
"Kathmandu, Bagmati, Nepal",2024-01-14,20,6,11.9,20,5.1,11.8,5.6,69.2,0,0,0,,0,0,22.3,18.4,236.3,1019.6,28.1,6.3,160,13.9,6,10,2024-01-14T06:55:57,2024-01-14T17:29:19,0.1,Partially cloudy,Partly cloudy throughout the day.,partly-cloudy-day,"44454099999,VNKT"
"Kathmandu, Bagmati, Nepal",2024-01-15,19,6,11.5,19,5.1,11.4,5.4,69.1,0,0,0,,0,0,18.4,18.4,234.8,1018.8,35,6.9,111.9,9.8,4,10,2024-01-15T06:55:53,2024-01-15T17:30:07,0.13,Partially cloudy,Becoming cloudy in the afternoon.,partly-cloudy-day,"44454099999,VNKT"
"Kathmandu, Bagmati, Nepal",2024-01-16,18,6,11.3,18,5.1,11.2,5.5,69.8,0,0,0,rain,0,0,21.6,14.8,233.8,1018,44.5,7.3,138.8,12.1,6,10,2024-01-16T06:55:48,2024-01-16T17:30:55,0.17,Partially cloudy,Partly cloudy throughout the day.,partly-cloudy-day,"44454099999,VNKT"
"Kathmandu, Bagmati, Nepal",2024-01-17,18,6,11,18,5.1,11,5.6,71.2,0,0,0,rain,0,0,24.5,20.5,204.8,1017.5,43.6,7.6,132.4,11.5,5,10,2024-01-17T06:55:41,2024-01-17T17:31:44,0.2,Partially cloudy,Becoming cloudy in the afternoon.,partly-cloudy-day,"44454099999,VNKT"
"Kathmandu, Bagmati, Nepal",2024-01-18,17,5,10.5,17,4,10.3,5,72,0,0,0,,0,0,25.6,16.6,199.2,1017.8,35.2,7.2,149.6,13.1,6,10,2024-01-18T06:55:32,2024-01-18T17:32:33,0.25,Partially cloudy,Partly cloudy throughout the day.,partly-cloudy-day,"44454099999,VNKT"
"Kathmandu, Bagmati, Nepal",2024-01-19,16,6,10.5,16,5.1,10.2,5.5,73.5,0,0,0,rain,0,0,23.8,18.4,196.8,1019.5,43.6,5.4,118.7,10.3,5,10,2024-01-19T06:55:22,2024-01-19T17:33:21,0.27,Partially cloudy,Partly cloudy throughout the day.,partly-cloudy-day,"44454099999,VNKT"
"Kathmandu, Bagmati, Nepal",2024-01-20,17,5,10.4,17,4,10.3,5.2,73.2,0,0,0,rain,0,0,25.2,16.6,218.5,1019.5,39.7,5.1,145.8,12.5,6,10,2024-01-20T06:55:10,2024-01-20T17:34:10,0.31,Partially cloudy,Becoming cloudy in the afternoon.,partly-cloudy-day,"44454099999,VNKT"
"Kathmandu, Bagmati, Nepal",2024-01-21,17,6,10.6,17,5.1,10.4,4,67.2,0,0,0,,0,0,26.3,14.8,204.7,1017.8,32.7,5.8,165.8,14.2,7,10,2024-01-21T06:54:57,2024-01-21T17:34:59,0.34,Partially cloudy,Partly cloudy throughout the day.,partly-cloudy-day,"44454099999,VNKT"
"Kathmandu, Bagmati, Nepal",2024-01-22,17,5,10.1,17,4,10,3,64.8,0,0,0,,0,0,22.3,16.6,184.4,1020.8,30,6.1,182.8,15.8,7,10,2024-01-22T06:54:42,2024-01-22T17:35:48,0.38,Partially cloudy,Partly cloudy throughout the day.,partly-cloudy-day,"44454099999,VNKT"
"Kathmandu, Bagmati, Nepal",2024-01-23,17,5,10,17,4,9.9,4.1,69.5,0,0,0,,0,0,25.6,13,213.1,1019.5,37,6,163.7,14,7,10,2024-01-23T06:54:26,2024-01-23T17:36:38,0.41,Partially cloudy,Partly cloudy throughout the day.,partly-cloudy-day,"44454099999,VNKT"
"Kathmandu, Bagmati, Nepal",2024-01-24,17,5,10,17,4,9.8,4.2,70,0,0,0,rain,0,0,22.3,14.8,201.4,1019.5,49.6,6,120.2,10.4,5,10,2024-01-24T06:54:08,2024-01-24T17:37:27,0.45,Partially cloudy,Partly cloudy throughout the day.,partly-cloudy-day,"44454099999,VNKT"
"Kathmandu, Bagmati, Nepal",2024-01-25,16,4,9.7,16,2.8,9.6,3.1,66.9,0,0,0,rain,0,0,27,16.6,223.9,1021.5,30.8,6.2,177.2,15,7,10,2024-01-25T06:53:49,2024-01-25T17:38:16,0.5,Partially cloudy,Partly cloudy throughout the day.,partly-cloudy-day,"44454099999,VNKT"
"Kathmandu, Bagmati, Nepal",2024-01-26,16,4,9.5,16,2.8,9.2,2.7,66,0,0,0,rain,0,0,29.9,16.6,251.3,1022.4,29,6.2,155.5,13.4,6,10,2024-01-26T06:53:28,2024-01-26T17:39:05,0.52,Partially cloudy,Partly cloudy throughout the day.,partly-cloudy-day,"44454099999,VNKT"
"Kathmandu, Bagmati, Nepal",2024-01-27,16,3,9,16,1.7,8.8,1.8,64.4,0,0,0,,0,0,25.2,20.5,185,1020.8,30,6.3,140.6,12.1,5,10,2024-01-27T06:53:05,2024-01-27T17:39:53,0.55,Partially cloudy,Partly cloudy throughout the day.,partly-cloudy-day,"44454099999,VNKT"
"Kathmandu, Bagmati, Nepal",2024-01-28,17,3,9.4,17,2.8,9.3,2,62.9,0,0,0,,0,0,24.1,14.8,201.2,1021.5,32.6,6,140.6,12.2,6,10,2024-01-28T06:52:42,2024-01-28T17:40:42,0.58,Partially cloudy,Becoming cloudy in the afternoon.,partly-cloudy-day,"44454099999,VNKT"
"Kathmandu, Bagmati, Nepal",2024-01-29,19,4,10.2,19,2.8,10,3.6,67.4,0,0,0,,0,0,26.6,18.4,188.9,1020.5,28.2,6,162.7,14.1,7,10,2024-01-29T06:52:16,2024-01-29T17:41:30,0.62,Partially cloudy,Partly cloudy throughout the day.,partly-cloudy-day,"44454099999,VNKT,remote"
"Kathmandu, Bagmati, Nepal",2024-01-30,16,5,9.9,16,4,9.7,5,73.3,0,0,0,rain,0,0,25.2,13,218.5,1019.9,39.8,4.6,140.4,12.1,6,10,2024-01-30T06:51:50,2024-01-30T17:42:19,0.65,Partially cloudy,Becoming cloudy in the afternoon.,partly-cloudy-day,"44454099999,VNKT"
"Kathmandu, Bagmati, Nepal",2024-01-31,17,5,10.6,17,4,10.5,5.6,74.1,0,0,0,,0,0,27.4,18.4,224,1019.5,44.7,4.3,140.9,12.1,6,10,2024-01-31T06:51:21,2024-01-31T17:43:07,0.68,Partially cloudy,Partly cloudy throughout the day.,partly-cloudy-day,"44454099999,VNKT"
"Kathmandu, Bagmati, Nepal",2024-02-01,15,7,10.3,15,6.2,10.2,6.2,77.1,0,0,0,rain,0,0,24.1,18.4,249.6,1020.7,63,4,113.4,9.9,5,10,2024-02-01T06:50:52,2024-02-01T17:43:55,0.71,Partially cloudy,Partly cloudy throughout the day.,partly-cloudy-day,"44454099999,VNKT"
"Kathmandu, Bagmati, Nepal",2024-02-02,18,6,11,18,4.5,10.8,4.2,67.7,0,0,0,,0,0,31.7,16.6,267.7,1017.8,38.3,6.7,201.7,17.5,8,10,2024-02-02T06:50:21,2024-02-02T17:44:42,0.75,Partially cloudy,Partly cloudy throughout the day.,partly-cloudy-day,"44454099999,VNKT"
"Kathmandu, Bagmati, Nepal",2024-02-03,19,4,10.6,19,2.8,10.4,4,68.2,0,0,0,,0,0,28.4,14.8,206.1,1016.5,28.1,6.7,208.9,18.2,8,10,2024-02-03T06:49:48,2024-02-03T17:45:30,0.75,Partially cloudy,Partly cloudy throughout the day.,partly-cloudy-day,"44454099999,VNKT"
"Kathmandu, Bagmati, Nepal",2024-02-04,14,6,9.8,14,4,9.6,6.2,79.5,0,0,0,rain,0,0,29.9,14.8,190.7,1020.2,58.9,4.8,141,12.1,7,10,2024-02-04T06:49:15,2024-02-04T17:46:17,0.81,Partially cloudy,Partly cloudy throughout the day.,partly-cloudy-day,"44454099999,VNKT"
"Kathmandu, Bagmati, Nepal",2024-02-05,18,8,11.6,18,6.8,11.5,6.3,73.8,0,0,0,rain,0,0,31.7,18.4,270.3,1019.8,56.6,5.2,170,14.7,6,10,2024-02-05T06:48:39,2024-02-05T17:47:03,0.85,Partially cloudy,Clearing in the afternoon.,partly-cloudy-day,"44454099999,VNKT"
"Kathmandu, Bagmati, Nepal",2024-02-06,19,5,11,19,5,10.9,3.9,65.7,0,0,0,,0,0,32,18.4,264.2,1019.2,45.2,6.7,214.6,18.4,8,10,2024-02-06T06:48:03,2024-02-06T17:47:50,0.88,Partially cloudy,Partly cloudy throughout the day.,partly-cloudy-day,"44454099999,VNKT"
"Kathmandu, Bagmati, Nepal",2024-02-07,20,4,10.9,20,2.8,10.8,1.5,61.1,0,0,0,,0,0,32.8,24.1,289.7,1017.9,42.7,6.9,206.6,17.8,8,10,2024-02-07T06:47:25,2024-02-07T17:48:36,0.91,Partially cloudy,Partly cloudy throughout the day.,partly-cloudy-day,"44454099999,VNKT"
"Kathmandu, Bagmati, Nepal",2024-02-08,18,4,10.2,18,2.1,9.7,2.8,64.3,0,0,0,,0,0,32,20.5,260,1016.8,28.1,7,193.9,16.9,7,10,2024-02-08T06:46:46,2024-02-08T17:49:22,0.94,Partially cloudy,Partly cloudy throughout the day.,partly-cloudy-day,"44454099999,VNKT"
"Kathmandu, Bagmati, Nepal",2024-02-09,18,5,10.7,18,4,10.5,4.5,68.2,0,0,0,,0,0,28.1,16.6,180.3,1021.7,35,5.8,200.9,17.5,7,10,2024-02-09T06:46:06,2024-02-09T17:50:07,0.98,Partially cloudy,Partly cloudy throughout the day.,partly-cloudy-day,"44454099999,VNKT"
"Kathmandu, Bagmati, Nepal",2024-02-10,21,5,12.3,21,4,12,4.6,65.2,0,0,0,,0,0,27.4,18.4,183.8,1024,28,5.2,213.3,18.3,8,10,2024-02-10T06:45:25,2024-02-10T17:50:52,0,Partially cloudy,Partly cloudy throughout the day.,partly-cloudy-day,"44454099999,VNKT"
"Kathmandu, Bagmati, Nepal",2024-02-11,21,5,12.8,21,4,12.5,3.8,60.3,0,0,0,,0,0,25.2,20.5,177.6,1024,28.1,7,215.6,18.7,8,10,2024-02-11T06:44:42,2024-02-11T17:51:36,0.04,Partially cloudy,Partly cloudy throughout the day.,partly-cloudy-day,"44454099999,VNKT"
"Kathmandu, Bagmati, Nepal",2024-02-12,21,6,13,21,5.1,13,4.6,61.7,0,0,0,,0,0,30.6,22.3,195.2,1023.9,30.5,6.3,223.9,19.3,8,10,2024-02-12T06:43:58,2024-02-12T17:52:21,0.08,Partially cloudy,Partly cloudy throughout the day.,partly-cloudy-day,"44454099999,VNKT"
"Kathmandu, Bagmati, Nepal",2024-02-13,22,8,13.7,22,7.4,13.6,4,57.4,0,0,0,,0,0,28.4,18.4,206.1,1023.4,63.3,6.1,211.4,18.2,8,10,2024-02-13T06:43:13,2024-02-13T17:53:04,0.11,Partially cloudy,Partly cloudy throughout the day.,partly-cloudy-day,"44454099999,VNKT"
"Kathmandu, Bagmati, Nepal",2024-02-14,17,8,12,17,7.4,11.9,4.7,62.8,0,0,0,,0,0,20.5,9.4,120.9,1022.2,65.8,5.2,97.3,8.4,4,10,2024-02-14T06:42:27,2024-02-14T17:53:48,0.15,Partially cloudy,Partly cloudy throughout the day.,partly-cloudy-day,"44454099999,VNKT"
"Kathmandu, Bagmati, Nepal",2024-02-15,20,6,12.9,20,5.1,12.8,4.5,60.7,0,0,0,,0,0,30.2,16.6,262.9,1022.8,29,6.9,229.9,19.9,8,10,2024-02-15T06:41:40,2024-02-15T17:54:31,0.18,Partially cloudy,Partly cloudy throughout the day.,partly-cloudy-day,"44454099999,VNKT"
"Kathmandu, Bagmati, Nepal",2024-02-16,21,7,13.7,21,5.6,13.5,6.2,64.7,0,0,0,,0,0,28.4,13,210.3,1022.6,28.1,5.9,218.1,18.8,8,10,2024-02-16T06:40:52,2024-02-16T17:55:13,0.25,Partially cloudy,Partly cloudy throughout the day.,partly-cloudy-day,"44454099999,VNKT"
"Kathmandu, Bagmati, Nepal",2024-02-17,20,8,13.4,20,7.4,13.3,7.5,69.7,0,0,0,,0,0,32.4,24.1,219.3,1018.1,31.8,5,205.5,17.6,8,10,2024-02-17T06:40:03,2024-02-17T17:55:55,0.25,Partially cloudy,Partly cloudy throughout the day.,partly-cloudy-day,"44454099999,VNKT"
"Kathmandu, Bagmati, Nepal",2024-02-18,21,8,13.5,21,8,13.5,5.7,61.4,0,0,0,,0,0,28.4,20.5,207.5,1017.7,35,5.7,184.6,16.1,8,10,2024-02-18T06:39:12,2024-02-18T17:56:37,0.29,Partially cloudy,Becoming cloudy in the afternoon.,partly-cloudy-day,"44454099999,VNKT"
"Kathmandu, Bagmati, Nepal",2024-02-19,21,8,14,21,8,14,7.5,67.2,0,0,0,,0,0,28.4,18.4,266.9,1019,31.8,5.1,192.2,16.3,7,10,2024-02-19T06:38:21,2024-02-19T17:57:18,0.32,Partially cloudy,Partly cloudy throughout the day.,partly-cloudy-day,"44454099999,VNKT"
"Kathmandu, Bagmati, Nepal",2024-02-20,22,9,14.9,22,8.5,14.9,7.5,64.2,0,0,0,,0,0,45,22.3,286.6,1016.7,43.6,5.3,205.2,17.7,8,10,2024-02-20T06:37:29,2024-02-20T17:57:59,0.35,Partially cloudy,Clearing in the afternoon.,partly-cloudy-day,"44454099999,VNKT"
"Kathmandu, Bagmati, Nepal",2024-02-21,20,11,14.8,20,11,14.8,6.8,61.1,0,0,0,rain,0,0,41.4,14.8,293.6,1014.2,68.4,6.4,199,17.4,8,10,2024-02-21T06:36:36,2024-02-21T17:58:40,0.39,Partially cloudy,Partly cloudy throughout the day.,partly-cloudy-day,"44454099999,VNKT"
"Kathmandu, Bagmati, Nepal",2024-02-22,19,6,11.8,19,4.5,11.5,5.7,69,0,0,0,rain,0,0,23.8,20.5,174.5,1015.9,63.7,6.7,164.3,14.2,6,10,2024-02-22T06:35:42,2024-02-22T17:59:20,0.42,Partially cloudy,Partly cloudy throughout the day.,partly-cloudy-day,"44454099999,VNKT"
"Kathmandu, Bagmati, Nepal",2024-02-23,18,5,10.7,18,4,10.6,4.2,68.8,0,0,0,,0,0,24.5,18.4,208.9,1018,29,6.8,233.2,20.2,8,10,2024-02-23T06:34:47,2024-02-23T18:00:00,0.46,Partially cloudy,Partly cloudy throughout the day.,partly-cloudy-day,"44454099999,VNKT"
"Kathmandu, Bagmati, Nepal",2024-02-24,17,5,11.4,17,3.3,11.1,3.3,60.9,0,0,0,,0,0,32,18.4,199.3,1019.6,56.4,7.6,219.5,19.1,8,10,2024-02-24T06:33:51,2024-02-24T18:00:39,0.5,Partially cloudy,Partly cloudy throughout the day.,partly-cloudy-day,"44454099999,VNKT"
"Kathmandu, Bagmati, Nepal",2024-02-25,20,5,11.9,20,5,11.8,1.9,55.8,0,0,0,,0,0,36.7,20.5,204.7,1020.2,49.8,7.6,250.6,21.6,9,10,2024-02-25T06:32:54,2024-02-25T18:01:18,0.52,Partially cloudy,Partly cloudy throughout the day.,partly-cloudy-day,"44454099999,VNKT"
"Kathmandu, Bagmati, Nepal",2024-02-26,20,6,13,20,5.1,13,2.8,53.9,0,0,0,,0,0,36.4,18.4,242.6,1021.3,64,7.5,210.5,18.2,8,10,2024-02-26T06:31:57,2024-02-26T18:01:56,0.56,Partially cloudy,Partly cloudy throughout the day.,partly-cloudy-day,"44454099999,VNKT"
"Kathmandu, Bagmati, Nepal",2024-02-27,21,7,13.5,21,5.6,13.3,2.9,52.2,0,0,0,,0,0,36.4,20.5,269.8,1019.9,59.8,7.4,236.9,20.5,8,10,2024-02-27T06:30:59,2024-02-27T18:02:34,0.59,Partially cloudy,Partly cloudy throughout the day.,partly-cloudy-day,"44454099999,VNKT"
"Kathmandu, Bagmati, Nepal",2024-02-28,22,6,13.9,22,5.6,13.6,3.5,52.8,0,0,0,,0,0,37.8,18.4,265.1,1016.7,28.1,6.9,240.9,20.7,8,10,2024-02-28T06:30:00,2024-02-28T18:03:12,0.63,Partially cloudy,Partly cloudy throughout the day.,partly-cloudy-day,"44454099999,VNKT"
"Kathmandu, Bagmati, Nepal",2024-02-29,22,8,14.4,22,7.4,14.4,6.7,63,0,0,0,,0,0,32.4,25.9,195,1017.5,28.1,6.4,221.3,19.1,8,10,2024-02-29T06:29:00,2024-02-29T18:03:49,0.66,Partially cloudy,Partly cloudy throughout the day.,partly-cloudy-day,"44454099999,VNKT"
"Kathmandu, Bagmati, Nepal",2024-03-01,22,9,14.8,22,8.5,14.8,8.3,66.6,0,0,0,,0,0,31,22.3,202.8,1019.5,35.9,5.8,226.8,19.6,8,10,2024-03-01T06:28:00,2024-03-01T18:04:26,0.69,Partially cloudy,Partly cloudy throughout the day.,partly-cloudy-day,"44454099999,VNKT"
"Kathmandu, Bagmati, Nepal",2024-03-02,22,13,16.6,22,13,16.6,9.8,65.5,0,0,0,,0,0,32.8,18.4,277.1,1019.4,86,5.5,200.6,17.3,8,10,2024-03-02T06:26:59,2024-03-02T18:05:03,0.73,Partially cloudy,Partly cloudy throughout the day.,partly-cloudy-day,"44454099999,VNKT"
"Kathmandu, Bagmati, Nepal",2024-03-03,18,12,14.7,18,12,14.7,10.9,78.5,0,0,0,rain,0,0,34.6,20.5,338.3,1019,88.1,6.4,139.8,12,7,10,2024-03-03T06:25:58,2024-03-03T18:05:39,0.75,Partially cloudy,Partly cloudy throughout the day.,partly-cloudy-day,"44454099999,VNKT"
"Kathmandu, Bagmati, Nepal",2024-03-04,22,10,15,22,10,15,9.2,71.9,0,0,0,,0,0,32.4,16.6,285.8,1017.9,53.3,7.6,220.1,19,8,10,2024-03-04T06:24:56,2024-03-04T18:06:15,0.79,Partially cloudy,Partly cloudy throughout the day.,partly-cloudy-day,"44454099999,VNKT"
"Kathmandu, Bagmati, Nepal",2024-03-05,23,9,15.5,23,8.5,15.5,4,54.2,0,0,0,,0,0,39.6,25.9,295.7,1017.6,28.1,8,267.7,23,9,10,2024-03-05T06:23:53,2024-03-05T18:06:50,0.83,Partially cloudy,Partly cloudy throughout the day.,partly-cloudy-day,"44454099999,VNKT"
"Kathmandu, Bagmati, Nepal",2024-03-06,23,8,15.6,23,6.8,15.5,1.9,48.4,0,0,0,,0,0,38.5,22.3,298.2,1017.1,43.6,8.3,249.7,21.7,9,10,2024-03-06T06:22:50,2024-03-06T18:07:26,0.86,Partially cloudy,Partly cloudy throughout the day.,partly-cloudy-day,"44454099999,VNKT"
"Kathmandu, Bagmati, Nepal",2024-03-07,23,9,16,23,8.5,16,4.2,50.4,0,0,0,,0,0,37.4,20.5,289,1016.4,29.9,7.7,244.2,21,8,10,2024-03-07T06:21:46,2024-03-07T18:08:01,0.9,Partially cloudy,Partly cloudy throughout the day.,partly-cloudy-day,"44454099999,VNKT"
"Kathmandu, Bagmati, Nepal",2024-03-08,23,9,15.5,23,9,15.5,6.6,58.6,0,0,0,,0,0,36.4,22.3,224.9,1016.9,28,7,262.8,22.7,9,10,2024-03-08T06:20:42,2024-03-08T18:08:35,0.93,Partially cloudy,Partly cloudy throughout the day.,partly-cloudy-day,"44454099999,VNKT"
"Kathmandu, Bagmati, Nepal",2024-03-09,23,10,15.8,23,10,15.8,7.6,61.4,0,0,0,,0,0,35.6,25.9,202.6,1017.7,29,5.8,257.5,22.1,9,10,2024-03-09T06:19:38,2024-03-09T18:09:10,0.96,Partially cloudy,Partly cloudy throughout the day.,partly-cloudy-day,"44454099999,VNKT"
"Kathmandu, Bagmati, Nepal",2024-03-10,23,10,15.8,23,10,15.8,8.1,62.6,0,0,0,,0,0,29.9,25.9,194.7,1019.9,29,6.3,256.1,22,9,10,2024-03-10T06:18:33,2024-03-10T18:09:44,0,Partially cloudy,Partly cloudy throughout the day.,partly-cloudy-day,"44454099999,VNKT"
"Kathmandu, Bagmati, Nepal",2024-03-11,24,12,17.3,24,12,17.3,9.6,62.9,0,0,0,,0,0,28.8,20.5,226,1021.1,48,5.9,243.2,21,9,10,2024-03-11T06:17:27,2024-03-11T18:10:18,0.03,Partially cloudy,Partly cloudy throughout the day.,partly-cloudy-day,"44454099999,VNKT"
"Kathmandu, Bagmati, Nepal",2024-03-12,25,11,17.8,25,11,17.8,9.3,61.6,0,0,0,,0,0,35.3,24.1,228,1017.4,28.1,6.2,260.4,22.5,9,10,2024-03-12T06:16:22,2024-03-12T18:10:51,0.06,Partially cloudy,Partly cloudy throughout the day.,partly-cloudy-day,"44454099999,VNKT"
"Kathmandu, Bagmati, Nepal",2024-03-13,25,11,17.7,25,11,17.7,5.8,50.8,0,0,0,,0,0,31.7,24.1,182.9,1017,28,7.4,242.9,20.9,9,10,2024-03-13T06:15:16,2024-03-13T18:11:25,0.1,Partially cloudy,Partly cloudy throughout the day.,partly-cloudy-day,"44454099999,VNKT"
"Kathmandu, Bagmati, Nepal",2024-03-14,24,11,17.6,24,11,17.6,5.3,47.3,0,0,0,,0,0,37.8,22.3,273,1017.9,28.1,7.3,263.6,22.6,9,10,2024-03-14T06:14:09,2024-03-14T18:11:58,0.13,Partially cloudy,Partly cloudy throughout the day.,partly-cloudy-day,"44454099999,VNKT"
"Kathmandu, Bagmati, Nepal",2024-03-15,25,11,17.6,25,11,17.6,4.9,46.6,0,0,0,,0,0,33.5,18.4,199.6,1018.3,28.1,7.6,280,24.2,9,10,2024-03-15T06:13:03,2024-03-15T18:12:31,0.16,Partially cloudy,Partly cloudy throughout the day.,partly-cloudy-day,"44454099999,VNKT"
"Kathmandu, Bagmati, Nepal",2024-03-16,25,11,17.6,25,11,17.6,3.2,43,0,0,0,,0,0,34.2,22.3,223.5,1020.5,40.9,7.5,264.6,22.9,9,10,2024-03-16T06:11:56,2024-03-16T18:13:03,0.2,Partially cloudy,Becoming cloudy in the afternoon.,partly-cloudy-day,"44454099999,VNKT"
"Kathmandu, Bagmati, Nepal",2024-03-17,25,10,17.6,25,10,17.6,1.2,39,0,0,0,,0,0,32,16.6,201.7,1020.4,36.1,7.6,289.4,25,10,10,2024-03-17T06:10:49,2024-03-17T18:13:36,0.25,Partially cloudy,Becoming cloudy in the afternoon.,partly-cloudy-day,"44454099999,VNKT"
"Kathmandu, Bagmati, Nepal",2024-03-18,25,11,17.8,25,11,17.8,2.1,38.7,0,0,0,,0,0,33.8,22.3,182.9,1019,34.1,6.5,275.8,23.7,10,10,2024-03-18T06:09:42,2024-03-18T18:14:08,0.26,Partially cloudy,Partly cloudy throughout the day.,partly-cloudy-day,"44454099999,VNKT"
"Kathmandu, Bagmati, Nepal",2024-03-19,25,10,17.7,25,10,17.7,3.9,44.6,0,0,0,,0,0,31,20.5,187.1,1019.8,43.6,6.7,241.8,20.9,9,10,2024-03-19T06:08:34,2024-03-19T18:14:40,0.3,Partially cloudy,Partly cloudy throughout the day.,partly-cloudy-day,"44454099999,VNKT"
"Kathmandu, Bagmati, Nepal",2024-03-20,17,12,13.5,17,12,13.5,9.8,79.9,0,0,0,rain,0,0,25.6,13,148.5,1019.8,92.4,4.8,99.1,8.3,5,10,2024-03-20T06:07:27,2024-03-20T18:15:13,0.33,Overcast,Cloudy skies throughout the day.,cloudy,"44454099999,VNKT"
"Kathmandu, Bagmati, Nepal",2024-03-21,19,11,14,19,11,14,11.1,83.7,0,0,0,rain,0,0,25.2,16.6,172.2,1019.3,88.7,4.1,167,14.4,6,10,2024-03-21T06:06:19,2024-03-21T18:15:45,0.36,Partially cloudy,Partly cloudy throughout the day.,partly-cloudy-day,"44454099999,VNKT"
"Kathmandu, Bagmati, Nepal",2024-03-22,20,13,15.8,20,13,15.8,11.5,77.5,0,0,0,rain,0,0,34.6,18.4,256.8,1015.1,86,5.8,185.7,16,8,10,2024-03-22T06:05:12,2024-03-22T18:16:16,0.4,Partially cloudy,Partly cloudy throughout the day.,partly-cloudy-day,"44454099999,VNKT"
"Kathmandu, Bagmati, Nepal",2024-03-23,20,13,15.6,20,13,15.6,12.5,82.7,0,0,0,rain,0,0,35.6,9.4,244.2,1013.8,89.7,5.7,129.3,11,6,10,2024-03-23T06:04:04,2024-03-23T18:16:48,0.43,Partially cloudy,Partly cloudy throughout the day.,partly-cloudy-day,"44454099999,VNKT"
"Kathmandu, Bagmati, Nepal",2024-03-24,23,14,17.5,23,14,17.5,13.4,78.1,0,0,0,rain,0,0,25.6,27.7,212.2,1016.7,81.7,5.3,235.9,20.3,8,10,2024-03-24T06:02:56,2024-03-24T18:17:20,0.47,Partially cloudy,Partly cloudy throughout the day.,partly-cloudy-day,"44454099999,VNKT"
"Kathmandu, Bagmati, Nepal",2024-03-25,23,13,18,23,13,18,12.1,70,0,0,0,rain,0,0,33.5,18.4,267.9,1017.8,64,6.3,208.1,18,7,10,2024-03-25T06:01:48,2024-03-25T18:17:51,0.5,Partially cloudy,Partly cloudy throughout the day.,partly-cloudy-day,"44454099999,VNKT"
"Kathmandu, Bagmati, Nepal",2024-03-26,23,14,18.1,23,14,18.1,13.3,74.7,0,0,0,rain,0,0,31,25.9,203.7,1018.2,82.6,5.9,214.7,18.6,8,10,2024-03-26T06:00:41,2024-03-26T18:18:23,0.53,Partially cloudy,Partly cloudy throughout the day.,partly-cloudy-day,"44454099999,VNKT"
"Kathmandu, Bagmati, Nepal",2024-03-27,21,15,18.1,21,15,18.1,14.2,78.3,0,0,0,rain,0,0,28.4,16.6,240.9,1020.1,88.9,5,207.3,18,8,10,2024-03-27T05:59:33,2024-03-27T18:18:54,0.57,Partially cloudy,Partly cloudy throughout the day.,partly-cloudy-day,"44454099999,VNKT"
"Kathmandu, Bagmati, Nepal",2024-03-28,19,14,16.4,19,14,16.4,14.5,89,2.4,100,62.5,rain,0,0,25.9,9.4,222.3,1018.5,90.5,5.5,176.2,15.3,7,10,2024-03-28T05:58:26,2024-03-28T18:19:26,0.6,"Rain, Overcast",Cloudy skies throughout the day with rain.,rain,VNKT
"Kathmandu, Bagmati, Nepal",2024-03-29,25,13.8,19.7,25,13.8,19.7,14.6,74.1,3.1,100,58.33,rain,0,0,20.9,14.8,223.9,1017.5,80,7,99.7,8.4,3,10,2024-03-29T05:57:18,2024-03-29T18:19:57,0.64,"Rain, Partially cloudy",Partly cloudy throughout the day with a chance of rain throughout the day.,rain,"VNKT,remote"
"Kathmandu, Bagmati, Nepal",2024-03-30,27,15,20.3,27.2,15,20.3,14.1,70.2,6.3,100,50,rain,0,0,37.1,24.1,241.1,1018.3,55.4,6.7,203.8,17.6,7,10,2024-03-30T05:56:11,2024-03-30T18:20:28,0.67,"Rain, Partially cloudy",Partly cloudy throughout the day with rain.,rain,VNKT
"Kathmandu, Bagmati, Nepal",2024-03-31,27,14,19.7,26.6,14,19.6,10.8,62.1,0.7,100,8.33,rain,0,0,61.9,25.9,333.5,1017.8,38.6,7.3,275.6,23.7,9,10,2024-03-31T05:55:04,2024-03-31T18:21:00,0.71,"Rain, Partially cloudy",Partly cloudy throughout the day with rain.,rain,VNKT
"Kathmandu, Bagmati, Nepal",2024-04-01,27,13,20.1,26.6,13,20.1,9.1,52.4,0,0,0,,0,0,38.5,18.4,292.7,1012.6,36,8.4,301.3,26.2,10,10,2024-04-01T05:53:57,2024-04-01T18:21:31,0.74,Partially cloudy,Becoming cloudy in the afternoon.,partly-cloudy-day,VNKT
"Kathmandu, Bagmati, Nepal",2024-04-02,29,14,20.6,28,14,20.5,9.9,52.6,0,0,0,,0,0,38.9,27.7,205.3,1012,39.8,6.8,297.4,25.7,10,10,2024-04-02T05:52:50,2024-04-02T18:22:02,0.75,Partially cloudy,Partly cloudy throughout the day.,partly-cloudy-day,"44454099999,VNKT"
"Kathmandu, Bagmati, Nepal",2024-04-03,28,14,21,27.1,14,20.8,9.3,50.7,0,0,0,,0,0,36,25.9,219.1,1014.4,35.6,6,291.1,25.2,10,10,2024-04-03T05:51:44,2024-04-03T18:22:34,0.81,Partially cloudy,Partly cloudy throughout the day.,partly-cloudy-day,"44454099999,VNKT"
"Kathmandu, Bagmati, Nepal",2024-04-04,29.5,15,22,27.9,15,21.6,7.9,44.7,0,0,0,,0,0,45,25.9,314.9,1015.2,61,6.4,287.1,24.9,10,10,2024-04-04T05:50:38,2024-04-04T18:23:05,0.84,Partially cloudy,Partly cloudy throughout the day.,partly-cloudy-day,"44454099999,VNKT,44449099999"
"Kathmandu, Bagmati, Nepal",2024-04-05,30,15.5,22.3,28.6,15.5,22,8.9,45,0,0,0,,0,0,31.7,22.3,233.7,1013.9,75.5,6.3,230.1,19.8,8,10,2024-04-05T05:49:32,2024-04-05T18:23:37,0.88,Partially cloudy,Partly cloudy throughout the day.,partly-cloudy-day,"44454099999,VNKT,44449099999"
"Kathmandu, Bagmati, Nepal",2024-04-06,28.6,15,21.6,27.5,15,21.4,7.4,43.5,0,0,0,,0,0,38.2,24.1,281.7,1014.4,66.1,6,234.3,20.2,9,10,2024-04-06T05:48:26,2024-04-06T18:24:08,0.91,Partially cloudy,Partly cloudy throughout the day.,partly-cloudy-day,"44454099999,VNKT,44449099999"
"Kathmandu, Bagmati, Nepal",2024-04-07,29,13.3,21.2,27.8,13.3,21,6,40.2,0,0,0,,0,0,30.2,25.9,192.1,1014.3,47.2,6.1,285.7,24.8,10,10,2024-04-07T05:47:21,2024-04-07T18:24:40,0.95,Partially cloudy,Becoming cloudy in the afternoon.,partly-cloudy-day,"44454099999,VNKT,44449099999"
"Kathmandu, Bagmati, Nepal",2024-04-08,28,12.8,20.6,26.8,12.8,20.4,3.7,36.8,0,0,0,,0,0,31.7,25.9,183.7,1016.6,30.4,6.7,288.5,25,10,10,2024-04-08T05:46:16,2024-04-08T18:25:11,0.98,Partially cloudy,Partly cloudy throughout the day.,partly-cloudy-day,"44454099999,VNKT,remote,44449099999"
"Kathmandu, Bagmati, Nepal",2024-04-09,27,11.8,19.6,26.1,11.8,19.5,4.8,40.2,0,0,0,,0,0,32.8,22.3,204.6,1018.3,48.1,5.3,295.3,25.4,10,10,2024-04-09T05:45:12,2024-04-09T18:25:43,0,Partially cloudy,Partly cloudy throughout the day.,partly-cloudy-day,"44454099999,VNKT,44449099999"
"Kathmandu, Bagmati, Nepal",2024-04-10,27.5,12.4,19.9,26.5,12.4,19.9,4.8,41.7,0,0,0,,0,0,36,32.5,303,1019,46.3,4.9,304.3,26.3,10,10,2024-04-10T05:44:08,2024-04-10T18:26:15,0.05,Partially cloudy,Partly cloudy throughout the day.,partly-cloudy-day,"44454099999,VNKT,44449099999"
"Kathmandu, Bagmati, Nepal",2024-04-11,27,12.5,18.2,26.6,12.5,18.1,7.8,53.2,1,100,4.17,rain,0,0,50,29.5,203.8,1020.7,54.4,5.3,299.5,25.9,10,10,2024-04-11T05:43:05,2024-04-11T18:26:47,0.08,"Rain, Partially cloudy",Becoming cloudy in the afternoon with late afternoon rain.,rain,"44454099999,VNKT,44449099999"
"Kathmandu, Bagmati, Nepal",2024-04-12,27,11.6,18.6,26.9,11.6,18.6,11,64.7,1.5,100,4.17,rain,0,0,34.2,14.8,205.4,1019.8,51.7,6.2,299.8,25.9,10,10,2024-04-12T05:42:02,2024-04-12T18:27:19,0.11,"Rain, Partially cloudy",Becoming cloudy in the afternoon with late afternoon rain.,rain,"44454099999,VNKT,44449099999"
"Kathmandu, Bagmati, Nepal",2024-04-13,28.2,14.3,20.5,28,14.3,20.5,11.2,58.5,0,0,0,,0,0,37.4,20.5,274.6,1019.5,45.1,5.5,282,24.4,9,10,2024-04-13T05:40:59,2024-04-13T18:27:51,0.15,Partially cloudy,Partly cloudy throughout the day.,partly-cloudy-day,"44454099999,VNKT,44449099999"
"Kathmandu, Bagmati, Nepal",2024-04-14,29.7,15.4,22.1,28.9,15.4,21.9,11.1,53,0,0,0,,0,0,37.1,18.4,278.6,1019.6,40.7,6.3,285.6,24.5,10,10,2024-04-14T05:39:57,2024-04-14T18:28:23,0.18,Partially cloudy,Clearing in the afternoon.,partly-cloudy-day,"44454099999,VNKT,44449099999"
"Kathmandu, Bagmati, Nepal",2024-04-15,28.5,16,22.2,28.2,16,22.2,12.2,54.7,0,0,0,,0,0,34.9,20.5,250.2,1019,44.7,5.8,269.3,23.5,10,10,2024-04-15T05:38:56,2024-04-15T18:28:56,0.21,Partially cloudy,Becoming cloudy in the afternoon.,partly-cloudy-day,"44454099999,VNKT,44449099999"
"Kathmandu, Bagmati, Nepal",2024-04-16,29.2,17.1,22.9,29.2,17.1,22.9,13.6,57.5,0,0,0,rain,0,0,37.8,25.9,210.9,1015.4,56.7,5.4,263.5,22.7,9,10,2024-04-16T05:37:55,2024-04-16T18:29:28,0.25,Partially cloudy,Partly cloudy throughout the day.,partly-cloudy-day,"44454099999,VNKT,44449099999"
"Kathmandu, Bagmati, Nepal",2024-04-17,30,15.4,22.6,29.3,15.4,22.5,12.3,53.8,0,0,0,,0,0,35.3,44.2,200.4,1012.9,31.8,6.4,280.2,24.1,10,10,2024-04-17T05:36:55,2024-04-17T18:30:01,0.28,Partially cloudy,Partly cloudy throughout the day.,partly-cloudy-day,"44454099999,VNKT,44449099999"
"Kathmandu, Bagmati, Nepal",2024-04-18,28.5,16.3,22.3,28,16.3,22.3,13.3,58.3,0,0,0,,0,0,32.8,25.9,194.7,1012.6,52.1,6,268.2,23.2,9,10,2024-04-18T05:35:56,2024-04-18T18:30:34,0.31,Partially cloudy,Partly cloudy throughout the day.,partly-cloudy-day,"44454099999,VNKT,44449099999"
"Kathmandu, Bagmati, Nepal",2024-04-19,29,16.8,23.2,28.3,16.8,23.1,13.7,57.6,0,0,0,,0,0,43.6,24.1,297.8,1010,31.2,5.6,302.3,26.2,10,10,2024-04-19T05:34:57,2024-04-19T18:31:07,0.34,Partially cloudy,Partly cloudy throughout the day.,partly-cloudy-day,"44454099999,VNKT,44449099999"
"Kathmandu, Bagmati, Nepal",2024-04-20,31,17.4,24.3,29.6,17.4,23.8,10.1,45.4,0,0,0,,0,0,56.9,24.1,289.1,1010,28.1,6.5,300.3,26,10,10,2024-04-20T05:33:59,2024-04-20T18:31:40,0.38,Partially cloudy,Partly cloudy throughout the day.,partly-cloudy-day,"44454099999,VNKT,44449099999"
"Kathmandu, Bagmati, Nepal",2024-04-21,32.3,15.4,23.7,30.1,15.4,23.2,5,34,0,0,0,,0,0,40,22.3,267.5,1011.4,40.1,7.2,325.8,28.1,10,10,2024-04-21T05:33:01,2024-04-21T18:32:13,0.41,Partially cloudy,Partly cloudy throughout the day.,partly-cloudy-day,"44454099999,VNKT,44449099999"
"Kathmandu, Bagmati, Nepal",2024-04-22,31.7,16,23.8,29.5,16,23.2,6.1,35.5,0,0,0,,0,0,52.2,38.9,266.3,1013,48.1,6.2,306.1,26.5,10,10,2024-04-22T05:32:04,2024-04-22T18:32:46,0.44,Partially cloudy,Partly cloudy throughout the day.,partly-cloudy-day,"44454099999,VNKT,44449099999"
"Kathmandu, Bagmati, Nepal",2024-04-23,30.2,15.5,23.3,28.3,15.5,22.9,5.8,35.6,0,0,0,,0,0,43.6,22.3,294.6,1013,28.1,7.8,295.8,25.5,10,10,2024-04-23T05:31:08,2024-04-23T18:33:19,0.48,Partially cloudy,Partly cloudy throughout the day.,partly-cloudy-day,"44454099999,VNKT,44449099999"
"Kathmandu, Bagmati, Nepal",2024-04-24,29.7,14.8,23,28.2,14.8,22.6,5.6,35.2,0,0,0,,0,0,42.8,24.1,284.9,1012.2,29,7,304.8,26.5,10,10,2024-04-24T05:30:13,2024-04-24T18:33:53,0.5,Partially cloudy,Partly cloudy throughout the day.,partly-cloudy-day,"44454099999,VNKT,44449099999"
"Kathmandu, Bagmati, Nepal",2024-04-25,31.3,14.4,23.3,29.5,14.4,22.7,5.2,33.7,0,0,0,,0,0,33.5,20.5,288.7,1012.5,28.1,5.7,331.8,28.5,10,10,2024-04-25T05:29:19,2024-04-25T18:34:27,0.54,Partially cloudy,Partly cloudy throughout the day.,partly-cloudy-day,"44454099999,VNKT,44449099999"
"Kathmandu, Bagmati, Nepal",2024-04-26,31.3,14.9,23.2,29.6,14.9,22.7,6.1,35.7,0,0,0,,0,0,36,18.4,303.8,1012.4,28.7,4.7,327.6,28.3,10,10,2024-04-26T05:28:25,2024-04-26T18:35:01,0.58,Partially cloudy,Partly cloudy throughout the day.,partly-cloudy-day,"44454099999,VNKT,44449099999"
"Kathmandu, Bagmati, Nepal",2024-04-27,31.2,16,23.8,29.5,16,23.4,8.2,38.6,0,0,0,,0,0,48.6,22.3,295.8,1013.9,45.5,5,287.5,25,9,10,2024-04-27T05:27:33,2024-04-27T18:35:35,0.62,Partially cloudy,Partly cloudy throughout the day.,partly-cloudy-day,"44454099999,VNKT,44449099999"
"Kathmandu, Bagmati, Nepal",2024-04-28,32.2,16.5,24.4,30.1,16.5,23.8,7.8,39.4,0,0,0,,0,0,42.8,24.1,295.2,1013,30.6,6.3,328.5,28.3,10,10,2024-04-28T05:26:41,2024-04-28T18:36:09,0.65,Partially cloudy,Partly cloudy throughout the day.,partly-cloudy-day,"44454099999,VNKT,44449099999"
"Kathmandu, Bagmati, Nepal",2024-04-29,32.2,16,24.2,30.4,16,23.6,6,33.5,0,0,0,,0,0,44.3,22.3,301.5,1013.7,28.1,6.2,328.8,28.3,10,10,2024-04-29T05:25:50,2024-04-29T18:36:43,0.69,Partially cloudy,Partly cloudy throughout the day.,partly-cloudy-day,"44454099999,VNKT,44449099999"
"Kathmandu, Bagmati, Nepal",2024-04-30,31.8,16,24.5,29.9,16,23.8,5.6,32.3,0,0,0,,0,0,45,22.3,307.1,1010.1,28,6.2,329.4,28.4,10,10,2024-04-30T05:25:00,2024-04-30T18:37:17,0.72,Partially cloudy,Partly cloudy throughout the day.,partly-cloudy-day,"44454099999,VNKT,44449099999"
"Kathmandu, Bagmati, Nepal",2024-05-01,31,17,24.2,28.9,17,23.6,2.1,28.3,0,0,0,,0,0,40.7,27.7,220.7,1008.4,25.5,6.6,275.3,23.7,9,10,2024-05-01T05:24:11,2024-05-01T18:37:52,0.75,Partially cloudy,Partly cloudy throughout the day.,partly-cloudy-day,"44454099999,VNKT"
"Kathmandu, Bagmati, Nepal",2024-05-02,29.4,14.4,22,27.7,14.4,21.7,0.3,25.9,0,0,0,,0,0,39.6,27.7,189.3,1009.8,27.6,6.9,334,29,10,10,2024-05-02T05:23:23,2024-05-02T18:38:26,0.79,Partially cloudy,Partly cloudy throughout the day.,partly-cloudy-day,"44454099999,VNKT,44449099999"
"Kathmandu, Bagmati, Nepal",2024-05-03,30.8,14.1,22.2,29.2,14.1,21.8,4.2,32.9,0,0,0,,0,0,32.4,27.7,200.7,1013,27.3,5.1,340.7,29.6,10,10,2024-05-03T05:22:36,2024-05-03T18:39:01,0.83,Partially cloudy,Partly cloudy throughout the day.,partly-cloudy-day,"44454099999,VNKT,44449099999"
"Kathmandu, Bagmati, Nepal",2024-05-04,27,15.4,22.2,26.4,15.4,22,7.6,40.5,0,0,0,,0,0,39.2,18.4,231,1014.1,68.1,5.2,297.5,25.7,10,10,2024-05-04T05:21:50,2024-05-04T18:39:35,0.86,Partially cloudy,Partly cloudy throughout the day.,partly-cloudy-day,"44454099999,VNKT,44449099999"
"Kathmandu, Bagmati, Nepal",2024-05-05,29.3,16,21.9,28.5,16,21.8,11.3,53.1,0,0,0,,0,0,36.7,16.6,259.1,1010.9,50.2,5.7,292.9,25.1,10,10,2024-05-05T05:21:05,2024-05-05T18:40:10,0.9,Partially cloudy,Becoming cloudy in the afternoon.,partly-cloudy-day,"44454099999,VNKT,44449099999"
"Kathmandu, Bagmati, Nepal",2024-05-06,29.6,17.3,22.4,29.2,17.3,22.4,13.7,60.1,2,100,4.17,rain,0,0,70.6,44.6,269.1,1013.4,64.3,7,292.9,25.3,10,10,2024-05-06T05:20:21,2024-05-06T18:40:45,0.93,"Rain, Partially cloudy",Partly cloudy throughout the day with morning rain.,rain,"44454099999,VNKT,remote,44449099999"
"Kathmandu, Bagmati, Nepal",2024-05-07,24,15.9,18.7,24,15.9,18.7,13,70.1,1.1,100,8.33,rain,0,0,28.1,24.1,113.6,1017.1,78.8,7,190.6,16.6,9,10,2024-05-07T05:19:38,2024-05-07T18:41:20,0.97,"Rain, Partially cloudy",Partly cloudy throughout the day with rain.,rain,"44454099999,VNKT,44449099999"
"Kathmandu, Bagmati, Nepal",2024-05-08,22.1,16,17.9,22.1,16,17.9,14.2,79.4,6.5,100,16.67,rain,0,0,27,18.4,103.8,1018.3,87.4,6.8,107.9,9.2,4,10,2024-05-08T05:18:56,2024-05-08T18:41:55,0,"Rain, Partially cloudy",Partly cloudy throughout the day with a chance of rain throughout the day.,rain,"44454099999,VNKT,remote,44449099999"
"Kathmandu, Bagmati, Nepal",2024-05-09,27,15.4,19.9,26.7,15.4,19.9,14.3,72.5,13,100,4.17,rain,0,0,27.7,18.4,131.5,1017.2,85.9,6.8,228.5,19.6,8,10,2024-05-09T05:18:16,2024-05-09T18:42:30,0.04,"Rain, Partially cloudy",Partly cloudy throughout the day with morning rain.,rain,"44454099999,VNKT,44449099999"
"Kathmandu, Bagmati, Nepal",2024-05-10,26,16.2,20.9,26,16.2,20.9,15.9,75,9,100,4.17,rain,0,0,23,16.6,207.2,1016.5,79.6,6.9,251.2,21.8,7,10,2024-05-10T05:17:36,2024-05-10T18:43:05,0.07,"Rain, Partially cloudy",Partly cloudy throughout the day with morning rain.,rain,"44454099999,VNKT,44449099999"
"Kathmandu, Bagmati, Nepal",2024-05-11,27.2,18.9,22.7,28.1,18.9,22.7,16.9,70.9,0,0,0,rain,0,0,28.4,20.5,236.7,1017.2,68.1,6.8,261.9,22.6,8,10,2024-05-11T05:16:58,2024-05-11T18:43:40,0.1,Partially cloudy,Partly cloudy throughout the day.,partly-cloudy-day,"44454099999,VNKT,44449099999"
"Kathmandu, Bagmati, Nepal",2024-05-12,24,18,20,24,18,20,17.3,85.1,5,100,8.33,rain,0,0,27.4,20.5,162,1018.3,69.9,6.6,216,18.5,8,10,2024-05-12T05:16:20,2024-05-12T18:44:14,0.13,"Rain, Partially cloudy",Partly cloudy throughout the day with rain.,rain,"44454099999,VNKT,44449099999"
"Kathmandu, Bagmati, Nepal",2024-05-13,25.7,16.7,20.9,25.7,16.7,20.9,16.3,76.7,0,0,0,rain,0,0,27.4,11.2,140.5,1018.3,62,7,185.1,16,7,10,2024-05-13T05:15:44,2024-05-13T18:44:49,0.17,Partially cloudy,Partly cloudy throughout the day.,partly-cloudy-day,"44454099999,VNKT,44449099999"
"Kathmandu, Bagmati, Nepal",2024-05-14,28.7,16.6,23,28.9,16.6,23.1,16.9,70.4,0,0,0,rain,0,0,28.8,20.5,202.6,1018,43.6,7.2,275.2,23.8,9,10,2024-05-14T05:15:10,2024-05-14T18:45:24,0.2,Partially cloudy,Becoming cloudy in the afternoon.,partly-cloudy-day,"44454099999,VNKT,44449099999"
"Kathmandu, Bagmati, Nepal",2024-05-15,28.5,18.6,23.5,29,18.6,23.6,16.5,66.4,0,0,0,rain,0,0,25.6,23.6,225.2,1019,50.9,6.6,257.7,22.1,9,10,2024-05-15T05:14:36,2024-05-15T18:45:59,0.25,Partially cloudy,Partly cloudy throughout the day.,partly-cloudy-day,"44454099999,VNKT,44449099999"
"Kathmandu, Bagmati, Nepal",2024-05-16,31.4,17.8,24.2,32.4,17.8,24.1,14.2,55.4,0,0,0,,0,0,29.9,20.5,224.3,1018.3,39.6,7.5,292.4,25.2,9,10,2024-05-16T05:14:03,2024-05-16T18:46:33,0.26,Partially cloudy,Partly cloudy throughout the day.,partly-cloudy-day,"44454099999,VNKT,44449099999"
"Kathmandu, Bagmati, Nepal",2024-05-17,31,17.4,24.7,30.5,17.4,24.4,13.2,51.2,0,0,0,,0,0,31.7,20.5,293.1,1015.8,55.1,6.9,268.4,23.2,9,10,2024-05-17T05:13:32,2024-05-17T18:47:08,0.3,Partially cloudy,Partly cloudy throughout the day.,partly-cloudy-day,"44454099999,VNKT,44449099999"
"Kathmandu, Bagmati, Nepal",2024-05-18,31.5,19.6,25.9,32,19.6,25.9,15.5,54.2,0,0,0,,0,0,33.1,22.3,220.5,1013.4,66.9,6.4,268.5,23.1,8,10,2024-05-18T05:13:02,2024-05-18T18:47:42,0.33,Partially cloudy,Partly cloudy throughout the day.,partly-cloudy-day,"44454099999,VNKT,44449099999"
"Kathmandu, Bagmati, Nepal",2024-05-19,30.7,19.1,24.6,31.1,19.1,24.7,16.7,63.1,2.5,100,4.17,rain,0,0,31.7,20.5,150.7,1011.9,67.8,6.6,276.3,23.8,9,10,2024-05-19T05:12:33,2024-05-19T18:48:16,0.36,"Rain, Partially cloudy",Partly cloudy throughout the day with late afternoon rain.,rain,"44454099999,VNKT,44449099999"
"Kathmandu, Bagmati, Nepal",2024-05-20,26,18,22,26,18,22,16.5,71.9,4.2,100,4.17,rain,0,0,25.6,20.5,89.3,1013.1,64.8,6.6,248,21.5,8,10,2024-05-20T05:12:06,2024-05-20T18:48:50,0.39,"Rain, Partially cloudy",Partly cloudy throughout the day with late afternoon rain.,rain,"44454099999,VNKT,44449099999"
"Kathmandu, Bagmati, Nepal",2024-05-21,28,19.1,23.3,28.6,19.1,23.4,16.6,67.6,0,0,0,rain,0,0,29.5,22.3,135.2,1014,74.1,7.5,261.3,22.6,9,10,2024-05-21T05:11:40,2024-05-21T18:49:24,0.42,Partially cloudy,Partly cloudy throughout the day.,partly-cloudy-day,"44454099999,VNKT,44449099999"
"Kathmandu, Bagmati, Nepal",2024-05-22,29.7,19.4,22.8,30.6,19.4,23,17.9,75,3.4,100,4.17,rain,0,0,28.8,29.5,179.2,1014.5,81.1,7.3,248.2,21.3,9,10,2024-05-22T05:11:15,2024-05-22T18:49:57,0.46,"Rain, Partially cloudy",Partly cloudy throughout the day with late afternoon rain.,rain,"44454099999,VNKT,44449099999"
"Kathmandu, Bagmati, Nepal",2024-05-23,28.1,19.6,23.5,28.9,19.6,23.6,17.7,71.3,0.4,100,4.17,rain,0,0,38.2,13,148.8,1013.6,74,7.5,238.7,20.6,8,10,2024-05-23T05:10:51,2024-05-23T18:50:31,0.5,"Rain, Partially cloudy",Partly cloudy throughout the day with late afternoon rain.,rain,"44454099999,VNKT,44449099999"
"Kathmandu, Bagmati, Nepal",2024-05-24,30.2,19.8,24.7,31.3,19.8,25,18.3,69.3,0,0,0,,0,0,23.8,25.9,135.2,1012.5,65.3,7,289.5,24.9,9,10,2024-05-24T05:10:29,2024-05-24T18:51:04,0.52,Partially cloudy,Partly cloudy throughout the day.,partly-cloudy-day,"44454099999,VNKT,44449099999"
"Kathmandu, Bagmati, Nepal",2024-05-25,31.5,21,25.1,34.2,21,25.5,19.9,74.3,5.5,100,8.33,rain,0,0,23.8,22.3,130.9,1010.8,71.4,7.9,268.7,23.2,9,10,2024-05-25T05:10:08,2024-05-25T18:51:36,0.56,"Rain, Partially cloudy",Partly cloudy throughout the day with rain.,rain,"44454099999,VNKT,remote,44449099999"
"Kathmandu, Bagmati, Nepal",2024-05-26,29,21.4,24.8,30.8,21.4,25.3,20.2,76.6,0,0,0,rain,0,0,25.6,13,66.5,1009.9,62.3,7,237.5,20.4,8,10,2024-05-26T05:09:48,2024-05-26T18:52:08,0.6,Partially cloudy,Partly cloudy throughout the day.,partly-cloudy-day,"44454099999,VNKT,44449099999"
"Kathmandu, Bagmati, Nepal",2024-05-27,31,20.4,24.8,33,20.4,25.3,19.7,74.4,16,100,4.17,rain,0,0,29.2,31.7,216.6,1006.7,54.7,7.4,235.8,20.5,8,10,2024-05-27T05:09:30,2024-05-27T18:52:40,0.63,"Rain, Partially cloudy",Partly cloudy throughout the day with morning rain.,rain,"44454099999,VNKT,44449099999"
"Kathmandu, Bagmati, Nepal",2024-05-28,28.2,20.5,23.8,30.3,20.5,24.2,20.4,82.2,4,100,4.17,rain,0,0,33.8,13,229.7,1005.4,82.1,7.2,210.9,18.1,6,10,2024-05-28T05:09:13,2024-05-28T18:53:12,0.67,"Rain, Partially cloudy",Partly cloudy throughout the day with morning rain.,rain,"44454099999,VNKT,44449099999"
"Kathmandu, Bagmati, Nepal",2024-05-29,31.3,19.5,25.5,32.4,19.5,26.1,19.9,73.5,0,0,0,rain,0,0,27,20.5,222.3,1007,49.3,6.5,254.2,22,8,10,2024-05-29T05:08:57,2024-05-29T18:53:43,0.7,Partially cloudy,Partly cloudy throughout the day.,partly-cloudy-day,"44454099999,VNKT,44449099999"
"Kathmandu, Bagmati, Nepal",2024-05-30,32,20.4,26.2,34.6,20.4,26.7,18.4,64.8,0,0,0,,0,0,61.2,24.1,278.9,1009.7,49.4,6.9,297.7,25.6,9,10,2024-05-30T05:08:43,2024-05-30T18:54:13,0.75,Partially cloudy,Becoming cloudy in the afternoon.,partly-cloudy-day,"44454099999,VNKT,44449099999"
"Kathmandu, Bagmati, Nepal",2024-05-31,31.8,20,25.2,35,20,26,18.4,67.3,2,100,4.17,rain,0,0,33.5,25.9,234.3,1010.6,68.4,7.1,275.5,23.8,8,10,2024-05-31T05:08:30,2024-05-31T18:54:44,0.78,"Rain, Partially cloudy",Partly cloudy throughout the day with morning rain.,rain,"44454099999,VNKT,44449099999"
"Kathmandu, Bagmati, Nepal",2024-06-01,30.8,19.8,23.9,32.8,19.8,24.2,17.6,69.5,0,0,0,rain,0,0,24.8,20.5,227.4,1012.6,60,7.1,241.8,20.8,8,10,2024-06-01T05:08:18,2024-06-01T18:55:13,0.81,Partially cloudy,Partly cloudy throughout the day.,partly-cloudy-day,"44454099999,VNKT,44449099999"
"Kathmandu, Bagmati, Nepal",2024-06-02,29,19.4,24.2,29.3,19.4,24.5,17.7,69.3,2,100,4.17,rain,0,0,34.9,22.3,249.5,1013.2,64.8,7.2,260.9,22.5,9,10,2024-06-02T05:08:08,2024-06-02T18:55:42,0.85,"Rain, Partially cloudy",Partly cloudy throughout the day with morning rain.,rain,"44454099999,VNKT,44449099999"
"Kathmandu, Bagmati, Nepal",2024-06-03,30.3,19.6,24.8,32.2,19.6,25.1,18.2,68.6,0,0,0,,0,0,37.1,16.6,275,1012.2,59.9,7.1,255.8,22,8,10,2024-06-03T05:07:58,2024-06-03T18:56:10,0.88,Partially cloudy,Partly cloudy throughout the day.,partly-cloudy-day,"44454099999,VNKT,44449099999"
"Kathmandu, Bagmati, Nepal",2024-06-04,28,18.9,23.1,28.9,18.9,23.2,16.9,69.2,0.5,100,4.17,rain,0,0,36,18.3,119.9,1012.6,58.7,7.5,270.6,23.2,9,10,2024-06-04T05:07:51,2024-06-04T18:56:38,0.92,"Rain, Partially cloudy",Partly cloudy throughout the day with early morning rain.,rain,"44454099999,VNKT,44449099999"
"Kathmandu, Bagmati, Nepal",2024-06-05,29.5,18,23.6,30.7,18,23.7,17.4,69.7,23,100,4.17,rain,0,0,32.8,29.4,250.4,1013.4,58.7,7.6,252.2,21.6,9,10,2024-06-05T05:07:44,2024-06-05T18:57:05,0.95,"Rain, Partially cloudy",Partly cloudy throughout the day with morning rain.,rain,"44454099999,VNKT,44449099999"
"Kathmandu, Bagmati, Nepal",2024-06-06,30.1,18.3,24,31.5,18.3,24.2,18.1,71.9,4,100,4.17,rain,0,0,27.7,20.5,251.7,1013.6,58,7.7,265.3,22.9,8,10,2024-06-06T05:07:39,2024-06-06T18:57:32,0,"Rain, Partially cloudy",Partly cloudy throughout the day with morning rain.,rain,"44454099999,VNKT,44449099999"
"Kathmandu, Bagmati, Nepal",2024-06-07,29,20.1,24.4,30.3,20.1,24.8,18.8,72.1,0,0,0,rain,0,0,28.1,26.5,239.6,1011.3,72,7.7,239.9,20.8,8,10,2024-06-07T05:07:35,2024-06-07T18:57:58,0.02,Partially cloudy,Partly cloudy throughout the day.,partly-cloudy-day,"44454099999,VNKT,44449099999"
"Kathmandu, Bagmati, Nepal",2024-06-08,29.8,20.6,25.3,32.5,20.6,26,19.6,72.1,2,100,4.17,rain,0,0,31.7,26.5,258.9,1010.1,67.7,7.4,245.2,21.2,8,10,2024-06-08T05:07:32,2024-06-08T18:58:23,0.06,"Rain, Partially cloudy",Partly cloudy throughout the day with morning rain.,rain,"44454099999,VNKT,44449099999"
"Kathmandu, Bagmati, Nepal",2024-06-09,32.3,21.6,26.4,35,21.6,27.1,19.8,69.3,0,0,0,,0,0,31,20.5,259,1009.6,49,7,278.4,23.9,8,10,2024-06-09T05:07:31,2024-06-09T18:58:47,0.09,Partially cloudy,Partly cloudy throughout the day.,partly-cloudy-day,"44454099999,VNKT,44449099999"
"Kathmandu, Bagmati, Nepal",2024-06-10,33,21.5,27.2,35.8,21.5,27.8,19.3,64.3,0,0,0,,0,0,36.4,22.3,254.6,1010.2,28.7,7.1,296.4,25.5,9,10,2024-06-10T05:07:31,2024-06-10T18:59:10,0.12,Partially cloudy,Partly cloudy throughout the day.,partly-cloudy-day,"44454099999,VNKT,44449099999"
"Kathmandu, Bagmati, Nepal",2024-06-11,31,22.3,26.6,33.8,22.3,27.8,20.3,69.3,0,0,0,,0,0,28.1,24.1,214.7,1010.3,64.2,6.4,263.5,22.6,9,10,2024-06-11T05:07:32,2024-06-11T18:59:33,0.15,Partially cloudy,Partly cloudy throughout the day.,partly-cloudy-day,"44454099999,VNKT,44449099999"
"Kathmandu, Bagmati, Nepal",2024-06-12,32.6,22.5,26.9,36.2,22.5,27.8,20,67.2,0,0,0,rain,0,0,26.6,23.6,234.1,1010.5,51.5,6.5,276.8,23.8,9,10,2024-06-12T05:07:34,2024-06-12T18:59:55,0.18,Partially cloudy,Partly cloudy throughout the day.,partly-cloudy-day,"44454099999,VNKT,44449099999"
"Kathmandu, Bagmati, Nepal",2024-06-13,32.7,20.6,27.1,36.2,20.6,27.9,19.9,66.6,0,0,0,,0,0,32.4,20.5,269.3,1008.9,39.7,7.4,261.2,22.6,8,10,2024-06-13T05:07:38,2024-06-13T19:00:16,0.22,Partially cloudy,Partly cloudy throughout the day.,partly-cloudy-day,"44454099999,VNKT,remote,44449099999"
"Kathmandu, Bagmati, Nepal",2024-06-14,32.1,23.5,27.2,35.2,23.5,28.2,20.9,69.6,0,0,0,,0,0,35.3,29.4,254.8,1008,64.4,6.1,251.3,21.7,8,10,2024-06-14T05:07:43,2024-06-14T19:00:36,0.25,Partially cloudy,Partly cloudy throughout the day.,partly-cloudy-day,"44454099999,VNKT,44449099999"
"Kathmandu, Bagmati, Nepal",2024-06-15,33.7,23.1,27.4,36.9,23.1,28.3,21.1,70.3,0.1,100,4.17,rain,0,0,45,22.3,253.6,1008,67.3,5.8,245.2,21.2,8,10,2024-06-15T05:07:49,2024-06-15T19:00:55,0.28,"Rain, Partially cloudy",Partly cloudy throughout the day with morning rain.,rain,"44454099999,VNKT,44449099999"
"Kathmandu, Bagmati, Nepal",2024-06-16,31.8,21.8,26.1,35.5,21.8,27,21.2,75.1,3,100,4.17,rain,0,0,40.7,22.3,233.5,1009.3,81,7.3,183.5,15.9,7,10,2024-06-16T05:07:56,2024-06-16T19:01:13,0.31,"Rain, Partially cloudy",Partly cloudy throughout the day with morning rain.,rain,"44454099999,VNKT,remote,44449099999"
"Kathmandu, Bagmati, Nepal",2024-06-17,29,20.2,24.8,31.9,20.2,25.5,21.8,84.2,13.1,100,4.17,rain,0,0,31,16.6,143.9,1009.5,86.3,7,134.1,11.6,5,10,2024-06-17T05:08:04,2024-06-17T19:01:30,0.35,"Rain, Partially cloudy",Partly cloudy throughout the day with late afternoon rain.,rain,"44454099999,VNKT,remote,44449099999"
"Kathmandu, Bagmati, Nepal",2024-06-18,29,22.4,24.4,32,22.4,25,22.7,90.9,23.6,100,8.33,rain,0,0,39.2,22.3,117,1006.8,88.1,5.3,119.2,10.3,6,10,2024-06-18T05:08:13,2024-06-18T19:01:46,0.38,"Rain, Partially cloudy",Partly cloudy throughout the day with rain.,rain,"44454099999,VNKT,44449099999"
"Kathmandu, Bagmati, Nepal",2024-06-19,29.2,20.8,24.9,32.1,20.8,25.7,21.4,82.3,4.9,100,4.17,rain,0,0,50.4,24.1,224,1005.3,81.6,6.5,98,8.5,4,30,2024-06-19T05:08:24,2024-06-19T19:02:01,0.41,"Rain, Partially cloudy",Partly cloudy throughout the day with late afternoon rain.,rain,"44454099999,VNKT,44449099999"
"Kathmandu, Bagmati, Nepal",2024-06-20,29,19.5,24.3,31.4,19.5,24.9,20.5,80.7,36,100,8.33,rain,0,0,45.7,22.3,231.4,1006.6,72.6,8.2,171.8,14.9,8,10,2024-06-20T05:08:35,2024-06-20T19:02:15,0.44,"Rain, Partially cloudy",Partly cloudy throughout the day with rain.,rain,"44454099999,VNKT,remote,44449099999"
"Kathmandu, Bagmati, Nepal",2024-06-21,29,21.5,25,31.1,21.5,25.4,19.7,73.6,0,0,0,rain,0,0,23,18.4,240.6,1009.3,62,9.2,142.7,12.4,5,10,2024-06-21T05:08:48,2024-06-21T19:02:28,0.47,Partially cloudy,Partly cloudy throughout the day.,partly-cloudy-day,"44454099999,VNKT,44449099999"
"Kathmandu, Bagmati, Nepal",2024-06-22,30,21.5,25.4,32.6,21.5,26.1,20.8,77,5.2,100,8.33,rain,0,0,27,18.4,210.1,1010,68.5,7.5,137.1,11.8,6,10,2024-06-22T05:09:02,2024-06-22T19:02:40,0.5,"Rain, Partially cloudy",Partly cloudy throughout the day with rain.,rain,"44454099999,VNKT,44449099999"
"Kathmandu, Bagmati, Nepal",2024-06-23,30.5,22.5,26,34.2,22.5,27,21.2,75.5,0.2,100,4.17,rain,0,0,27.4,18.4,210.9,1010.5,77.4,7.5,237.6,20.6,8,10,2024-06-23T05:09:16,2024-06-23T19:02:50,0.54,"Rain, Partially cloudy",Partly cloudy throughout the day with late afternoon rain.,rain,"44454099999,VNKT,44449099999"
"Kathmandu, Bagmati, Nepal",2024-06-24,29.7,22.7,26.3,32.5,22.7,27.3,20.7,72,0.8,100,4.17,rain,0,0,25.9,25.9,222.4,1009.7,76.2,8.3,180.9,15.6,7,30,2024-06-24T05:09:32,2024-06-24T19:03:00,0.58,"Rain, Partially cloudy",Partly cloudy throughout the day with late afternoon rain.,rain,"44454099999,VNKT,44449099999"
"Kathmandu, Bagmati, Nepal",2024-06-25,30,22.2,26,32,22.2,26.8,21.1,75.5,0.1,100,4.17,rain,0,0,25.6,25.9,212.7,1007.8,75,6.8,183.9,15.8,8,30,2024-06-25T05:09:49,2024-06-25T19:03:08,0.62,"Rain, Partially cloudy",Partly cloudy throughout the day with late afternoon rain.,rain,"44454099999,VNKT,44449099999"
"Kathmandu, Bagmati, Nepal",2024-06-26,26,21.6,24,26,21.6,24,21.5,86.7,3.9,100,4.17,rain,0,0,22.7,23.6,145.2,1010.5,86.6,7,68.1,6,3,10,2024-06-26T05:10:06,2024-06-26T19:03:15,0.65,"Rain, Partially cloudy",Partly cloudy throughout the day with morning rain.,rain,"44454099999,VNKT,44449099999"
"Kathmandu, Bagmati, Nepal",2024-06-27,28,21.6,25,30.9,21.6,25.7,21.7,82.9,0.2,100,4.17,rain,0,0,17.3,11.2,178.8,1012.2,85.3,7,89.6,7.5,5,10,2024-06-27T05:10:25,2024-06-27T19:03:21,0.69,"Rain, Partially cloudy",Partly cloudy throughout the day with morning rain.,rain,"44454099999,VNKT,44449099999"
"Kathmandu, Bagmati, Nepal",2024-06-28,28.9,21,24.5,32.5,21,25,21.5,84.3,20,100,4.17,rain,0,0,21.2,26.5,221.5,1009.9,87.4,7.6,149.9,12.9,5,10,2024-06-28T05:10:44,2024-06-28T19:03:25,0.72,"Rain, Partially cloudy",Partly cloudy throughout the day with morning rain.,rain,"44454099999,VNKT,44449099999"
"Kathmandu, Bagmati, Nepal",2024-06-29,27.1,21.6,24.6,29.1,21.6,25,21.5,83.9,13,100,4.17,rain,0,0,22,16.6,254.3,1008.6,86,7.9,144.4,12.6,5,10,2024-06-29T05:11:04,2024-06-29T19:03:29,0.75,"Rain, Partially cloudy",Partly cloudy throughout the day with morning rain.,rain,"44454099999,VNKT,44449099999"
"Kathmandu, Bagmati, Nepal",2024-06-30,27,21.9,23.8,29.2,21.9,24,22.2,91.5,56.7,100,8.33,rain,0,0,26.3,13,150,1008.1,86.7,6.9,128.5,11.2,6,10,2024-06-30T05:11:25,2024-06-30T19:03:31,0.8,"Rain, Partially cloudy",Partly cloudy throughout the day with rain.,rain,"44454099999,VNKT,44449099999"
"Kathmandu, Bagmati, Nepal",2024-07-01,28,21.5,24.1,30.1,21.5,24.4,22.1,89.7,39.5,100,8.33,rain,0,0,24.8,20.5,255.6,1006,86.9,7.3,172.9,14.9,7,10,2024-07-01T05:11:47,2024-07-01T19:03:32,0.83,"Rain, Partially cloudy",Partly cloudy throughout the day with rain.,rain,"44454099999,VNKT,44449099999"
"Kathmandu, Bagmati, Nepal",2024-07-02,25,21,22.5,25,21,22.5,22.2,98.4,32.7,100,8.33,rain,0,0,28.4,14.8,175.6,1005.5,92.2,6.3,157,13.4,6,10,2024-07-02T05:12:10,2024-07-02T19:03:31,0.87,"Rain, Overcast",Cloudy skies throughout the day with rain.,rain,"44454099999,VNKT,44449099999"
"Kathmandu, Bagmati, Nepal",2024-07-03,28,21.4,23.7,31.3,21.4,24,22.2,92.1,7.3,100,8.33,rain,0,0,25.6,18.4,251.4,1008.5,88.8,7.3,81.3,7.1,3,10,2024-07-03T05:12:33,2024-07-03T19:03:29,0.9,"Rain, Partially cloudy",Partly cloudy throughout the day with rain.,rain,"44454099999,VNKT,44449099999"
"Kathmandu, Bagmati, Nepal",2024-07-04,27,22,23.9,29.2,22,24,22.5,92.1,21.1,100,4.17,rain,0,0,29.9,20.7,236.4,1010,85.3,7.1,149.4,12.9,5,10,2024-07-04T05:12:57,2024-07-04T19:03:26,0.94,"Rain, Partially cloudy",Partly cloudy throughout the day with late afternoon rain.,rain,"44454099999,VNKT,44449099999"
"Kathmandu, Bagmati, Nepal",2024-07-05,27,21.4,23.7,28.9,21.4,23.8,21.8,89.8,20.3,100,4.17,rain,0,0,36.7,22.3,191.7,1008.3,86.9,6.9,71.1,6.1,3,10,2024-07-05T05:13:22,2024-07-05T19:03:22,0.97,"Rain, Partially cloudy",Partly cloudy throughout the day with late afternoon rain.,rain,"44454099999,VNKT,44449099999"
"Kathmandu, Bagmati, Nepal",2024-07-06,22,20,21.1,22,20,21.1,21,99.6,92.2,100,8.33,rain,0,0,37.4,16.6,81.4,1008.5,96.4,5.3,39.3,3.5,1,10,2024-07-06T05:13:47,2024-07-06T19:03:16,0,"Rain, Overcast",Cloudy skies throughout the day with rain.,rain,"44454099999,VNKT,44449099999"
"Kathmandu, Bagmati, Nepal",2024-07-07,26,21,22.5,26,21,22.5,21.8,96.1,18.3,100,8.33,rain,0,0,24.8,13,115.7,1011.8,89.3,6.7,113,9.9,4,10,2024-07-07T05:14:13,2024-07-07T19:03:09,0.04,"Rain, Partially cloudy",Partly cloudy throughout the day with rain.,rain,"44454099999,VNKT,44449099999"
"Kathmandu, Bagmati, Nepal",2024-07-08,28.3,21.4,24,31.9,21.4,24.5,21.9,88.6,2,100,4.17,rain,0,0,24.8,16.6,235.7,1012,82.8,7,156.9,13.7,7,30,2024-07-08T05:14:39,2024-07-08T19:03:00,0.07,"Rain, Partially cloudy",Partly cloudy throughout the day with late afternoon rain.,rain,"44454099999,VNKT,44449099999"
"Kathmandu, Bagmati, Nepal",2024-07-09,27.7,21.8,24.5,30.3,21.8,24.9,21.9,86.2,0.5,100,4.17,rain,0,0,26.3,20.5,204.5,1012.3,86.1,7,185.2,15.9,7,30,2024-07-09T05:15:07,2024-07-09T19:02:51,0.11,"Rain, Partially cloudy",Partly cloudy throughout the day with late afternoon rain.,rain,"44454099999,VNKT,44449099999"
"Kathmandu, Bagmati, Nepal",2024-07-10,26,21,23.4,26,21,23.4,22,92.4,18.5,100,8.33,rain,0,0,27,22.3,175.5,1012.3,87.6,5.8,71.1,6.1,3,30,2024-07-10T05:15:34,2024-07-10T19:02:39,0.14,"Rain, Partially cloudy",Partly cloudy throughout the day with rain.,rain,"44454099999,VNKT,44449099999"
"Kathmandu, Bagmati, Nepal",2024-07-11,25,21,22.7,25,21,22.7,21.9,95.6,17,100,8.33,rain,0,0,32.8,11.2,112.1,1008.9,89.3,5.8,57.4,5,2,10,2024-07-11T05:16:02,2024-07-11T19:02:27,0.17,"Rain, Partially cloudy",Partly cloudy throughout the day with rain.,rain,"44454099999,VNKT,44449099999"
"Kathmandu, Bagmati, Nepal",2024-07-12,26.4,20.9,22.9,26.4,20.9,22.9,21.5,92.7,29.6,100,8.33,rain,0,0,31.3,18.4,160.7,1007.2,90.5,6.6,82.1,7.2,5,10,2024-07-12T05:16:31,2024-07-12T19:02:13,0.2,"Rain, Overcast",Cloudy skies throughout the day with rain.,rain,"44454099999,VNKT,44449099999"
"Kathmandu, Bagmati, Nepal",2024-07-13,29,20.6,24.5,31.4,20.6,25.2,21.1,83,24.5,100,4.17,rain,0,0,29.5,18.3,231.2,1006.9,85.9,7.2,132,11.3,7,30,2024-07-13T05:17:00,2024-07-13T19:01:58,0.24,"Rain, Partially cloudy",Partly cloudy throughout the day with late afternoon rain.,rain,"44454099999,VNKT,44449099999"
"Kathmandu, Bagmati, Nepal",2024-07-14,29,22,25,31.9,22,25.7,22,83.8,1,100,4.17,rain,0,0,20.5,18.4,217.2,1007.4,82.9,7.6,187.8,16.3,7,30,2024-07-14T05:17:29,2024-07-14T19:01:41,0.25,"Rain, Partially cloudy",Partly cloudy throughout the day with late afternoon rain.,rain,"44454099999,VNKT,44449099999"
"Kathmandu, Bagmati, Nepal",2024-07-15,29,23,25.8,32.8,23,26.9,21.8,79.1,6.8,100,20.83,rain,0,0,22.7,20.5,178.3,1010.6,80.8,7.3,177,15.4,6,30,2024-07-15T05:17:59,2024-07-15T19:01:23,0.3,"Rain, Partially cloudy",Partly cloudy throughout the day with rain clearing later.,rain,"44454099999,VNKT"
"Kathmandu, Bagmati, Nepal",2024-07-16,29,23,25.1,32.8,23,25.7,22.4,85.5,0.7,100,4.17,rain,0,0,23,13,151.2,1011.7,88.1,8,150.7,12.9,6,10,2024-07-16T05:18:29,2024-07-16T19:01:04,0.33,"Rain, Partially cloudy",Partly cloudy throughout the day with early morning rain.,rain,"44454099999,VNKT,44449099999"
"Kathmandu, Bagmati, Nepal",2024-07-17,28.7,21.3,24.3,32.2,21.3,24.6,22.9,92,25.5,100,8.33,rain,0,0,21.6,24.1,122.1,1011,88.1,7.4,144.5,12.5,6,10,2024-07-17T05:18:59,2024-07-17T19:00:43,0.37,"Rain, Partially cloudy",Partly cloudy throughout the day with rain.,rain,"44454099999,VNKT,remote,44449099999"
"Kathmandu, Bagmati, Nepal",2024-07-18,30,21.4,24.9,33.4,21.4,25.7,22.4,86.7,24,100,4.17,rain,0,0,26.3,16.5,32.3,1009.7,87.2,7.4,156.6,13.7,6,10,2024-07-18T05:19:30,2024-07-18T19:00:21,0.4,"Rain, Partially cloudy",Partly cloudy throughout the day with morning rain.,rain,"44454099999,VNKT,44449099999"
"Kathmandu, Bagmati, Nepal",2024-07-19,29.3,20.9,25.3,32.8,20.9,26.1,21.5,81.1,27,100,4.17,rain,0,0,24.8,13,258.9,1008.9,76.9,8.3,131.8,11.3,8,10,2024-07-19T05:20:01,2024-07-19T18:59:58,0.43,"Rain, Partially cloudy",Partly cloudy throughout the day with morning rain.,rain,"44454099999,VNKT,44449099999"
"Kathmandu, Bagmati, Nepal",2024-07-20,30.2,23,25.4,34.9,23,26.3,22.5,85.4,1.4,100,4.17,rain,0,0,24.1,14.8,185.9,1009.2,85.8,7.8,205.1,17.6,7,30,2024-07-20T05:20:32,2024-07-20T18:59:33,0.46,"Rain, Partially cloudy",Partly cloudy throughout the day with late afternoon rain.,rain,"44454099999,VNKT,44449099999"
"Kathmandu, Bagmati, Nepal",2024-07-21,27,22,24.5,29.2,22,24.7,22.6,90.2,0,0,0,rain,0,0,20.2,14.8,242.2,1009.7,87.7,6.8,108.4,9.4,4,10,2024-07-21T05:21:04,2024-07-21T18:59:07,0.5,Partially cloudy,Partly cloudy throughout the day.,partly-cloudy-day,"44454099999,VNKT"
"Kathmandu, Bagmati, Nepal",2024-07-22,28,21,24.4,31.3,21,25,22.5,89.5,0,0,0,rain,0,0,23,13,208.9,1009.4,90.2,7.3,133.6,11.5,6,10,2024-07-22T05:21:35,2024-07-22T18:58:39,0.53,Overcast,Cloudy skies throughout the day.,cloudy,"44454099999,VNKT"
"Kathmandu, Bagmati, Nepal",2024-07-23,27,21,23.8,29.2,21,24.1,22,90.3,0,0,0,rain,0,0,20.2,13,241.5,1008,89.7,6.9,126.8,11,4,10,2024-07-23T05:22:07,2024-07-23T18:58:11,0.57,Partially cloudy,Partly cloudy throughout the day.,partly-cloudy-day,"44454099999,VNKT"
"Kathmandu, Bagmati, Nepal",2024-07-24,29,22,24.6,32,22,25,22.4,88.7,0,0,0,rain,0,0,21.6,14.8,241.5,1004.8,89.3,7.6,141.9,12.4,5,10,2024-07-24T05:22:39,2024-07-24T18:57:41,0.6,Partially cloudy,Partly cloudy throughout the day.,partly-cloudy-day,"44454099999,VNKT"
"Kathmandu, Bagmati, Nepal",2024-07-25,29,22,24.6,32,22,25.4,22.5,89,0,0,0,rain,0,0,26.3,14.8,222.3,1003.7,89.3,7.4,107.5,9.2,5,30,2024-07-25T05:23:11,2024-07-25T18:57:10,0.64,Partially cloudy,Partly cloudy throughout the day.,partly-cloudy-day,"44454099999,VNKT"
"Kathmandu, Bagmati, Nepal",2024-07-26,29,22,25.3,32.8,22,26.1,22.5,85.5,0,0,0,rain,0,0,25.9,18.4,174.8,1005.5,89.3,7.6,170.9,14.9,6,10,2024-07-26T05:23:43,2024-07-26T18:56:37,0.67,Partially cloudy,Partly cloudy throughout the day.,partly-cloudy-day,"44454099999,VNKT"
"Kathmandu, Bagmati, Nepal",2024-07-27,30,23,26.4,34.2,23,27.7,22.8,81.8,0,0,0,rain,0,0,24.1,16.6,267.8,1007.7,89.2,8.1,190.5,16.4,7,30,2024-07-27T05:24:15,2024-07-27T18:56:03,0.71,Partially cloudy,Partly cloudy throughout the day.,partly-cloudy-day,"44454099999,VNKT"
"Kathmandu, Bagmati, Nepal",2024-07-28,29,21,25,32.8,21,25.9,23,90.3,0,0,0,rain,0,0,21.2,13,226.3,1008.7,91.1,7.4,171,14.7,6,30,2024-07-28T05:24:47,2024-07-28T18:55:28,0.75,Overcast,Cloudy skies throughout the day.,cloudy,"44454099999,VNKT"
"Kathmandu, Bagmati, Nepal",2024-07-29,31,22,25.5,33.8,22,26.6,22.8,86.7,0,0,0,rain,0,0,22.3,16.6,191.2,1008.5,87.4,7.4,113,9.7,7,30,2024-07-29T05:25:20,2024-07-29T18:54:52,0.78,Partially cloudy,Partly cloudy throughout the day.,partly-cloudy-day,"44454099999,VNKT"
"Kathmandu, Bagmati, Nepal",2024-07-30,29,22,25.2,32.8,22,26.3,23,88.4,0,0,0,rain,0,0,24.8,18.4,218.1,1009.8,89.2,7.1,217.9,18.8,6,30,2024-07-30T05:25:52,2024-07-30T18:54:14,0.81,Partially cloudy,Partly cloudy throughout the day.,partly-cloudy-day,"44454099999,VNKT"
"Kathmandu, Bagmati, Nepal",2024-07-31,30.7,20,25.2,33.8,20,25.8,20.8,78.6,62.6,100,4.17,rain,0,0,24.8,26.5,253.3,1010.7,69.6,8.1,227.9,19.7,8,30,2024-07-31T05:26:24,2024-07-31T18:53:36,0.85,"Rain, Partially cloudy",Partly cloudy throughout the day with late afternoon rain.,rain,"44454099999,VNKT,44449099999"
"Kathmandu, Bagmati, Nepal",2024-08-01,29.8,22.6,25.1,33.4,22.6,25.8,22.2,84.7,0.2,100,4.17,rain,0,0,25.6,26.5,254.7,1009.2,69.2,7.5,171.7,14.8,8,30,2024-08-01T05:26:56,2024-08-01T18:52:56,0.89,"Rain, Partially cloudy",Partly cloudy throughout the day with late afternoon rain.,rain,"44454099999,VNKT,44449099999"
"Kathmandu, Bagmati, Nepal",2024-08-02,29.1,21,23.8,31.4,21,24.2,21.4,87.4,0.7,100,4.17,rain,0,0,23,18.4,137.9,1007.4,87.4,7.2,171.9,14.9,7,30,2024-08-02T05:27:29,2024-08-02T18:52:15,0.92,"Rain, Partially cloudy",Partly cloudy throughout the day with late afternoon rain.,rain,"44454099999,VNKT,44449099999"
"Kathmandu, Bagmati, Nepal",2024-08-03,28.9,21.8,24.9,31.6,21.8,25.5,21.1,80.9,5.5,100,4.17,rain,0,0,42.5,22.3,139,1009.5,80.5,8.2,110.8,9.5,4,30,2024-08-03T05:28:01,2024-08-03T18:51:33,0.96,"Rain, Partially cloudy",Partly cloudy throughout the day with late afternoon rain.,rain,"44454099999,VNKT,44449099999"
"Kathmandu, Bagmati, Nepal",2024-08-04,29.2,20.5,24.8,32,20.5,25.5,21.2,81.1,0,0,0,rain,0,0,28.1,22.3,205.3,1012.2,70.2,8.8,166.5,14.3,5,30,2024-08-04T05:28:33,2024-08-04T18:50:49,0,Partially cloudy,Partly cloudy throughout the day.,partly-cloudy-day,"44454099999,VNKT,44449099999"
"Kathmandu, Bagmati, Nepal",2024-08-05,29.2,21.3,24.8,31.2,21.3,25.3,21.6,83.9,0.9,100,4.17,rain,0,0,23,20.5,228.9,1012.1,74,7.5,178.3,15.2,7,30,2024-08-05T05:29:05,2024-08-05T18:50:05,0.03,"Rain, Partially cloudy",Partly cloudy throughout the day with late afternoon rain.,rain,"44454099999,VNKT,44449099999"
"Kathmandu, Bagmati, Nepal",2024-08-06,26,20.9,22.9,26,20.9,22.9,21.3,91.5,73.3,100,8.33,rain,0,0,18.7,17.7,172.8,1011,94.2,6,47.5,4.1,2,10,2024-08-06T05:29:37,2024-08-06T18:49:19,0.06,"Rain, Overcast",Cloudy skies throughout the day with rain.,rain,"44454099999,VNKT,44449099999"
"Kathmandu, Bagmati, Nepal",2024-08-07,27,21,23.4,28.9,21,23.5,21.8,91.5,25.8,100,8.33,rain,0,0,28.8,16.5,198,1011.8,86.9,7,111.4,9.6,5,10,2024-08-07T05:30:09,2024-08-07T18:48:33,0.09,"Rain, Partially cloudy",Partly cloudy throughout the day with rain.,rain,"44454099999,VNKT,44449099999"
"Kathmandu, Bagmati, Nepal",2024-08-08,27.7,20.8,23,30.5,20.8,23.2,21.9,94,20.9,100,8.33,rain,0,0,29.9,13,177.5,1012.7,87.9,6.6,165,14.2,8,10,2024-08-08T05:30:40,2024-08-08T18:47:45,0.12,"Rain, Partially cloudy",Partly cloudy throughout the day with rain.,rain,"44454099999,VNKT,44449099999"
"Kathmandu, Bagmati, Nepal",2024-08-09,26,20.4,22.8,26,20.4,22.8,21.8,94.3,6.1,100,8.33,rain,0,0,29.5,14.8,149,1013.6,87.2,6.5,137.4,12.1,5,10,2024-08-09T05:31:12,2024-08-09T18:46:56,0.16,"Rain, Partially cloudy",Partly cloudy throughout the day with rain.,rain,"44454099999,VNKT,44449099999"
"Kathmandu, Bagmati, Nepal",2024-08-10,26.2,20.6,23.3,26.2,20.6,23.3,21.4,89.5,0.8,100,4.17,rain,0,0,27.7,13,189.7,1012.3,88.7,6.7,88.7,7.4,3,10,2024-08-10T05:31:43,2024-08-10T18:46:07,0.19,"Rain, Partially cloudy",Partly cloudy throughout the day with late afternoon rain.,rain,"44454099999,VNKT,remote,44449099999"
"Kathmandu, Bagmati, Nepal",2024-08-11,27,20.6,23,29.3,20.6,23.2,21.9,94.2,28.4,100,8.33,rain,0,0,22.7,16.5,176.3,1011.8,88.8,6.3,72.3,6.3,3,30,2024-08-11T05:32:15,2024-08-11T18:45:16,0.22,"Rain, Partially cloudy",Partly cloudy throughout the day with rain.,rain,"44454099999,VNKT,44449099999"
"Kathmandu, Bagmati, Nepal",2024-08-12,27,22,24.1,29.7,22,24.5,21.9,88.2,1.3,100,37.5,rain,0,0,24.1,20.5,211.7,1012.4,88.2,7.4,177.7,15.3,7,10,2024-08-12T05:32:46,2024-08-12T18:44:24,0.25,"Rain, Partially cloudy",Partly cloudy throughout the day with rain.,rain,"44454099999,VNKT"
"Kathmandu, Bagmati, Nepal",2024-08-13,29.1,21.7,24.1,31.8,21.7,24.5,22.1,90.2,0.2,100,8.33,rain,0,0,22.3,22.3,187.4,1013.5,83.3,6.7,138.7,12,6,10,2024-08-13T05:33:17,2024-08-13T18:43:32,0.29,"Rain, Partially cloudy",Partly cloudy throughout the day with early morning rain.,rain,"44454099999,VNKT,44449099999"
"Kathmandu, Bagmati, Nepal",2024-08-14,29.4,21,24.2,31.7,21,24.7,21.6,86.1,26,100,4.17,rain,0,0,22.3,63,117.1,1014.2,88.8,6.5,96.5,8.4,3,30,2024-08-14T05:33:48,2024-08-14T18:42:38,0.32,"Rain, Partially cloudy",Partly cloudy throughout the day with morning rain.,rain,"44454099999,VNKT,44449099999"
"Kathmandu, Bagmati, Nepal",2024-08-15,30.7,21.6,24.3,33.7,21.6,24.8,20.9,82.7,1.2,100,4.17,rain,0,0,27,31.7,187.2,1013.2,81.4,7.9,221.3,19.4,8,30,2024-08-15T05:34:18,2024-08-15T18:41:44,0.35,"Rain, Partially cloudy",Partly cloudy throughout the day with late afternoon rain.,rain,"44454099999,VNKT,44449099999"
"Kathmandu, Bagmati, Nepal",2024-08-16,30.2,19.4,24.2,32.4,19.4,24.8,20.5,81,1.7,100,4.17,rain,0,0,23,18.4,223.9,1012.7,72.1,7.7,226.2,19.3,7,30,2024-08-16T05:34:49,2024-08-16T18:40:48,0.39,"Rain, Partially cloudy",Partly cloudy throughout the day with late afternoon rain.,rain,"44454099999,VNKT,44449099999"
"Kathmandu, Bagmati, Nepal",2024-08-17,30.2,20.6,25,33.9,20.6,25.8,21.4,82.2,12.3,100,4.17,rain,0,0,22,20.5,227.9,1013.5,76.3,7.5,244.3,21.2,9,30,2024-08-17T05:35:19,2024-08-17T18:39:52,0.42,"Rain, Partially cloudy",Partly cloudy throughout the day with morning rain.,rain,"44454099999,VNKT,44449099999"
"Kathmandu, Bagmati, Nepal",2024-08-18,29,20,23.6,30.8,20,24.1,21.1,87.8,28.1,100,8.33,rain,0,0,22,20.5,128.8,1014.9,85.5,6.8,200.1,17.1,7,30,2024-08-18T05:35:50,2024-08-18T18:38:55,0.45,"Rain, Partially cloudy",Partly cloudy throughout the day with rain.,rain,"44454099999,VNKT,44449099999"
"Kathmandu, Bagmati, Nepal",2024-08-19,28,21,23.4,30.1,21,23.6,21.5,90.5,9.9,100,4.17,rain,0,0,27.4,16.6,163.6,1013.2,88.8,6.7,204.7,17.6,7,30,2024-08-19T05:36:20,2024-08-19T18:37:57,0.48,"Rain, Partially cloudy",Partly cloudy throughout the day with morning rain.,rain,"44454099999,VNKT,44449099999"
"Kathmandu, Bagmati, Nepal",2024-08-20,26,20,22.5,26,20,22.5,21.1,92.5,10.8,100,25,rain,0,0,21.6,14.8,69.3,1014.1,89,6.8,34.5,2.9,1,10,2024-08-20T05:36:49,2024-08-20T18:36:59,0.5,"Rain, Partially cloudy",Partly cloudy throughout the day with morning rain.,rain,"44454099999,VNKT"
"Kathmandu, Bagmati, Nepal",2024-08-21,24,20,21.5,24,20,21.5,21.2,98.3,0,0,0,rain,0,0,21.6,14.8,296.2,1014.9,89.5,5.3,133.6,11.6,4,10,2024-08-21T05:37:19,2024-08-21T18:35:59,0.55,Partially cloudy,Partly cloudy throughout the day.,partly-cloudy-day,"44454099999,VNKT"
"Kathmandu, Bagmati, Nepal",2024-08-22,27,20,22.9,28.9,20,23,21.2,91,0,0,0,rain,0,0,22.7,14.8,184.9,1014,89.2,6.9,110.9,9.6,4,10,2024-08-22T05:37:49,2024-08-22T18:34:59,0.59,Partially cloudy,Partly cloudy throughout the day.,partly-cloudy-day,"44454099999,VNKT"
"Kathmandu, Bagmati, Nepal",2024-08-23,28,22,23.8,30.1,22,24.2,21.9,90.3,0,0,0,rain,0,0,25.9,14.8,235.4,1014.4,89.3,6.8,145,12.7,6,30,2024-08-23T05:38:18,2024-08-23T18:33:59,0.62,Partially cloudy,Partly cloudy throughout the day.,partly-cloudy-day,"44454099999,VNKT"
"Kathmandu, Bagmati, Nepal",2024-08-24,29,21,24.3,32,21,24.9,21.6,86.7,0,0,0,rain,0,0,30.2,24.1,152.7,1014.3,87,7.3,210,18.1,7,30,2024-08-24T05:38:47,2024-08-24T18:32:57,0.66,Partially cloudy,Partly cloudy throughout the day.,partly-cloudy-day,"44454099999,VNKT"
"Kathmandu, Bagmati, Nepal",2024-08-25,29,21,24.1,31.4,21,24.5,21,84.5,0,0,0,rain,0,0,21.6,22.3,208.3,1012.8,71.8,7.6,217.7,18.8,7,60,2024-08-25T05:39:16,2024-08-25T18:31:55,0.69,Partially cloudy,Partly cloudy throughout the day.,partly-cloudy-day,"44454099999,VNKT"
"Kathmandu, Bagmati, Nepal",2024-08-26,29,21,22.8,30.8,21,23.2,21.3,92.3,0,0,0,rain,0,0,20.2,24.1,169.4,1013.1,82.5,6.4,170,14.7,7,30,2024-08-26T05:39:45,2024-08-26T18:30:52,0.75,Partially cloudy,Partly cloudy throughout the day.,partly-cloudy-day,"44454099999,VNKT"
"Kathmandu, Bagmati, Nepal",2024-08-27,27.9,20,22.6,29.7,20,22.8,20.8,90.9,23.1,100,4.17,rain,0,0,28.4,14.8,128.2,1014.6,87.5,6.8,169.8,14.6,8,30,2024-08-27T05:40:14,2024-08-27T18:29:49,0.76,"Rain, Partially cloudy",Partly cloudy throughout the day with late afternoon rain.,rain,"44454099999,VNKT,44449099999"
"Kathmandu, Bagmati, Nepal",2024-08-28,29,20.7,24.6,31.4,20.7,25.4,21.6,84.4,0,0,0,rain,0,0,24.1,20.5,207.5,1014.3,77,7.3,206.2,17.7,8,60,2024-08-28T05:40:42,2024-08-28T18:28:45,0.8,Partially cloudy,Partly cloudy throughout the day.,partly-cloudy-day,"44454099999,VNKT,44449099999"
"Kathmandu, Bagmati, Nepal",2024-08-29,29.7,21,23.7,32.9,21,24.2,21.5,88.4,2.8,100,8.33,rain,0,0,25.6,20.5,137.5,1014.5,83.1,6.6,189,16.3,8,60,2024-08-29T05:41:11,2024-08-29T18:27:40,0.83,"Rain, Partially cloudy",Partly cloudy throughout the day with rain.,rain,"44454099999,VNKT,44449099999"
"Kathmandu, Bagmati, Nepal",2024-08-30,31,19.4,24.9,32.4,19.4,25.5,20.3,78.2,7,100,4.17,rain,0,0,25.9,20.5,265.4,1014.8,46.8,8.6,247.5,21.3,9,60,2024-08-30T05:41:39,2024-08-30T18:26:35,0.87,"Rain, Partially cloudy",Partly cloudy throughout the day with morning rain.,rain,"44454099999,VNKT,44449099999"
"Kathmandu, Bagmati, Nepal",2024-08-31,31,22,25.3,34.6,22,26.2,22.3,84.9,0.5,100,4.17,rain,0,0,25.9,22.3,203.3,1014.3,73,6.8,220.9,19,8,60,2024-08-31T05:42:07,2024-08-31T18:25:30,0.9,"Rain, Partially cloudy",Partly cloudy throughout the day with late afternoon rain.,rain,"44454099999,VNKT,44449099999"
"Kathmandu, Bagmati, Nepal",2024-09-01,22.7,21,21.9,22.7,21,21.9,21.7,98.9,24.5,100,4.17,rain,0,0,25.2,13,74.1,1015.6,90.6,6,59.8,5.1,2,30,2024-09-01T05:42:35,2024-09-01T18:24:24,0.94,"Rain, Overcast",Cloudy skies throughout the day with morning rain.,rain,"44454099999,VNKT,44449099999"
"Kathmandu, Bagmati, Nepal",2024-09-02,29.4,20.3,24.2,31.5,20.3,24.8,20.9,83.2,42,100,4.17,rain,0,0,23.8,18.4,216.7,1015.9,80.7,7.3,185.6,15.8,7,10,2024-09-02T05:43:03,2024-09-02T18:23:17,0.97,"Rain, Partially cloudy",Partly cloudy throughout the day with morning rain.,rain,"44454099999,VNKT,44449099999"
"Kathmandu, Bagmati, Nepal",2024-09-03,28,20,23.4,30.1,20,23.8,21.1,88.2,44,100,4.17,rain,0,0,24.1,14.8,69.7,1015.9,75.1,6.9,211.4,18.3,8,30,2024-09-03T05:43:31,2024-09-03T18:22:10,0,"Rain, Partially cloudy",Partly cloudy throughout the day with morning rain.,rain,"44454099999,VNKT,44449099999"
"Kathmandu, Bagmati, Nepal",2024-09-04,28,21,23.6,29.7,21,24.1,21,86.6,0,0,0,rain,0,0,25.2,22.3,235.9,1012.7,87.7,7,177.1,15.2,7,30,2024-09-04T05:43:59,2024-09-04T18:21:03,0.04,Partially cloudy,Partly cloudy throughout the day.,partly-cloudy-day,"44454099999,VNKT"
"Kathmandu, Bagmati, Nepal",2024-09-05,26,20,22.9,26,20,22.9,20.8,89,0,0,0,rain,0,0,23,65.6,153.5,1011.1,89.3,6.3,125.9,10.8,5,10,2024-09-05T05:44:27,2024-09-05T18:19:55,0.07,Partially cloudy,Partly cloudy throughout the day.,wind,"44454099999,VNKT"
"Kathmandu, Bagmati, Nepal",2024-09-06,28,20,23.3,29.7,20,23.7,20.8,87.2,0,0,0,rain,0,0,37.4,22.3,170.1,1013.5,84.3,7.4,144.7,12.5,8,30,2024-09-06T05:44:54,2024-09-06T18:18:47,0.11,Partially cloudy,Partly cloudy throughout the day.,partly-cloudy-day,"44454099999,VNKT"
"Kathmandu, Bagmati, Nepal",2024-09-07,30,21,24.8,31.9,21,25.3,20.7,80.5,0,0,0,rain,0,0,24.8,18.4,214.7,1013.7,62.5,8.5,187.8,16.3,9,30,2024-09-07T05:45:22,2024-09-07T18:17:39,0.14,Partially cloudy,Partly cloudy throughout the day.,partly-cloudy-day,"44454099999,VNKT"
"Kathmandu, Bagmati, Nepal",2024-09-08,30,21,25,31.4,21,25.5,20.4,77.5,0,0,0,rain,0,0,23.4,24.1,207.9,1013.5,62.7,8.1,209.6,18,8,30,2024-09-08T05:45:49,2024-09-08T18:16:30,0.17,Partially cloudy,Partly cloudy throughout the day.,partly-cloudy-day,"44454099999,VNKT,44449099999"
"Kathmandu, Bagmati, Nepal",2024-09-09,29.5,20.8,24.5,31.8,20.8,25,21.3,83.9,0,0,0,rain,0,0,26.3,18.4,160.9,1011.9,71.4,7.3,165.6,14.2,7,30,2024-09-09T05:46:17,2024-09-09T18:15:21,0.21,Partially cloudy,Partly cloudy throughout the day.,partly-cloudy-day,"44454099999,VNKT,44449099999"
"Kathmandu, Bagmati, Nepal",2024-09-10,30.8,21.6,25.1,33.3,21.6,25.8,21.4,81.8,0,0,0,rain,0,0,24.1,20.5,164.2,1011.3,61.6,7.6,203.1,17.6,8,30,2024-09-10T05:46:44,2024-09-10T18:14:12,0.24,Partially cloudy,Partly cloudy throughout the day.,partly-cloudy-day,"44454099999,VNKT,44449099999"
"Kathmandu, Bagmati, Nepal",2024-09-11,30,21.1,25.4,33.9,21.1,26.2,21.3,79.6,0,0,0,rain,0,0,31.3,20.5,191.1,1011.9,54.3,8.3,200.6,17.3,8,30,2024-09-11T05:47:11,2024-09-11T18:13:03,0.25,Partially cloudy,Partly cloudy throughout the day.,partly-cloudy-day,"44454099999,VNKT,44449099999"
"Kathmandu, Bagmati, Nepal",2024-09-12,28,21.1,24.2,30.1,21.1,24.4,20.8,81.9,0.8,100,4.17,rain,0,0,31,14.8,106.2,1012.9,74.8,7.2,151.8,13.1,6,30,2024-09-12T05:47:39,2024-09-12T18:11:53,0.31,"Rain, Partially cloudy",Partly cloudy throughout the day with late afternoon rain.,rain,"44454099999,VNKT,44449099999"
"Kathmandu, Bagmati, Nepal",2024-09-13,29.5,19.4,23.4,31.3,19.4,23.7,20.8,86.7,0,0,0,rain,0,0,24.1,18.4,58.5,1011.5,69.7,7.2,181.2,15.5,7,30,2024-09-13T05:48:06,2024-09-13T18:10:43,0.34,Partially cloudy,Partly cloudy throughout the day.,partly-cloudy-day,"44454099999,VNKT,44449099999"
"Kathmandu, Bagmati, Nepal",2024-09-14,26,19.8,22.1,26,19.8,22.1,20.3,90.4,10.6,100,8.33,rain,0,0,28.8,24.1,191,1010.7,75.8,7,116.8,10.1,6,10,2024-09-14T05:48:33,2024-09-14T18:09:33,0.37,"Rain, Partially cloudy",Partly cloudy throughout the day with rain.,rain,"44454099999,VNKT,44449099999"
"Kathmandu, Bagmati, Nepal",2024-09-15,27.7,19.1,22.4,29.2,19.1,22.6,19.8,86.9,0.9,100,4.17,rain,0,0,28.1,18.4,268.2,1011.1,85.4,7,125.6,10.7,5,10,2024-09-15T05:49:01,2024-09-15T18:08:23,0.41,"Rain, Partially cloudy",Partly cloudy throughout the day with late afternoon rain.,rain,"44454099999,VNKT,44449099999"
"Kathmandu, Bagmati, Nepal",2024-09-16,27.5,19.6,22.8,29.4,19.6,22.9,20,85.6,22.1,100,4.17,rain,0,0,16.9,11.2,283.3,1013,88.2,7.7,77.8,6.7,3,10,2024-09-16T05:49:28,2024-09-16T18:07:13,0.44,"Rain, Partially cloudy",Partly cloudy throughout the day with morning rain.,rain,"44454099999,VNKT,44449099999"
"Kathmandu, Bagmati, Nepal",2024-09-17,28.1,20.4,23.6,29.9,20.4,23.8,20.8,85.5,0.1,100,4.17,rain,0,0,27.4,11.2,108.1,1015,77.8,7,128.4,11.1,5,30,2024-09-17T05:49:55,2024-09-17T18:06:03,0.47,"Rain, Partially cloudy",Partly cloudy throughout the day with morning rain.,rain,"44454099999,VNKT,44449099999"
"Kathmandu, Bagmati, Nepal",2024-09-18,30,19.1,24.7,32.6,19.1,25.4,20.8,80.5,0,0,0,rain,0,0,25.2,16.6,195.4,1014.7,39.7,7.5,235.7,20.2,8,30,2024-09-18T05:50:23,2024-09-18T18:04:53,0.5,Partially cloudy,Becoming cloudy in the afternoon.,partly-cloudy-day,"44454099999,VNKT,44449099999"
"Kathmandu, Bagmati, Nepal",2024-09-19,30.7,21.6,25.6,33.6,21.6,26.5,21.5,79.8,0,0,0,rain,0,0,23,16.6,260.8,1014.4,51.6,7.5,227.5,19.5,8,60,2024-09-19T05:50:50,2024-09-19T18:03:42,0.54,Partially cloudy,Partly cloudy throughout the day.,partly-cloudy-day,"44454099999,VNKT,44449099999"
"Kathmandu, Bagmati, Nepal",2024-09-20,29.8,22,24.3,32.9,22,24.8,22.1,88.3,1.2,100,4.17,rain,0,0,19.8,18.4,75.3,1014.4,79.8,6.8,177.3,15.3,7,60,2024-09-20T05:51:18,2024-09-20T18:02:32,0.57,"Rain, Partially cloudy",Partly cloudy throughout the day with late afternoon rain.,rain,"44454099999,VNKT,44449099999"
"Kathmandu, Bagmati, Nepal",2024-09-21,30,21,25,31.4,21,25.4,20.7,79.4,0.1,100,4.17,rain,0,0,21.2,26.5,79.9,1015.6,82.9,7.7,156.6,13.4,7,60,2024-09-21T05:51:46,2024-09-21T18:01:22,0.61,"Rain, Partially cloudy",Partly cloudy throughout the day with late afternoon rain.,rain,"44454099999,VNKT,44449099999"
"Kathmandu, Bagmati, Nepal",2024-09-22,31.5,22.3,25.8,35.2,22.3,26.5,20.4,73.7,0,0,0,,0,0,20.5,14.8,177.8,1015,63.5,7.6,247.6,21.5,8,60,2024-09-22T05:52:14,2024-09-22T18:00:12,0.64,Partially cloudy,Partly cloudy throughout the day.,partly-cloudy-day,"44454099999,VNKT,44449099999"
"Kathmandu, Bagmati, Nepal",2024-09-23,32.1,21.1,26.1,34.2,21.1,27,20.8,74.2,0,0,0,,0,0,22,16.5,249.6,1015.2,47.1,7.9,231.7,20.1,8,30,2024-09-23T05:52:42,2024-09-23T17:59:01,0.68,Partially cloudy,Becoming cloudy in the afternoon.,partly-cloudy-day,"44454099999,VNKT,44449099999"
"Kathmandu, Bagmati, Nepal",2024-09-24,28.5,23,24.2,31,23,24.5,20.9,82.3,0.1,100,4.17,rain,0,0,23.8,16.6,206.9,1015.1,80.9,6.7,177.5,15.3,8,30,2024-09-24T05:53:10,2024-09-24T17:57:52,0.71,"Rain, Partially cloudy",Partly cloudy throughout the day with late afternoon rain.,rain,"44454099999,VNKT,44449099999"
"Kathmandu, Bagmati, Nepal",2024-09-25,28.2,20.1,23.4,30.7,20.1,23.5,20.3,83.3,0.7,100,4.17,rain,0,0,20.5,14.8,234.7,1015.4,86.7,6.8,95.6,8.2,3,10,2024-09-25T05:53:38,2024-09-25T17:56:42,0.75,"Rain, Partially cloudy",Partly cloudy throughout the day with late afternoon rain.,rain,"44454099999,VNKT,44449099999"
"Kathmandu, Bagmati, Nepal",2024-09-26,24.2,20,22.4,24.2,20,22.4,20.3,88.5,0,0,0,rain,0,0,54.7,14.8,110.2,1014.7,88.5,7.1,49.9,4.3,3,10,2024-09-26T05:54:06,2024-09-26T17:55:32,0.78,Partially cloudy,Partly cloudy throughout the day.,partly-cloudy-day,"44454099999,VNKT,44449099999"
"Kathmandu, Bagmati, Nepal",2024-09-27,20.2,17.8,18.9,20.2,17.8,18.9,18.8,99.8,97,100,8.33,rain,0,0,56.5,11.2,86.2,1015.9,96,4.9,13.5,1.2,0,10,2024-09-27T05:54:35,2024-09-27T17:54:23,0.81,"Rain, Overcast",Cloudy skies throughout the day with rain.,rain,"44454099999,VNKT,44449099999"
"Kathmandu, Bagmati, Nepal",2024-09-28,19,16.9,17.9,19,16.9,17.9,17.9,99.9,194,100,8.33,rain,0,0,40,9.4,72,1016.3,96.6,5.1,18.5,1.4,1,10,2024-09-28T05:55:04,2024-09-28T17:53:13,0.85,"Rain, Overcast",Cloudy skies throughout the day with rain.,rain,"44454099999,VNKT,44449099999"
"Kathmandu, Bagmati, Nepal",2024-09-29,26,17,21,26,17,21,18.6,87.3,8.7,100,8.33,rain,0,0,28.1,14.8,259.2,1017,76.7,7,196.8,16.9,7,10,2024-09-29T05:55:33,2024-09-29T17:52:04,0.88,"Rain, Partially cloudy",Partly cloudy throughout the day with early morning rain.,rain,"44454099999,VNKT,44449099999"
"Kathmandu, Bagmati, Nepal",2024-09-30,28.5,18.9,22.6,30.4,18.9,22.9,20.1,87.1,0,0,0,rain,0,0,29.2,16.6,272.8,1015.2,65.3,7.8,173.4,15.2,6,30,2024-09-30T05:56:02,2024-09-30T17:50:56,0.91,Partially cloudy,Partly cloudy throughout the day.,partly-cloudy-day,"44454099999,VNKT,44449099999"
"Kathmandu, Bagmati, Nepal",2024-10-01,29.5,20.6,24.2,32.1,20.6,24.7,21.1,84.4,0,0,0,rain,0,0,25.9,18.4,261.6,1012.8,62.5,7.9,182,15.7,6,60,2024-10-01T05:56:31,2024-10-01T17:49:47,0.95,Partially cloudy,Partly cloudy throughout the day.,partly-cloudy-day,"44454099999,VNKT,44449099999"
"Kathmandu, Bagmati, Nepal",2024-10-02,29.3,21.4,24.3,32.4,21.4,24.9,21.3,84.3,1.1,100,4.17,rain,0,0,19.8,24.1,222,1012.4,80.2,7,180.8,15.7,6,30,2024-10-02T05:57:01,2024-10-02T17:48:39,0.98,"Rain, Partially cloudy",Partly cloudy throughout the day with late afternoon rain.,rain,"44454099999,VNKT,44449099999"
"Kathmandu, Bagmati, Nepal",2024-10-03,27.1,20,23.2,28.9,20,23.2,20.7,86.9,4.9,100,4.17,rain,0,0,22.7,16.6,220.1,1013,78.9,6.9,88.3,7.7,5,30,2024-10-03T05:57:31,2024-10-03T17:47:32,0,"Rain, Partially cloudy",Partly cloudy throughout the day with morning rain.,rain,"44454099999,VNKT,44449099999"
"Kathmandu, Bagmati, Nepal",2024-10-04,27.5,20.5,23.1,29.4,20.5,23.2,20.1,84.6,0,0,0,rain,0,0,27,20.7,250,1013.6,69.8,7.5,166,14.3,7,10,2024-10-04T05:58:01,2024-10-04T17:46:24,0.05,Partially cloudy,Partly cloudy throughout the day.,partly-cloudy-day,"44454099999,VNKT,44449099999"
"Kathmandu, Bagmati, Nepal",2024-10-05,28.4,19.9,22.9,30.4,19.9,23,19.7,83.1,0,0,0,rain,0,0,10.1,16.6,234.6,1015.7,82.4,7.4,179.6,15.4,7,10,2024-10-05T05:58:32,2024-10-05T17:45:17,0.08,Partially cloudy,Partly cloudy throughout the day.,partly-cloudy-day,"44454099999,VNKT,44449099999"
"Kathmandu, Bagmati, Nepal",2024-10-06,27,19,22.6,28.2,19,22.7,19,81,0,0,0,rain,0,0,22.7,14.8,250.6,1019,75.6,7.3,177.2,15.4,7,10,2024-10-06T05:59:02,2024-10-06T17:44:11,0.12,Partially cloudy,Partly cloudy throughout the day.,partly-cloudy-day,"44454099999,VNKT,44449099999"
"Kathmandu, Bagmati, Nepal",2024-10-07,27.4,18.1,22.6,28.8,18.1,22.7,19.1,82.2,0,0,0,rain,0,0,23.4,16.6,252,1021.3,61.7,7.5,167.8,14.3,6,10,2024-10-07T05:59:33,2024-10-07T17:43:05,0.15,Partially cloudy,Partly cloudy throughout the day.,partly-cloudy-day,"44454099999,VNKT,44449099999"
"Kathmandu, Bagmati, Nepal",2024-10-08,27.3,19.1,22.7,28.7,19.1,22.8,18.5,78.5,0,0,0,rain,0,0,23.8,16.6,268,1020.6,58.1,8.5,201.1,17.3,7,30,2024-10-08T06:00:05,2024-10-08T17:42:00,0.19,Partially cloudy,Partly cloudy throughout the day.,partly-cloudy-day,"44454099999,VNKT,44449099999"
"Kathmandu, Bagmati, Nepal",2024-10-09,27.8,17.3,22.2,28.8,17.3,22.3,17.5,76.4,0,0,0,rain,0,0,26.3,18.4,275,1017.9,41.9,8,211.5,18.2,8,10,2024-10-09T06:00:37,2024-10-09T17:40:55,0.22,Partially cloudy,Partly cloudy throughout the day.,partly-cloudy-day,"44454099999,VNKT,44449099999"
"Kathmandu, Bagmati, Nepal",2024-10-10,27.3,17.6,21.8,28.2,17.6,21.9,17.4,77.6,0,0,0,rain,0,0,27,14.8,272,1016.7,61,7.5,201.8,17.6,8,30,2024-10-10T06:01:09,2024-10-10T17:39:51,0.25,Partially cloudy,Partly cloudy throughout the day.,partly-cloudy-day,"44454099999,VNKT,44449099999"
"Kathmandu, Bagmati, Nepal",2024-10-11,27.3,17.6,21.9,27.9,17.6,21.9,16.6,73.5,0,0,0,rain,0,0,27.4,20.5,266.4,1016.1,52.9,7,199.8,17.3,8,10,2024-10-11T06:01:41,2024-10-11T17:38:47,0.25,Partially cloudy,Partly cloudy throughout the day.,partly-cloudy-day,"44454099999,VNKT,44449099999"
"Kathmandu, Bagmati, Nepal",2024-10-12,26.3,17.1,21.2,26.3,17.1,21.2,16.2,75.2,0,0,0,rain,0,0,27.7,16.6,256.4,1017.7,61.6,7.1,188.5,16.3,8,10,2024-10-12T06:02:14,2024-10-12T17:37:44,0.32,Partially cloudy,Partly cloudy throughout the day.,partly-cloudy-day,"44454099999,VNKT,44449099999"
"Kathmandu, Bagmati, Nepal",2024-10-13,26,15.4,20.4,26,15.4,20.4,16.5,80.3,0,0,0,rain,0,0,13.3,16.6,230.9,1018.9,37.2,7.3,220,19.2,8,10,2024-10-13T06:02:47,2024-10-13T17:36:41,0.36,Partially cloudy,Partly cloudy throughout the day.,partly-cloudy-day,"44454099999,VNKT,44449099999"
"Kathmandu, Bagmati, Nepal",2024-10-14,25.5,17.9,21,25.5,17.9,21,16.8,78,0,0,0,rain,0,0,28.1,26.5,232,1018.9,65.1,7,153.9,13.3,5,10,2024-10-14T06:03:21,2024-10-14T17:35:40,0.39,Partially cloudy,Partly cloudy throughout the day.,partly-cloudy-day,"44454099999,VNKT,44449099999"
"Kathmandu, Bagmati, Nepal",2024-10-15,26.1,15.8,20.3,26.1,15.8,20.3,16.7,81.6,0,0,0,rain,0,0,27.4,17.7,254.6,1017.5,35.4,6.6,171,14.6,6,10,2024-10-15T06:03:55,2024-10-15T17:34:39,0.42,Partially cloudy,Partly cloudy throughout the day.,partly-cloudy-day,"44454099999,VNKT,44449099999"
"Kathmandu, Bagmati, Nepal",2024-10-16,25,16.5,20.2,25,16.5,20.2,16.3,79.7,0,0,0,rain,0,0,25.2,17.7,228.8,1017.6,68.3,6.4,190.9,16.5,7,10,2024-10-16T06:04:29,2024-10-16T17:33:38,0.46,Partially cloudy,Partly cloudy throughout the day.,partly-cloudy-day,"44454099999,VNKT,44449099999"
"Kathmandu, Bagmati, Nepal",2024-10-17,24.1,16.3,19.9,24.1,16.3,19.9,16.3,80.9,0,0,0,rain,0,0,25.6,14.8,261.5,1018.3,60.2,5.6,174.3,15.2,7,10,2024-10-17T06:05:04,2024-10-17T17:32:39,0.5,Partially cloudy,Partly cloudy throughout the day.,partly-cloudy-day,"44454099999,VNKT,44449099999"
"Kathmandu, Bagmati, Nepal",2024-10-18,24.5,15.6,19.6,24.5,15.6,19.6,16.3,82.4,0.1,100,4.17,rain,0,0,23.8,14.8,254.6,1017.8,57,6.5,173.2,15.1,7,10,2024-10-18T06:05:39,2024-10-18T17:31:40,0.53,"Rain, Partially cloudy",Partly cloudy throughout the day with afternoon rain.,rain,"44454099999,VNKT,remote,44449099999"
"Kathmandu, Bagmati, Nepal",2024-10-19,24.7,15,19.4,24.7,15,19.4,15.3,78.1,0,0,0,rain,0,0,23.4,13,247.9,1018.6,51.3,5.8,175,15.1,7,10,2024-10-19T06:06:15,2024-10-19T17:30:42,0.56,Partially cloudy,Partly cloudy throughout the day.,partly-cloudy-day,"44454099999,VNKT,44449099999"
"Kathmandu, Bagmati, Nepal",2024-10-20,25,16.5,19.7,25,16.5,19.7,15.2,76.5,0,0,0,rain,0,0,27,20.5,191.6,1020.5,60.4,6.1,179.8,15.8,7,10,2024-10-20T06:06:51,2024-10-20T17:29:45,0.59,Partially cloudy,Partly cloudy throughout the day.,partly-cloudy-day,"44454099999,VNKT,44449099999"
"Kathmandu, Bagmati, Nepal",2024-10-21,25,13.9,18.9,25,13.9,18.9,14.7,78,0,0,0,rain,0,0,13,16.5,140.5,1020.8,38.7,6.3,215.6,18.7,8,10,2024-10-21T06:07:27,2024-10-21T17:28:49,0.63,Partially cloudy,Becoming cloudy in the afternoon.,partly-cloudy-day,"44454099999,VNKT,44449099999"
"Kathmandu, Bagmati, Nepal",2024-10-22,27,14.4,20.1,26.7,14.4,20.1,13.9,70.8,0,0,0,,0,0,25.9,18.3,226.3,1021.1,37.2,7,203.5,17.6,8,10,2024-10-22T06:08:04,2024-10-22T17:27:54,0.66,Partially cloudy,Partly cloudy throughout the day.,partly-cloudy-day,"44454099999,VNKT,44449099999"
"Kathmandu, Bagmati, Nepal",2024-10-23,28,14.6,20.9,27.7,14.6,20.9,14.8,70.6,0,0,0,rain,0,0,22,13,232.4,1020.1,37.2,7.8,200.8,17.5,8,10,2024-10-23T06:08:41,2024-10-23T17:26:59,0.69,Partially cloudy,Clearing in the afternoon.,partly-cloudy-day,"44454099999,VNKT,44449099999"
"Kathmandu, Bagmati, Nepal",2024-10-24,26.2,15.6,20.6,26.2,15.6,20.6,15.4,74,0,0,0,rain,0,0,26.6,18.4,249.8,1018.8,35,7.4,203.9,17.7,8,10,2024-10-24T06:09:19,2024-10-24T17:26:06,0.75,Partially cloudy,Partly cloudy throughout the day.,partly-cloudy-day,"44454099999,VNKT,44449099999"
"Kathmandu, Bagmati, Nepal",2024-10-25,24,17,19.8,24,17,19.8,16.2,81,0,0,0,rain,0,0,27.4,18.4,210.6,1017.8,62.4,7.2,191,16.6,7,10,2024-10-25T06:09:57,2024-10-25T17:25:14,0.76,Partially cloudy,Partly cloudy throughout the day.,partly-cloudy-day,"44454099999,VNKT"
"Kathmandu, Bagmati, Nepal",2024-10-26,24,16,19.8,24,16,19.8,16.4,82.8,0,0,0,rain,0,0,18.7,14.8,216,1018.3,54.2,7.2,213.8,18.5,8,10,2024-10-26T06:10:36,2024-10-26T17:24:22,0.79,Partially cloudy,Partly cloudy throughout the day.,partly-cloudy-day,"44454099999,VNKT"
"Kathmandu, Bagmati, Nepal",2024-10-27,26,17,21.1,26,17,21.1,17.5,81.6,0,0,0,rain,0,0,23.8,18.4,272.1,1017.6,45.5,7.4,204.2,17.5,8,10,2024-10-27T06:11:15,2024-10-27T17:23:32,0.82,Partially cloudy,Partly cloudy throughout the day.,partly-cloudy-day,"44454099999,VNKT"
"Kathmandu, Bagmati, Nepal",2024-10-28,26,15.2,21.3,26,15.2,21.3,17.4,80.1,0,0,0,,0,0,10.1,14.8,267.3,1016.4,47.5,8.1,219.7,18.9,8,10,2024-10-28T06:11:55,2024-10-28T17:22:43,0.86,Partially cloudy,Clearing in the afternoon.,partly-cloudy-day,"44454099999,VNKT,remote"
"Kathmandu, Bagmati, Nepal",2024-10-29,26,17,21.1,26,17,21.1,16.4,76.9,0,0,0,rain,0,0,25.6,16.6,267.9,1016.9,42.9,7.8,209.1,17.9,8,10,2024-10-29T06:12:35,2024-10-29T17:21:55,0.89,Partially cloudy,Partly cloudy throughout the day.,partly-cloudy-day,"44454099999,VNKT"
"Kathmandu, Bagmati, Nepal",2024-10-30,26,16,20.7,26,16,20.7,15.8,75,0,0,0,rain,0,0,25.6,14.8,253.5,1017.5,34.3,7.5,153.9,13.1,7,10,2024-10-30T06:13:15,2024-10-30T17:21:08,0.92,Partially cloudy,Partly cloudy throughout the day.,partly-cloudy-day,"44454099999,VNKT"
"Kathmandu, Bagmati, Nepal",2024-10-31,25,16,20.4,25,16,20.4,15.9,77.1,0,0,0,rain,0,0,22.7,16.6,247.9,1018.1,43.8,6.9,117.7,10.2,6,10,2024-10-31T06:13:56,2024-10-31T17:20:22,0.96,Partially cloudy,Partly cloudy throughout the day.,partly-cloudy-day,"44454099999,VNKT"
"Kathmandu, Bagmati, Nepal",2024-11-01,25,16,20.3,25,16,20.3,16.4,80.1,0,0,0,rain,0,0,22,20.5,207.8,1019.2,54.5,6.3,131.6,11.2,5,10,2024-11-01T06:14:38,2024-11-01T17:19:38,0,Partially cloudy,Becoming cloudy in the afternoon.,partly-cloudy-day,"44454099999,VNKT"
"Kathmandu, Bagmati, Nepal",2024-11-02,24,19,20.5,24,19,20.5,16.6,78.6,0,0,0,rain,0,0,18.4,11.2,219.1,1020.7,89.3,5.5,144.1,12.4,6,10,2024-11-02T06:15:19,2024-11-02T17:18:54,0.03,Partially cloudy,Partly cloudy throughout the day.,partly-cloudy-day,"44454099999,VNKT"
"Kathmandu, Bagmati, Nepal",2024-11-03,25,17,19.8,25,17,19.8,17.3,87,0,0,0,rain,0,0,20.2,14.8,2.1,1021.4,85.1,5.1,165,14.3,6,10,2024-11-03T06:16:02,2024-11-03T17:18:12,0.06,Partially cloudy,Partly cloudy throughout the day.,partly-cloudy-day,"44454099999,VNKT"
"Kathmandu, Bagmati, Nepal",2024-11-04,21,16,17.8,21,16,17.8,15.5,87.3,0,0,0,rain,0,0,18.7,18.4,65.6,1020.9,87.7,6.6,111.1,9.6,5,10,2024-11-04T06:16:44,2024-11-04T17:17:31,0.09,Partially cloudy,Partly cloudy throughout the day.,partly-cloudy-day,"44454099999,VNKT"
"Kathmandu, Bagmati, Nepal",2024-11-05,25,14,18.3,25,14,18.3,13.2,75.5,0.1,100,4.17,rain,0,0,16.9,18.4,154.2,1022.3,61.3,8.3,182.5,15.9,7,10,2024-11-05T06:17:27,2024-11-05T17:16:52,0.13,"Rain, Partially cloudy",Partly cloudy throughout the day with early morning rain.,rain,"44454099999,VNKT"
"Kathmandu, Bagmati, Nepal",2024-11-06,24,13,18,24,13,18,12.9,75.1,0,0,0,,0,0,21.2,18.4,298.3,1022.3,35.2,7.5,204.5,17.6,8,10,2024-11-06T06:18:11,2024-11-06T17:16:13,0.16,Partially cloudy,Becoming cloudy in the afternoon.,partly-cloudy-day,"44454099999,VNKT"
"Kathmandu, Bagmati, Nepal",2024-11-07,24,12.4,18.1,24,12.4,18.1,13,75.2,0,0,0,,0,0,20.5,16.6,277.7,1021.4,28.1,7.9,205,17.6,8,10,2024-11-07T06:18:54,2024-11-07T17:15:37,0.2,Partially cloudy,Partly cloudy throughout the day.,partly-cloudy-day,"44454099999,VNKT,44449099999"
"Kathmandu, Bagmati, Nepal",2024-11-08,23.5,13.8,18.1,23.5,13.8,18.1,14.3,80.2,0,0,0,rain,0,0,23.4,14.8,238.2,1021.3,49.2,7.1,181.5,15.6,6,10,2024-11-08T06:19:38,2024-11-08T17:15:01,0.23,Partially cloudy,Partly cloudy throughout the day.,partly-cloudy-day,"44454099999,VNKT,44449099999"
"Kathmandu, Bagmati, Nepal",2024-11-09,23,14.6,18.3,23,14.6,18.3,14.2,78.2,0,0,0,rain,0,0,15.1,14.8,239.5,1021.4,59.4,6.9,113.1,9.8,4,10,2024-11-09T06:20:23,2024-11-09T17:14:27,0.25,Partially cloudy,Partly cloudy throughout the day.,partly-cloudy-day,"44454099999,VNKT,44449099999"
"Kathmandu, Bagmati, Nepal",2024-11-10,23.7,14.1,18.5,23.7,14.1,18.5,13.7,75.7,0,0,0,rain,0,0,17.3,14.8,250.4,1021.7,58.8,6.9,122.8,10.6,5,10,2024-11-10T06:21:08,2024-11-10T17:13:54,0.3,Partially cloudy,Partly cloudy throughout the day.,partly-cloudy-day,"44454099999,VNKT,44449099999"
"Kathmandu, Bagmati, Nepal",2024-11-11,24,14,18.1,24,14,18.1,13.1,75,0,0,0,rain,0,0,23.8,16.6,262.5,1020.8,44.7,7.6,154.6,13.4,6,10,2024-11-11T06:21:53,2024-11-11T17:13:23,0.34,Partially cloudy,Partly cloudy throughout the day.,partly-cloudy-day,"44454099999,VNKT,remote,44449099999"
"Kathmandu, Bagmati, Nepal",2024-11-12,24,12.6,17.6,24,12.6,17.6,13.2,78.3,0,0,0,rain,0,0,23.8,16.6,247.4,1019.9,35.4,6.5,151.5,13.1,6,10,2024-11-12T06:22:38,2024-11-12T17:12:53,0.37,Partially cloudy,Partly cloudy throughout the day.,partly-cloudy-day,"44454099999,VNKT,44449099999"
"Kathmandu, Bagmati, Nepal",2024-11-13,24,11.5,16.9,24,11.5,16.9,11.3,71.6,0,0,0,rain,0,0,24.5,13,216.7,1018.7,29.9,6,140.6,12.2,5,10,2024-11-13T06:23:24,2024-11-13T17:12:24,0.41,Partially cloudy,Partly cloudy throughout the day.,partly-cloudy-day,"44454099999,VNKT,44449099999"
"Kathmandu, Bagmati, Nepal",2024-11-14,23,13,17.2,23,13,17.2,13.3,80.6,0,0,0,,0,0,25.9,14.8,257.2,1020,41.5,5.7,153.1,13.1,6,10,2024-11-14T06:24:10,2024-11-14T17:11:57,0.44,Partially cloudy,Clearing in the afternoon.,partly-cloudy-day,"44454099999,VNKT,remote,44449099999"
"Kathmandu, Bagmati, Nepal",2024-11-15,23,11.8,16.7,23,11.8,16.7,12.9,80.8,0,0,0,,0,0,24.5,14.8,225.2,1018.9,28.1,5.5,143.4,12.5,6,10,2024-11-15T06:24:56,2024-11-15T17:11:32,0.48,Partially cloudy,Partly cloudy throughout the day.,partly-cloudy-day,"44454099999,VNKT,44449099999"
"Kathmandu, Bagmati, Nepal",2024-11-16,22,12.9,16.6,22,12.9,16.6,13,80.8,0,0,0,,0,0,26.3,13,222.3,1017.9,45.5,5.5,155.3,13.4,6,10,2024-11-16T06:25:42,2024-11-16T17:11:08,0.5,Partially cloudy,Clearing in the afternoon.,partly-cloudy-day,"44454099999,VNKT,44449099999"
"Kathmandu, Bagmati, Nepal",2024-11-17,22,13,16.6,22,13,16.6,12,75.8,0,0,0,rain,0,0,13.7,14.8,204.4,1018.4,51.2,6,182.7,15.7,7,10,2024-11-17T06:26:29,2024-11-17T17:10:45,0.54,Partially cloudy,Partly cloudy throughout the day.,partly-cloudy-day,"44454099999,VNKT,44449099999"
"Kathmandu, Bagmati, Nepal",2024-11-18,22,12,15.8,22,12,15.8,10.6,74.2,0.2,100,8.33,rain,0,0,24.1,13,195.7,1020.2,35.1,6.2,151.3,13,6,10,2024-11-18T06:27:15,2024-11-18T17:10:24,0.58,"Rain, Partially cloudy",Partly cloudy throughout the day with rain in the morning and afternoon.,rain,"44454099999,VNKT"
"Kathmandu, Bagmati, Nepal",2024-11-19,22,10,15.4,22,9.6,15.4,10.2,74.6,0.3,100,12.5,rain,0,0,21.6,13,193,1021.2,29.2,6.9,136.2,11.7,6,10,2024-11-19T06:28:02,2024-11-19T17:10:05,0.61,"Rain, Partially cloudy",Partly cloudy throughout the day with afternoon rain.,rain,VNKT
"Kathmandu, Bagmati, Nepal",2024-11-20,21,10,15,21,9.6,14.9,9.9,74.6,1.7,100,29.17,rain,0,0,20.9,14.8,216.2,1020.3,32.8,7.4,125.3,10.7,5,10,2024-11-20T06:28:49,2024-11-20T17:09:47,0.64,"Rain, Partially cloudy",Partly cloudy throughout the day with rain in the morning and afternoon.,rain,VNKT
"Kathmandu, Bagmati, Nepal",2024-11-21,21,10,15.1,21,9.6,15.1,9.8,73.4,1.3,100,37.5,rain,0,0,20.9,16.6,240.8,1019.3,45.4,7.8,130.9,11.3,5,10,2024-11-21T06:29:36,2024-11-21T17:09:31,0.67,"Rain, Partially cloudy",Becoming cloudy in the afternoon with rain in the morning and afternoon.,rain,"VNKT,remote"
"Kathmandu, Bagmati, Nepal",2024-11-22,20.2,10,14.5,20.2,10,14.5,10.3,77.6,0,0,0,rain,0,0,12.6,16.6,243.1,1019.5,42.1,6.7,117.6,10.3,6,10,2024-11-22T06:30:23,2024-11-22T17:09:16,0.71,Partially cloudy,Partly cloudy throughout the day.,partly-cloudy-day,"44454099999,VNKT,44449099999"
"Kathmandu, Bagmati, Nepal",2024-11-23,20,10,14.3,20,10,14.3,10.3,78.8,0,0,0,rain,0,0,21.6,16.6,245.6,1020,36.7,7.4,105,9.1,5,10,2024-11-23T06:31:10,2024-11-23T17:09:03,0.75,Partially cloudy,Partly cloudy throughout the day.,partly-cloudy-day,"44454099999,VNKT,44449099999"
"Kathmandu, Bagmati, Nepal",2024-11-24,20,9,13.8,20,9,13.8,9.6,78.9,0,0,0,rain,0,0,28.8,20.5,260.2,1019.4,31.5,7,136.4,11.8,6,10,2024-11-24T06:31:57,2024-11-24T17:08:52,0.77,Partially cloudy,Partly cloudy throughout the day.,partly-cloudy-day,"44454099999,VNKT,44449099999"
"Kathmandu, Bagmati, Nepal",2024-11-25,20,8.4,14,20,7.8,14,9,74.3,0,0,0,,0,0,29.2,18.4,217.2,1019.3,42.5,6.7,137.4,11.9,6,10,2024-11-25T06:32:43,2024-11-25T17:08:42,0.8,Partially cloudy,Partly cloudy throughout the day.,partly-cloudy-day,"44454099999,VNKT,44449099999"
"Kathmandu, Bagmati, Nepal",2024-11-26,20,9.6,14.3,20,9.6,14.3,9.5,75.4,0,0,0,rain,0,0,24.1,14.8,214.2,1019.1,36.1,5.3,106.5,9.1,4,10,2024-11-26T06:33:30,2024-11-26T17:08:34,0.84,Partially cloudy,Partly cloudy throughout the day.,partly-cloudy-day,"44454099999,VNKT,44449099999"
"Kathmandu, Bagmati, Nepal",2024-11-27,19.1,8.8,13.7,19.1,8.5,13.7,8.6,72.8,0.2,100,8.33,rain,0,0,23.4,14.7,221.5,1019.1,33.4,5.9,140.7,12,6,10,2024-11-27T06:34:17,2024-11-27T17:08:27,0.87,"Rain, Partially cloudy",Partly cloudy throughout the day with early morning rain.,rain,"44454099999,VNKT,remote,44449099999"
"Kathmandu, Bagmati, Nepal",2024-11-28,20,8.3,13.5,20,8.3,13.5,8.3,73.6,0,0,0,,0,0,21.2,14.8,216.9,1021,29.9,6,152.5,13.3,6,10,2024-11-28T06:35:03,2024-11-28T17:08:22,0.9,Partially cloudy,Partly cloudy throughout the day.,partly-cloudy-day,"44454099999,VNKT,44449099999"
"Kathmandu, Bagmati, Nepal",2024-11-29,20,8.4,13.3,20,8.4,13.3,8.7,75.9,0,0,0,,0,0,24.5,16.5,276.1,1021.8,28.1,6.2,172.5,14.9,7,10,2024-11-29T06:35:49,2024-11-29T17:08:18,0.93,Partially cloudy,Partly cloudy throughout the day.,partly-cloudy-day,"44454099999,VNKT,44449099999"
"Kathmandu, Bagmati, Nepal",2024-11-30,20,7.8,13.2,20,7.8,13.2,8.2,74.5,0,0,0,,0,0,23.4,13,245,1019.5,28.1,6.8,176.5,15.2,7,10,2024-11-30T06:36:35,2024-11-30T17:08:17,0.97,Partially cloudy,Partly cloudy throughout the day.,partly-cloudy-day,"44454099999,VNKT,44449099999"
"Kathmandu, Bagmati, Nepal",2024-12-01,20,8,13.3,20,8,13.3,8.3,74.7,0,0,0,,0,0,25.2,14.8,256.3,1017.5,25.5,6.7,167.7,14.4,7,10,2024-12-01T06:37:20,2024-12-01T17:08:16,0,Partially cloudy,Partly cloudy throughout the day.,partly-cloudy-day,"44454099999,VNKT"
"Kathmandu, Bagmati, Nepal",2024-12-02,20,8,13.3,20,8,13.2,9.1,78.3,0,0,0,,0,0,27.4,20.5,251.4,1017.8,27.6,6.4,163.2,13.9,6,10,2024-12-02T06:38:05,2024-12-02T17:08:18,0.04,Partially cloudy,Partly cloudy throughout the day.,partly-cloudy-day,"44454099999,VNKT,44449099999"
"Kathmandu, Bagmati, Nepal",2024-12-03,20,7.1,12.9,20,7.1,12.8,8.7,77.8,0,0,0,,0,0,27,16.6,275.5,1018.8,34.1,6.6,172.3,14.8,7,10,2024-12-03T06:38:50,2024-12-03T17:08:21,0.07,Partially cloudy,Clearing in the afternoon.,partly-cloudy-day,"44454099999,VNKT,44449099999"
"Kathmandu, Bagmati, Nepal",2024-12-04,21,7,12.9,21,6.2,12.7,6.9,70.8,0,0,0,,0,0,29.2,16.6,254.4,1017.2,27.5,6.8,166,14.3,6,10,2024-12-04T06:39:35,2024-12-04T17:08:25,0.11,Partially cloudy,Partly cloudy throughout the day.,partly-cloudy-day,"44454099999,VNKT,44449099999"
"Kathmandu, Bagmati, Nepal",2024-12-05,19,6.4,12.2,19,6.2,12.1,7.8,76.7,0,0,0,,0,0,28.4,11.2,193,1017,31.6,6.3,154.4,13.5,6,10,2024-12-05T06:40:19,2024-12-05T17:08:32,0.14,Partially cloudy,Partly cloudy throughout the day.,partly-cloudy-day,"44454099999,VNKT,44449099999"
"Kathmandu, Bagmati, Nepal",2024-12-06,19,9.4,12.9,19,9,12.8,9.2,80.6,0,0,0,,0,0,28.8,16.6,223.3,1015.9,47.6,5.4,141.4,12.3,6,10,2024-12-06T06:41:02,2024-12-06T17:08:39,0.18,Partially cloudy,Clearing in the afternoon.,partly-cloudy-day,"44454099999,VNKT,44449099999"
"Kathmandu, Bagmati, Nepal",2024-12-07,19,10,13.2,19,10,13.2,9.2,79,0,0,0,,0,0,26.6,14.8,206.4,1017,57,4.4,147.4,12.7,6,10,2024-12-07T06:41:45,2024-12-07T17:08:49,0.21,Partially cloudy,Clearing in the afternoon.,partly-cloudy-day,"44454099999,VNKT,44449099999"
"Kathmandu, Bagmati, Nepal",2024-12-08,18.3,9,13,18.3,8,12.9,8.3,75.4,0,0,0,rain,0,0,26.6,20.5,202.7,1018,53.5,4.7,163,14.1,6,10,2024-12-08T06:42:27,2024-12-08T17:09:00,0.25,Partially cloudy,Clearing in the afternoon.,partly-cloudy-day,"44454099999,VNKT,44449099999"
"Kathmandu, Bagmati, Nepal",2024-12-09,18,7,11.8,18,6.3,11.7,7.7,79.2,0,0,0,rain,0,0,25.2,16.6,248.9,1017.6,44.6,5.8,133.7,11.5,5,10,2024-12-09T06:43:09,2024-12-09T17:09:12,0.28,Partially cloudy,Partly cloudy throughout the day.,partly-cloudy-day,"44454099999,VNKT,remote,44449099999"
"Kathmandu, Bagmati, Nepal",2024-12-10,17,6.1,11.1,17,6.1,10.9,4.7,68.7,0,0,0,,0,0,27,13,219.6,1017.3,31.6,6,161.8,14,6,10,2024-12-10T06:43:49,2024-12-10T17:09:26,0.32,Partially cloudy,Clearing in the afternoon.,partly-cloudy-day,"44454099999,VNKT,44449099999"
"Kathmandu, Bagmati, Nepal",2024-12-11,19,4.4,10.5,19,4,10.4,4.5,70.1,0,0,0,,0,0,27.4,16.6,202.6,1018.8,28.1,5.8,176.5,15.3,7,10,2024-12-11T06:44:30,2024-12-11T17:09:41,0.35,Partially cloudy,Partly cloudy throughout the day.,partly-cloudy-day,"44454099999,VNKT,44449099999"
"Kathmandu, Bagmati, Nepal",2024-12-12,19,4,10.4,19,2.8,10.1,5.4,74.3,0,0,0,,0,0,28.8,16.5,257.5,1018,28.1,5.8,176.2,15.1,7,10,2024-12-12T06:45:09,2024-12-12T17:09:58,0.39,Partially cloudy,Partly cloudy throughout the day.,partly-cloudy-day,"44454099999,VNKT,44449099999"
"Kathmandu, Bagmati, Nepal",2024-12-13,19,3.6,10.5,19,2.8,10.2,3,64.9,0,0,0,,0,0,29.5,16.6,284,1018,33,6.8,179.7,15.5,7,10,2024-12-13T06:45:48,2024-12-13T17:10:17,0.43,Partially cloudy,Clearing in the afternoon.,partly-cloudy-day,"44454099999,VNKT,44449099999"
"Kathmandu, Bagmati, Nepal",2024-12-14,18,3,9.8,18,0.9,9.3,2.5,63.5,0,0,0,,0,0,23.8,13,118.2,1020.1,28,6.9,163.5,14.1,6,10,2024-12-14T06:46:25,2024-12-14T17:10:37,0.46,Partially cloudy,Partly cloudy throughout the day.,partly-cloudy-day,"44454099999,VNKT,44449099999"
"Kathmandu, Bagmati, Nepal",2024-12-15,19,4,10.8,19,4,10.7,5.9,76.5,0,0,0,,0,0,19.8,9.3,88.3,1022.8,28.1,6,172.1,14.9,7,10,2024-12-15T06:47:02,2024-12-15T17:10:58,0.5,Partially cloudy,Partly cloudy throughout the day.,partly-cloudy-day,"44454099999,VNKT,44449099999"
"Kathmandu, Bagmati, Nepal",2024-12-16,21,5.3,11.9,21,5.1,11.6,5.1,67.9,0,0,0,,0,0,24.1,11.2,196.8,1021.5,28.1,6.1,173.8,15,7,10,2024-12-16T06:47:38,2024-12-16T17:11:21,0.53,Partially cloudy,Partly cloudy throughout the day.,partly-cloudy-day,"44454099999,VNKT,44449099999"
"Kathmandu, Bagmati, Nepal",2024-12-17,20,5.3,11.7,20,5.1,11.5,5.3,68.5,0,0,0,,0,0,25.9,14.8,241.3,1020.3,28.1,6.5,173.2,14.9,7,10,2024-12-17T06:48:13,2024-12-17T17:11:45,0.56,Partially cloudy,Partly cloudy throughout the day.,partly-cloudy-day,"44454099999,VNKT,44449099999"
"Kathmandu, Bagmati, Nepal",2024-12-18,19,5,11.6,19,4.5,11.4,5.9,71.4,0,0,0,,0,0,27.4,18.4,245.5,1019.2,27.3,6.6,175.8,15.1,7,10,2024-12-18T06:48:47,2024-12-18T17:12:10,0.59,Partially cloudy,Partly cloudy throughout the day.,partly-cloudy-day,"44454099999,VNKT,44449099999"
"Kathmandu, Bagmati, Nepal",2024-12-19,18,5.3,11,18,4.3,10.9,6.2,74.7,0,0,0,,0,0,25.6,14.8,185.4,1020.1,30.8,6.3,159.3,13.8,6,10,2024-12-19T06:49:20,2024-12-19T17:12:37,0.62,Partially cloudy,Partly cloudy throughout the day.,partly-cloudy-day,"44454099999,VNKT,44449099999"
"Kathmandu, Bagmati, Nepal",2024-12-20,19,5.4,11.2,19,5.1,11.1,6.3,75.6,0,0,0,,0,0,26.3,9.4,166.1,1018.4,26.9,7.1,173.2,14.9,7,10,2024-12-20T06:49:52,2024-12-20T17:13:05,0.66,Partially cloudy,Partly cloudy throughout the day.,partly-cloudy-day,"44454099999,VNKT,remote,44449099999"
"Kathmandu, Bagmati, Nepal",2024-12-21,18,4.3,10.6,18,3.3,10.4,5.4,72.8,0,0,0,,0,0,25.2,14.8,237.2,1018.5,28.1,6.4,158.8,13.6,7,10,2024-12-21T06:50:23,2024-12-21T17:13:34,0.69,Partially cloudy,Partly cloudy throughout the day.,partly-cloudy-day,"44454099999,VNKT,44449099999"
"Kathmandu, Bagmati, Nepal",2024-12-22,17,5,10.5,17,2.9,10.3,6.3,77.9,0,0,0,,0,0,29.5,16.6,220.8,1019.6,28.1,6.5,164.2,14.1,6,10,2024-12-22T06:50:52,2024-12-22T17:14:04,0.72,Partially cloudy,Partly cloudy throughout the day.,partly-cloudy-day,"44454099999,VNKT,44449099999"
"Kathmandu, Bagmati, Nepal",2024-12-23,17.1,5,10.6,17.1,4,10.4,5.8,75.2,0,0,0,,0,0,26.3,11.2,133.2,1020,28.1,5.8,161,13.8,7,10,2024-12-23T06:51:21,2024-12-23T17:14:36,0.75,Partially cloudy,Partly cloudy throughout the day.,partly-cloudy-day,"44454099999,VNKT,44449099999"
"Kathmandu, Bagmati, Nepal",2024-12-24,17,4.9,10.6,17,4.9,10.4,5.8,75.8,0,0,0,,0,0,23.4,17.7,210.7,1020.3,50.8,5.5,155.1,13.5,6,10,2024-12-24T06:51:48,2024-12-24T17:15:09,0.79,Partially cloudy,Partly cloudy throughout the day.,partly-cloudy-day,"44454099999,VNKT,44449099999"
"Kathmandu, Bagmati, Nepal",2024-12-25,19,7.7,12.4,19,7.4,12.2,6.1,69.6,0,0,0,,0,0,25.2,16.5,317.5,1021.5,52.2,6.3,127.1,10.9,5,10,2024-12-25T06:52:14,2024-12-25T17:15:43,0.82,Partially cloudy,Partly cloudy throughout the day.,partly-cloudy-day,"44454099999,VNKT,44449099999"
"Kathmandu, Bagmati, Nepal",2024-12-26,19,5,11,19,4,10.8,4.7,68.9,0,0,0,,0,0,31,14.8,267.7,1024,28.1,6.8,174.7,15.1,7,10,2024-12-26T06:52:38,2024-12-26T17:16:18,0.85,Partially cloudy,Partly cloudy throughout the day.,partly-cloudy-day,"44454099999,VNKT,44449099999"
"Kathmandu, Bagmati, Nepal",2024-12-27,20,4.4,11.3,20,4.4,11.2,5.5,70.8,0,0,0,,0,0,23,11.9,157.4,1024.1,28.1,6,175.9,15.3,7,10,2024-12-27T06:53:02,2024-12-27T17:16:54,0.88,Partially cloudy,Partly cloudy throughout the day.,partly-cloudy-day,"44454099999,VNKT,44449099999"
"Kathmandu, Bagmati, Nepal",2024-12-28,16,6.4,10.8,16,5.5,10.7,6.8,77.9,0,0,0,,0,0,23.4,7.6,131.2,1023.8,72.5,4.4,67.2,5.8,3,10,2024-12-28T06:53:24,2024-12-28T17:17:31,0.91,Partially cloudy,Partly cloudy throughout the day.,partly-cloudy-day,"44454099999,VNKT,44449099999"
"Kathmandu, Bagmati, Nepal",2024-12-29,20,6.8,12.6,20,6,12.5,6.2,69.4,0,0,0,,0,0,24.5,18.3,249.9,1021.4,44.9,5.3,137.5,11.9,6,10,2024-12-29T06:53:44,2024-12-29T17:18:09,0.95,Partially cloudy,Partly cloudy throughout the day.,partly-cloudy-day,"44454099999,VNKT,44449099999"
"Kathmandu, Bagmati, Nepal",2024-12-30,18,5.4,11.3,18,4.4,11.1,5.9,72.3,0,0,0,,0,0,22,13,202.3,1020.5,28.1,6.6,150.8,13,6,10,2024-12-30T06:54:04,2024-12-30T17:18:48,0.98,Partially cloudy,Partly cloudy throughout the day.,partly-cloudy-day,"44454099999,VNKT,44449099999"
"Kathmandu, Bagmati, Nepal",2024-12-31,18,6,11.3,18,4.5,11.2,6.7,76.3,0,0,0,rain,0,0,24.1,16.6,270.3,1021.7,29,5.8,155.8,13.6,6,10,2024-12-31T06:54:21,2024-12-31T17:19:28,0,Partially cloudy,Partly cloudy throughout the day.,partly-cloudy-day,"44454099999,VNKT,44449099999"
"Kathmandu, Bagmati, Nepal",2025-01-01,19,6,11.5,19,6,11.4,6.7,74.8,0,0,0,,0,0,23.4,14.8,191.3,1019.3,28.5,6,161.4,13.9,6,10,2025-01-01T06:54:38,2025-01-01T17:20:09,0.05,Partially cloudy,Partly cloudy throughout the day.,partly-cloudy-day,"44454099999,VNKT,44449099999"
"Kathmandu, Bagmati, Nepal",2025-01-02,18.4,5.8,11.7,18.4,4.8,11.6,6.8,74.6,0,0,0,,0,0,22.3,13,167.7,1019.5,28.1,6,176.8,15.4,7,10,2025-01-02T06:54:53,2025-01-02T17:20:50,0.08,Partially cloudy,Partly cloudy throughout the day.,partly-cloudy-day,"44454099999,VNKT,44449099999"
"Kathmandu, Bagmati, Nepal",2025-01-03,20,6.3,12.2,20,6.2,12.2,6.7,71.9,0,0,0,,0,0,24.1,14.8,252.6,1020.5,44.7,7.2,172,14.9,7,10,2025-01-03T06:55:06,2025-01-03T17:21:32,0.12,Partially cloudy,Partly cloudy throughout the day.,partly-cloudy-day,"44454099999,VNKT,remote,44449099999"
"Kathmandu, Bagmati, Nepal",2025-01-04,20,6.3,12.5,20,5.4,12.4,7.4,74.2,0,0,0,,0,0,23,13,202.3,1020.1,28.1,6.5,178.7,15.5,7,10,2025-01-04T06:55:18,2025-01-04T17:22:15,0.15,Partially cloudy,Partly cloudy throughout the day.,partly-cloudy-day,"44454099999,VNKT,44449099999"
"Kathmandu, Bagmati, Nepal",2025-01-05,17,7,11.1,17,7,11.1,9.1,89.7,0,0,0,,0,0,23,9.3,198.2,1021.3,68,5,131.3,11.1,5,10,2025-01-05T06:55:29,2025-01-05T17:22:59,0.19,Partially cloudy,Partly cloudy throughout the day.,partly-cloudy-day,"44454099999,VNKT,44449099999"
"Kathmandu, Bagmati, Nepal",2025-01-06,20,8,12.5,20,7.4,12.4,8.6,80.5,0,0,0,,0,0,25.9,14.8,252.5,1019.8,52.9,5.4,173.9,15,7,10,2025-01-06T06:55:38,2025-01-06T17:23:43,0.23,Partially cloudy,Clearing in the afternoon.,partly-cloudy-day,"44454099999,VNKT,44449099999"
"Kathmandu, Bagmati, Nepal",2025-01-07,17,8.7,11.8,17,8.2,11.7,7.8,78.4,0,0,0,rain,0,0,28.4,16.6,247.9,1016.7,54.6,142.7,116.1,10,5,10,2025-01-07T06:55:45,2025-01-07T17:24:28,0.25,Partially cloudy,Partly cloudy throughout the day.,partly-cloudy-day,"44454099999,VNKT,remote,44449099999"
"Kathmandu, Bagmati, Nepal",2025-01-08,18,6,11.1,18,5.1,11,6.7,77.1,0,0,0,,0,0,23.4,11.2,246.6,1015.7,36.7,7.2,145.8,12.5,6,10,2025-01-08T06:55:51,2025-01-08T17:25:14,0.3,Partially cloudy,Partly cloudy throughout the day.,partly-cloudy-day,"44454099999,VNKT,remote,44449099999"
"Kathmandu, Bagmati, Nepal",2025-01-09,18,5,10.3,18,4,10.2,6.2,78,0,0,0,,0,0,26.3,13,211.4,1019,32.2,6,134.4,11.7,6,10,2025-01-09T06:55:56,2025-01-09T17:26:00,0.33,Partially cloudy,Partly cloudy throughout the day.,partly-cloudy-day,"44454099999,VNKT,44449099999"
"Kathmandu, Bagmati, Nepal",2025-01-10,17.4,5,10.6,17.4,4,10.4,5,72.2,0,0,0,,0,0,23.4,11.2,201,1022.7,28,6.6,153.4,13.4,6,10,2025-01-10T06:55:59,2025-01-10T17:26:46,0.37,Partially cloudy,Partly cloudy throughout the day.,partly-cloudy-day,"44454099999,VNKT,44449099999"
"Kathmandu, Bagmati, Nepal",2025-01-11,19,5,11.3,19,4,11.2,5.1,69.8,0,0,0,,0,0,24.1,11.1,185.7,1023.7,28.1,6.6,182.5,15.7,7,10,2025-01-11T06:56:00,2025-01-11T17:27:33,0.4,Partially cloudy,Partly cloudy throughout the day.,partly-cloudy-day,"44454099999,VNKT,44449099999"
"Kathmandu, Bagmati, Nepal",2025-01-12,19,5,11,19,4,10.9,6.1,74.3,0,0,0,,0,0,23,18.3,197.7,1023,48,6.3,145.9,12.5,6,10,2025-01-12T06:56:00,2025-01-12T17:28:20,0.44,Partially cloudy,Partly cloudy throughout the day.,partly-cloudy-day,"44454099999,VNKT,44449099999"
"Kathmandu, Bagmati, Nepal",2025-01-13,18,5.4,11,18,5.1,11,5.6,71.9,0,0,0,,0,0,28.4,16.6,284,1019.8,28.7,6.3,177.5,15.2,7,10,2025-01-13T06:55:58,2025-01-13T17:29:08,0.48,Partially cloudy,Partly cloudy throughout the day.,partly-cloudy-day,"44454099999,VNKT,44449099999"
"Kathmandu, Bagmati, Nepal",2025-01-14,18,5.3,10.9,18,4.3,10.7,5.9,74,0,0,0,,0,0,27.7,16.6,250.1,1021.5,28.1,5.8,181,15.6,7,10,2025-01-14T06:55:54,2025-01-14T17:29:56,0.5,Partially cloudy,Partly cloudy throughout the day.,partly-cloudy-day,"44454099999,VNKT,44449099999"
"Kathmandu, Bagmati, Nepal",2025-01-15,18.4,5.3,11.3,18.4,5.1,11.2,6.4,75.2,0,0,0,,0,0,23.4,14.8,223.7,1023.3,40.6,6,170.2,14.6,6,10,2025-01-15T06:55:49,2025-01-15T17:30:44,0.54,Partially cloudy,Partly cloudy throughout the day.,partly-cloudy-day,"44454099999,VNKT,44449099999"
"Kathmandu, Bagmati, Nepal",2025-01-16,19,8,12.1,19,7.4,12,7,73.8,0,0,0,,0,0,24.5,13,190.1,1023.3,84.7,5.8,173.9,14.9,7,10,2025-01-16T06:55:43,2025-01-16T17:31:33,0.57,Partially cloudy,Partly cloudy throughout the day.,partly-cloudy-day,"44454099999,VNKT,44449099999"
"Kathmandu, Bagmati, Nepal",2025-01-17,19,6.6,11.9,19,6.2,11.8,5.7,70.4,0,0,0,,0,0,28.1,18.4,266.3,1021.8,65.5,6.2,182.8,15.9,7,10,2025-01-17T06:55:35,2025-01-17T17:32:21,0.61,Partially cloudy,Partly cloudy throughout the day.,partly-cloudy-day,"44454099999,VNKT,44449099999"
"Kathmandu, Bagmati, Nepal",2025-01-18,19.3,4.6,11.3,19.3,4,11,4.2,65.4,0,0,0,,0,0,27.7,14.8,218.8,1020.1,28.1,6.7,190,16.4,7,10,2025-01-18T06:55:25,2025-01-18T17:33:10,0.64,Partially cloudy,Partly cloudy throughout the day.,partly-cloudy-day,"44454099999,VNKT,44449099999"
"Kathmandu, Bagmati, Nepal",2025-01-19,22,5,12.4,22,4,12.2,4.6,63,0,0,0,,0,0,29.5,16.6,206.2,1018,28.1,6.5,189.8,16.3,7,10,2025-01-19T06:55:14,2025-01-19T17:33:59,0.67,Partially cloudy,Partly cloudy throughout the day.,partly-cloudy-day,"44454099999,VNKT,44449099999"
"Kathmandu, Bagmati, Nepal",2025-01-20,23,6,13.2,23,4.5,13.1,5.6,63.8,0,0,0,,0,0,30.2,11.2,74.2,1015.9,28.1,5.9,189.6,16.4,7,10,2025-01-20T06:55:01,2025-01-20T17:34:48,0.7,Partially cloudy,Partly cloudy throughout the day.,partly-cloudy-day,"44454099999,VNKT,44449099999"
"Kathmandu, Bagmati, Nepal",2025-01-21,24,6,14.2,24,6,14.1,5.2,59.3,0,0,0,,0,0,31.3,13,337,1015.4,28.1,6.6,192.2,16.5,7,10,2025-01-21T06:54:46,2025-01-21T17:35:37,0.73,Partially cloudy,Partly cloudy throughout the day.,partly-cloudy-day,"44454099999,VNKT,44449099999"
"Kathmandu, Bagmati, Nepal",2025-01-22,25,6.8,14.8,25,6,14.7,3.6,53.9,0,0,0,,0,0,31,20.5,315.7,1016.8,28.1,7,188.9,16.4,7,10,2025-01-22T06:54:31,2025-01-22T17:36:26,0.75,Partially cloudy,Partly cloudy throughout the day.,partly-cloudy-day,"44454099999,VNKT,44449099999"
"Kathmandu, Bagmati, Nepal",2025-01-23,24,6.5,14.4,24,5.6,14.2,2.7,50.2,0,0,0,,0,0,31.7,22.3,289.2,1016.8,29.5,8,193.4,16.6,7,10,2025-01-23T06:54:13,2025-01-23T17:37:15,0.8,Partially cloudy,Partly cloudy throughout the day.,partly-cloudy-day,"44454099999,VNKT,remote,44449099999"
"Kathmandu, Bagmati, Nepal",2025-01-24,20,6.8,12.9,20,6.8,12.7,3.7,56.3,0,0,0,,0,0,37.4,22.3,297.9,1015.4,28,7.3,193,16.6,7,10,2025-01-24T06:53:54,2025-01-24T17:38:04,0.83,Partially cloudy,Partly cloudy throughout the day.,partly-cloudy-day,"44454099999,VNKT,44449099999"
"Kathmandu, Bagmati, Nepal",2025-01-25,20,5,11.7,20,4,11.5,4.8,65.4,0,0,0,,0,0,31,16.6,207.5,1015.3,28.1,6.2,164.9,14.3,7,10,2025-01-25T06:53:34,2025-01-25T17:38:53,0.86,Partially cloudy,Partly cloudy throughout the day.,partly-cloudy-day,"44454099999,VNKT,44449099999"
"Kathmandu, Bagmati, Nepal",2025-01-26,18,8,12.6,18,6.8,12.4,7.5,72.6,0,0,0,,0,0,23.8,16.6,139.7,1017.2,54.3,5.5,96.5,8.3,4,10,2025-01-26T06:53:12,2025-01-26T17:39:42,0.9,Partially cloudy,Partly cloudy throughout the day.,partly-cloudy-day,"44454099999,VNKT,44449099999"
"Kathmandu, Bagmati, Nepal",2025-01-27,20,6.5,12.4,20,6.5,12.4,7.5,75.1,0,0,0,,0,0,22,14.8,190.2,1015.3,28.1,5,148.6,13,6,10,2025-01-27T06:52:48,2025-01-27T17:40:31,0.93,Partially cloudy,Partly cloudy throughout the day.,partly-cloudy-day,"44454099999,VNKT,44449099999"
"Kathmandu, Bagmati, Nepal",2025-01-28,19,7.1,12.7,19,7.1,12.7,7.7,74.3,0,0,0,rain,0,0,21.6,18.4,188.7,1016.1,53.8,5.3,143.6,12.4,6,10,2025-01-28T06:52:23,2025-01-28T17:41:19,0.96,Partially cloudy,Partly cloudy throughout the day.,partly-cloudy-day,"44454099999,VNKT,44449099999"
"Kathmandu, Bagmati, Nepal",2025-01-29,19.6,9,13.5,19.6,8.5,13.5,8.5,73.2,0,0,0,rain,0,0,28.8,16.6,234.1,1019,42.6,5.5,135.5,11.8,6,10,2025-01-29T06:51:57,2025-01-29T17:42:08,0,Partially cloudy,Partly cloudy throughout the day.,partly-cloudy-day,"44454099999,VNKT,44449099999"
"Kathmandu, Bagmati, Nepal",2025-01-30,19.6,9.5,13.5,19.6,9.5,13.5,8.7,75.5,0,0,0,,0,0,32.8,14.8,260,1014.7,44.4,5.6,183.9,15.9,7,10,2025-01-30T06:51:29,2025-01-30T17:42:56,0.03,Partially cloudy,Clearing in the afternoon.,partly-cloudy-day,"44454099999,VNKT,44449099999"
"Kathmandu, Bagmati, Nepal",2025-01-31,21,7,12.9,21,6.2,12.8,7,70.8,0,0,0,,0,0,31,20.5,279.2,1014.7,29,5.5,199.6,17.3,7,10,2025-01-31T06:51:00,2025-01-31T17:43:44,0.06,Partially cloudy,Partly cloudy throughout the day.,partly-cloudy-day,"44454099999,VNKT,44449099999"
"Kathmandu, Bagmati, Nepal",2025-02-01,21,6,12.7,21,5.1,12.5,6.2,68.4,0,0,0,,0,0,35.6,16.6,304.8,1016.8,28,6,205.3,17.7,8,10,2025-02-01T06:50:29,2025-02-01T17:44:31,0.1,Partially cloudy,Partly cloudy throughout the day.,partly-cloudy-day,"44454099999,VNKT,44449099999"
"Kathmandu, Bagmati, Nepal",2025-02-02,22,5,12.7,22,4,12.5,2,53.1,0,0,0,,0,0,34.9,14.8,338.2,1016.7,28.1,7,213.6,18.5,8,10,2025-02-02T06:49:57,2025-02-02T17:45:19,0.13,Partially cloudy,Partly cloudy throughout the day.,partly-cloudy-day,"44454099999,VNKT,44449099999"
"Kathmandu, Bagmati, Nepal",2025-02-03,21,5,12.7,21,4,12.4,4.7,61.8,0,0,0,,0,0,30.2,16.6,221,1016.5,28.1,6.2,210.9,18.3,7,10,2025-02-03T06:49:23,2025-02-03T17:46:06,0.17,Partially cloudy,Partly cloudy throughout the day.,partly-cloudy-day,"44454099999,VNKT,44449099999"
"Kathmandu, Bagmati, Nepal",2025-02-04,22,7,13.7,22,5.6,13.5,7.3,69,0,0,0,,0,0,32,14.8,322.5,1017.7,33.4,5.6,194.7,16.9,8,10,2025-02-04T06:48:49,2025-02-04T17:46:53,0.2,Partially cloudy,Partly cloudy throughout the day.,partly-cloudy-day,"44454099999,VNKT,44449099999"
"Kathmandu, Bagmati, Nepal",2025-02-05,23.3,9,15.7,23.3,8.5,15.7,6.4,58.7,0,0,0,,0,0,47.9,27.7,291.8,1015.9,35,7,210,18.4,8,10,2025-02-05T06:48:12,2025-02-05T17:47:39,0.25,Partially cloudy,Clearing in the afternoon.,partly-cloudy-day,"44454099999,VNKT,44449099999"
"Kathmandu, Bagmati, Nepal",2025-02-06,23,7.7,14.6,23,6.4,14.5,4.4,55.1,0,0,0,,0,0,36,22.3,324.7,1016,27.6,6.9,218.1,18.8,8,10,2025-02-06T06:47:35,2025-02-06T17:48:25,0.28,Partially cloudy,Partly cloudy throughout the day.,partly-cloudy-day,"44454099999,VNKT,44449099999"
"Kathmandu, Bagmati, Nepal",2025-02-07,23,5.8,13.5,23,4.8,13.3,0.2,46.4,0,0,0,,0,0,32,20.5,326.5,1016.3,28.1,7.2,222.7,19.4,8,10,2025-02-07T06:46:56,2025-02-07T17:49:11,0.31,Partially cloudy,Partly cloudy throughout the day.,partly-cloudy-day,"44454099999,VNKT,44449099999"
"Kathmandu, Bagmati, Nepal",2025-02-08,20.1,5,12.2,20.1,3.3,12,3.6,58.4,0,0,0,,0,0,27.7,22.3,207.1,1016.8,32.6,6.8,199.5,17.2,8,10,2025-02-08T06:46:17,2025-02-08T17:49:57,0.35,Partially cloudy,Partly cloudy throughout the day.,partly-cloudy-day,"44454099999,VNKT,remote,44449099999"
"Kathmandu, Bagmati, Nepal",2025-02-09,20,9,13.8,20,9,13.7,7.8,69.8,0,0,0,,0,0,32,16.5,232.3,1017.1,46.2,4.8,162.1,13.9,7,10,2025-02-09T06:45:35,2025-02-09T17:50:42,0.38,Partially cloudy,Partly cloudy throughout the day.,partly-cloudy-day,"44454099999,VNKT,44449099999"
"Kathmandu, Bagmati, Nepal",2025-02-10,21.1,7.7,13.7,21.1,7.7,13.7,8,72.5,0,0,0,,0,0,38.2,22.3,256.7,1017.2,28,4.7,183.1,15.9,7,10,2025-02-10T06:44:53,2025-02-10T17:51:26,0.42,Partially cloudy,Partly cloudy throughout the day.,partly-cloudy-day,"44454099999,VNKT,44449099999"
"Kathmandu, Bagmati, Nepal",2025-02-11,21,7.4,13.3,21,7.4,13.3,7.5,65.6,0,0,0,,0,0,38.9,25.9,288.8,1015.3,33.1,9.5,210,18.3,8,10,2025-02-11T06:44:10,2025-02-11T17:52:11,0.45,Partially cloudy,Partly cloudy throughout the day.,partly-cloudy-day,"44454099999,VNKT,remote,44449099999"
"Kathmandu, Bagmati, Nepal",2025-02-12,20,7.8,13.4,20,7.4,13.4,6.1,62.3,0,0,0,,0,0,36,25.9,193.5,1015.3,33.1,5.9,181.8,15.6,7,10,2025-02-12T06:43:25,2025-02-12T17:52:54,0.5,Partially cloudy,Becoming cloudy in the afternoon.,partly-cloudy-day,"44454099999,VNKT,44449099999"
"Kathmandu, Bagmati, Nepal",2025-02-13,20.2,6.9,13.1,20.2,6.2,12.9,6,66.1,0,0,0,,0,0,35.3,18.4,198.8,1014.3,29.9,5.9,197.6,17.1,8,10,2025-02-13T06:42:39,2025-02-13T17:53:38,0.52,Partially cloudy,Partly cloudy throughout the day.,partly-cloudy-day,"44454099999,VNKT,44449099999"
"Kathmandu, Bagmati, Nepal",2025-02-14,19.5,7.3,12.4,19.5,6.5,12.3,7.8,75.7,0,0,0,,0,0,29.9,24.1,197.2,1013.1,34.3,5,184,15.9,8,10,2025-02-14T06:41:52,2025-02-14T17:54:21,0.55,Partially cloudy,Partly cloudy throughout the day.,partly-cloudy-day,"44454099999,VNKT,44449099999"
"Kathmandu, Bagmati, Nepal",2025-02-15,16,7.6,11.9,16,6.9,11.8,7,73.1,0,0,0,,0,0,28.4,11.2,198.1,1015.2,70.8,5.1,120.8,10.5,5,10,2025-02-15T06:41:04,2025-02-15T17:55:04,0.59,Partially cloudy,Partly cloudy throughout the day.,partly-cloudy-day,"44454099999,VNKT,44449099999"
"Kathmandu, Bagmati, Nepal",2025-02-16,19.2,7.6,12.8,19.2,7.6,12.8,7.8,74.5,0,0,0,,0,0,28.8,18.4,209.5,1016.3,42.5,5.1,189.3,16.5,8,10,2025-02-16T06:40:15,2025-02-16T17:55:46,0.62,Partially cloudy,Partly cloudy throughout the day.,partly-cloudy-day,"44454099999,VNKT,44449099999"
"Kathmandu, Bagmati, Nepal",2025-02-17,19.5,8.6,13.3,19.5,8.5,13.3,8.6,75.3,0,0,0,,0,0,27.7,20.5,220.4,1019.5,45.8,4.8,170.7,14.8,6,10,2025-02-17T06:39:25,2025-02-17T17:56:28,0.65,Partially cloudy,Partly cloudy throughout the day.,partly-cloudy-day,"44454099999,VNKT,44449099999"
"Kathmandu, Bagmati, Nepal",2025-02-18,20,8.4,13.5,20,8.4,13.5,8.7,75,0,0,0,,0,0,28.8,24.1,214.9,1018.4,45.9,5.3,160.1,13.8,6,10,2025-02-18T06:38:34,2025-02-18T17:57:09,0.68,Partially cloudy,Partly cloudy throughout the day.,partly-cloudy-day,"44454099999,VNKT,44449099999"
"Kathmandu, Bagmati, Nepal",2025-02-19,20.2,8,13.9,20.2,7.4,13.9,7.8,69.5,0,0,0,,0,0,30.2,12.9,226,1017.7,40.4,5.4,207.8,18,8,10,2025-02-19T06:37:42,2025-02-19T17:57:50,0.72,Partially cloudy,Partly cloudy throughout the day.,partly-cloudy-day,"44454099999,VNKT,44449099999"
"Kathmandu, Bagmati, Nepal",2025-02-20,21,8.7,14.4,21,8.7,14.4,8.2,68.3,0,0,0,,0,0,29.5,24.1,240.8,1020.1,56.1,5.2,202.1,17.5,8,10,2025-02-20T06:36:49,2025-02-20T17:58:31,0.75,Partially cloudy,Partly cloudy throughout the day.,partly-cloudy-day,"44454099999,VNKT,44449099999"
"Kathmandu, Bagmati, Nepal",2025-02-21,21,8.8,14.4,21,8.5,14.4,7.7,67.4,0,0,0,,0,0,36.4,22.3,285.2,1019.8,40.4,6.8,215.5,18.5,8,10,2025-02-21T06:35:55,2025-02-21T17:59:11,0.78,Partially cloudy,Becoming cloudy in the afternoon.,partly-cloudy-day,"44454099999,VNKT,remote,44449099999"
"Kathmandu, Bagmati, Nepal",2025-02-22,22,8,14.5,22,7.4,14.4,5.9,61.4,0,0,0,,0,0,32.4,18.4,276.7,1019.8,29,6.5,216.9,18.7,8,10,2025-02-22T06:35:01,2025-02-22T17:59:51,0.81,Partially cloudy,Partly cloudy throughout the day.,partly-cloudy-day,"44454099999,VNKT,44449099999"
"Kathmandu, Bagmati, Nepal",2025-02-23,20.1,9,14.2,20.1,8.7,14.1,5.8,59.8,0,0,0,,0,0,27.7,22.3,195.4,1021,43,6.5,191.1,16.6,8,10,2025-02-23T06:34:05,2025-02-23T18:00:30,0.85,Partially cloudy,Partly cloudy throughout the day.,partly-cloudy-day,"44454099999,VNKT,44449099999"
"Kathmandu, Bagmati, Nepal",2025-02-24,20,8.6,14.1,20,8,14,8.1,70.2,0,0,0,rain,0,0,28.8,26.5,239.1,1021.6,39.9,5.5,193.4,16.8,8,10,2025-02-24T06:33:09,2025-02-24T18:01:09,0.88,Partially cloudy,Partly cloudy throughout the day.,partly-cloudy-day,"44454099999,VNKT,44449099999"
"Kathmandu, Bagmati, Nepal",2025-02-25,21,9,14.5,21,8.5,14.5,9,71.7,0,0,0,,0,0,32.4,22.3,220.9,1022.9,48.5,5.8,211.2,18.2,8,10,2025-02-25T06:32:11,2025-02-25T18:01:47,0.91,Partially cloudy,Partly cloudy throughout the day.,partly-cloudy-day,"44454099999,VNKT,44449099999"
"Kathmandu, Bagmati, Nepal",2025-02-26,21,9.6,15,21,9.6,15,9.4,71.7,0,0,0,,0,0,30.2,18.4,230.2,1023.3,51.1,5.4,229.5,19.8,8,10,2025-02-26T06:31:13,2025-02-26T18:02:26,0.94,Partially cloudy,Becoming cloudy in the afternoon.,partly-cloudy-day,"44454099999,VNKT,44449099999"
"Kathmandu, Bagmati, Nepal",2025-02-27,22,11,15.6,22,11,15.6,10.5,73.5,0,0,0,,0,0,22.7,22.3,222.1,1020.6,65.6,5.2,132.3,11.2,5,10,2025-02-27T06:30:15,2025-02-27T18:03:03,0.98,Partially cloudy,Partly cloudy throughout the day.,partly-cloudy-day,"44454099999,VNKT,44449099999"
"Kathmandu, Bagmati, Nepal",2025-02-28,20,10.3,14.8,20,10.3,14.8,10.6,78.5,1.5,100,20.83,rain,0,0,49,14.7,351.4,1020.3,84.9,5.1,92.8,8.1,4,10,2025-02-28T06:29:15,2025-02-28T18:03:41,0,"Rain, Partially cloudy",Partly cloudy throughout the day with late afternoon rain.,rain,"44454099999,VNKT,44449099999"
"Kathmandu, Bagmati, Nepal",2025-03-01,22,11,14.5,22,11,14.5,10.3,79.2,4,100,8.33,rain,0,0,49.7,16.6,3.8,1018.7,65.9,7.4,216.1,18.8,9,10,2025-03-01T06:28:15,2025-03-01T18:04:18,0.04,"Rain, Partially cloudy",Partly cloudy throughout the day with rain.,rain,"44454099999,VNKT,44449099999"
"Kathmandu, Bagmati, Nepal",2025-03-02,23.4,7,15.1,23.4,5.6,15,7.5,67.5,0,0,0,,0,0,32.8,18.3,247.7,1013.9,28.1,7.5,258.5,22.2,9,10,2025-03-02T06:27:15,2025-03-02T18:04:54,0.08,Partially cloudy,Partly cloudy throughout the day.,partly-cloudy-day,"44454099999,VNKT,44449099999"
"Kathmandu, Bagmati, Nepal",2025-03-03,24,9.2,16.2,24,7.8,16.1,8.7,64.6,0,0,0,,0,0,33.5,16.6,257.1,1014.3,27.1,8.4,253.1,21.9,9,10,2025-03-03T06:26:13,2025-03-03T18:05:31,0.11,Partially cloudy,Partly cloudy throughout the day.,partly-cloudy-day,"44454099999,VNKT,remote,44449099999"
"Kathmandu, Bagmati, Nepal",2025-03-04,24,9.9,16.7,24,9.5,16.7,7.6,59.3,0,0,0,,0,0,43.9,20.5,286.7,1014.3,28.1,7.5,242.8,21.1,9,10,2025-03-04T06:25:11,2025-03-04T18:06:07,0.15,Partially cloudy,Partly cloudy throughout the day.,partly-cloudy-day,"44454099999,VNKT,44449099999"
"Kathmandu, Bagmati, Nepal",2025-03-05,23,10,16,23,10,16,8.5,63.9,0,0,0,,0,0,35.3,37.1,212.5,1011.7,28.1,7.1,240.9,20.7,9,10,2025-03-05T06:24:09,2025-03-05T18:06:42,0.18,Partially cloudy,Partly cloudy throughout the day.,partly-cloudy-day,"44454099999,VNKT,44449099999"
"Kathmandu, Bagmati, Nepal",2025-03-06,20,9.5,14.4,20,9.5,14.4,9.5,73.5,0,0,0,,0,0,29.9,25.9,188.5,1014.9,57.9,6.1,168.8,14.6,6,10,2025-03-06T06:23:06,2025-03-06T18:07:18,0.25,Partially cloudy,Partly cloudy throughout the day.,partly-cloudy-day,"44454099999,VNKT,44449099999"
"Kathmandu, Bagmati, Nepal",2025-03-07,20.2,12,15.4,20.2,12,15.4,9,66.6,0,0,0,,0,0,27.7,22.3,220.3,1014.3,71.9,6.3,114.7,9.9,4,10,2025-03-07T06:22:02,2025-03-07T18:07:53,0.25,Partially cloudy,Partly cloudy throughout the day.,partly-cloudy-day,"44454099999,VNKT,44449099999"
"Kathmandu, Bagmati, Nepal",2025-03-08,19,11.6,15.3,19,11.6,15.3,9.3,69.1,0,0,0,,0,0,28.4,22.3,211.5,1013.7,77.2,6,175.4,15.2,7,10,2025-03-08T06:20:58,2025-03-08T18:08:28,0.29,Partially cloudy,Partly cloudy throughout the day.,partly-cloudy-day,"44454099999,VNKT,44449099999"
"Kathmandu, Bagmati, Nepal",2025-03-09,21,10.7,15.7,21,10.7,15.7,10.2,71.4,0,0,0,,0,0,24.1,23.6,206.1,1019.1,76,5.2,164.6,14.1,6,10,2025-03-09T06:19:54,2025-03-09T18:09:02,0.32,Partially cloudy,Partly cloudy throughout the day.,partly-cloudy-day,"44454099999,VNKT,44449099999"
"Kathmandu, Bagmati, Nepal",2025-03-10,23,11.8,17.2,23,11.8,17.2,11.4,71,2,100,4.17,rain,0,0,27.4,14.8,243.2,1022.3,66,4.8,176.7,15.3,6,10,2025-03-10T06:18:49,2025-03-10T18:09:36,0.36,"Rain, Partially cloudy",Partly cloudy throughout the day with morning rain.,rain,"44454099999,VNKT,44449099999"
"Kathmandu, Bagmati, Nepal",2025-03-11,23,11.6,17.2,23,11.6,17.2,11.6,71.3,0,0,0,,0,0,30.2,20.5,211.7,1018.5,73.6,8,178.8,15.4,7,10,2025-03-11T06:17:44,2025-03-11T18:10:10,0.39,Partially cloudy,Partly cloudy throughout the day.,partly-cloudy-day,"44454099999,VNKT,remote,44449099999"
"Kathmandu, Bagmati, Nepal",2025-03-12,22,12.8,17.8,22,12.8,17.8,12.9,74.9,0,0,0,,0,0,27.4,32.5,180.6,1014.3,82.6,5.4,184,15.8,7,10,2025-03-12T06:16:38,2025-03-12T18:10:44,0.43,Partially cloudy,Partly cloudy throughout the day.,partly-cloudy-day,"44454099999,VNKT,remote,44449099999"
"Kathmandu, Bagmati, Nepal",2025-03-13,25.4,13.4,17.6,25.4,13.4,17.6,12.3,75.4,1.1,100,8.33,rain,0,0,39.2,20.5,324.1,1013.3,62.1,5.2,208.1,18.1,7,10,2025-03-13T06:15:32,2025-03-13T18:11:17,0.46,"Rain, Partially cloudy",Partly cloudy throughout the day with rain.,rain,"44454099999,VNKT,44449099999"
"Kathmandu, Bagmati, Nepal",2025-03-14,26.4,10.5,18.2,26.4,10.5,18.2,8,58.3,0.2,100,4.17,rain,0,0,44.3,20.5,297.7,1015,29,7.8,266.2,22.9,9,10,2025-03-14T06:14:26,2025-03-14T18:11:50,0.5,"Rain, Partially cloudy",Partly cloudy throughout the day with late afternoon rain.,rain,"44454099999,VNKT,44449099999"
"Kathmandu, Bagmati, Nepal",2025-03-15,27.5,12.7,19.8,26.9,12.7,19.8,10,58.3,0,0,0,,0,0,46.4,22.3,308.4,1017.7,42.7,7.2,261.1,22.4,9,10,2025-03-15T06:13:19,2025-03-15T18:12:23,0.53,Partially cloudy,Becoming cloudy in the afternoon.,partly-cloudy-day,"44454099999,VNKT,44449099999"
"Kathmandu, Bagmati, Nepal",2025-03-16,26,12.7,19.1,26,12.7,19.1,8.9,54.7,0,0,0,,0,0,51.8,29.4,312.8,1017.5,47.6,7.7,216.2,18.6,8,10,2025-03-16T06:12:13,2025-03-16T18:12:56,0.57,Partially cloudy,Partly cloudy throughout the day.,partly-cloudy-day,"44454099999,VNKT,44449099999"
"Kathmandu, Bagmati, Nepal",2025-03-17,26.4,12,19.2,26.4,12,19.2,5.9,46.7,0,0,0,,0,0,52.2,22.3,294.2,1015.9,40.4,7.8,243.7,21,8,10,2025-03-17T06:11:06,2025-03-17T18:13:29,0.6,Partially cloudy,Partly cloudy throughout the day.,partly-cloudy-day,"44454099999,VNKT,44449099999"
"Kathmandu, Bagmati, Nepal",2025-03-18,26,10.8,18.2,26,10.8,18.2,3.3,40.6,0,0,0,,0,0,36,18.3,268.7,1015.3,39.5,8.4,285.3,24.6,10,10,2025-03-18T06:09:58,2025-03-18T18:14:01,0.63,Partially cloudy,Partly cloudy throughout the day.,partly-cloudy-day,"44454099999,VNKT,44449099999"
"Kathmandu, Bagmati, Nepal",2025-03-19,28,10.7,18.7,26.6,10.7,18.5,4.9,47.1,0,0,0,,0,0,36.4,22.3,248.2,1018.7,29,7.5,272.7,23.5,9,10,2025-03-19T06:08:51,2025-03-19T18:14:33,0.66,Partially cloudy,Partly cloudy throughout the day.,partly-cloudy-day,"44454099999,VNKT,44449099999"
"Kathmandu, Bagmati, Nepal",2025-03-20,27.2,11.4,19.2,26.3,11.4,19.1,6.6,48.6,0,0,0,,0,0,43.9,20.5,247.3,1020.5,29.9,7.1,267,23,10,10,2025-03-20T06:07:44,2025-03-20T18:15:05,0.7,Partially cloudy,Partly cloudy throughout the day.,partly-cloudy-day,"44454099999,VNKT,44449099999"
"Kathmandu, Bagmati, Nepal",2025-03-21,25.5,13,18.4,25.5,13,18.4,8.1,53.5,0,0,0,,0,0,35.3,35.4,214.1,1019.6,41.8,6.4,235.8,20.3,9,10,2025-03-21T06:06:36,2025-03-21T18:15:37,0.73,Partially cloudy,Partly cloudy throughout the day.,partly-cloudy-day,"44454099999,VNKT,44449099999"
"Kathmandu, Bagmati, Nepal",2025-03-22,23.3,13,17.4,23.3,13,17.4,7.2,52.7,0,0,0,rain,0,0,46.4,27.7,235.5,1019.7,61.2,7.7,239.6,20.5,9,10,2025-03-22T06:05:28,2025-03-22T18:16:09,0.75,Partially cloudy,Becoming cloudy in the afternoon.,partly-cloudy-day,"44454099999,VNKT,44449099999"
"Kathmandu, Bagmati, Nepal",2025-03-23,23,11,16.8,23,11,16.8,6.9,54.7,0,0,0,,0,0,27,16.6,212.3,1021,48.8,8.2,246.1,21.2,8,10,2025-03-23T06:04:21,2025-03-23T18:16:41,0.8,Partially cloudy,Partly cloudy throughout the day.,partly-cloudy-day,"44454099999,VNKT,44449099999"
"Kathmandu, Bagmati, Nepal",2025-03-24,24.7,11,17.5,24.7,11,17.5,8.3,57.6,0,0,0,,0,0,29.5,14.8,278.3,1020.8,29.7,7.3,288.3,24.9,9,10,2025-03-24T06:03:13,2025-03-24T18:17:13,0.83,Partially cloudy,Partly cloudy throughout the day.,partly-cloudy-day,"44454099999,VNKT,44449099999"
"Kathmandu, Bagmati, Nepal",2025-03-25,27.2,11.4,19.1,26.9,11.4,19.1,9.7,57.5,0,0,0,,0,0,28.1,16.5,252,1016.8,28.1,6.4,295.2,25.5,10,10,2025-03-25T06:02:05,2025-03-25T18:17:44,0.86,Partially cloudy,Partly cloudy throughout the day.,partly-cloudy-day,"44454099999,VNKT,44449099999"
"Kathmandu, Bagmati, Nepal",2025-03-26,27.2,13.5,19.9,27,13.5,19.9,10.9,57.9,0,0,0,,0,0,35.3,25.9,215.4,1013.4,25.5,8.4,268.6,23.2,9,10,2025-03-26T06:00:58,2025-03-26T18:18:16,0.89,Partially cloudy,Partly cloudy throughout the day.,partly-cloudy-day,"44454099999,VNKT,remote,44449099999"
"Kathmandu, Bagmati, Nepal",2025-03-27,28.5,14.5,21.1,28.5,14.5,21.1,12.9,61.8,0,0,0,,0,0,33.8,18.3,213,1011.8,24.9,6.8,284.2,24.6,10,10,2025-03-27T05:59:50,2025-03-27T18:18:47,0.93,Partially cloudy,Partly cloudy throughout the day.,partly-cloudy-day,"44454099999,VNKT,remote,44449099999"
"Kathmandu, Bagmati, Nepal",2025-03-28,29,15,22,28.1,15,21.8,10.5,52,0,0,0,,0,0,42.8,25.9,294.5,1011.4,23.6,7.6,276.6,24,9,10,2025-03-28T05:58:42,2025-03-28T18:19:19,0.96,Partially cloudy,Partly cloudy throughout the day.,partly-cloudy-day,"44454099999,VNKT,remote,44449099999"
"Kathmandu, Bagmati, Nepal",2025-03-29,30,14,21.8,29,14,21.5,8.8,47.3,0,0,0,,0,0,41.8,20.5,242.8,1012.3,28.1,5.5,295.5,25.4,10,10,2025-03-29T05:57:35,2025-03-29T18:19:50,0,Partially cloudy,Partly cloudy throughout the day.,partly-cloudy-day,"44454099999,VNKT"
"Kathmandu, Bagmati, Nepal",2025-03-30,29,13.6,20.8,27.7,13.6,20.6,9.6,52.1,0,0,0,,0,0,32.4,25.9,195.2,1015.5,32.7,4.2,294.2,25.4,10,10,2025-03-30T05:56:28,2025-03-30T18:20:21,0.03,Partially cloudy,Becoming cloudy in the afternoon.,partly-cloudy-day,"44454099999,VNKT,44449099999"
"Kathmandu, Bagmati, Nepal",2025-03-31,28.5,13.7,20.4,27.2,13.7,20.2,8.4,49.6,0,0,0,,0,0,38.5,18.3,251.3,1016.5,28.7,3.8,290.3,24.9,10,10,2025-03-31T05:55:21,2025-03-31T18:20:53,0.06,Partially cloudy,Partly cloudy throughout the day.,partly-cloudy-day,"44454099999,VNKT,44449099999"
"Kathmandu, Bagmati, Nepal",2025-04-01,29,12.9,20.5,27.4,12.9,20.3,6,43,0,0,0,,0,0,36.4,18.4,215.2,1015.9,28.1,4,295.7,25.7,10,10,2025-04-01T05:54:14,2025-04-01T18:21:24,0.1,Partially cloudy,Partly cloudy throughout the day.,partly-cloudy-day,"44454099999,VNKT,44449099999"
"Kathmandu, Bagmati, Nepal",2025-04-02,28,13.1,20.1,26.8,13.1,20,5.6,41.7,0,0,0,,0,0,39.6,14.8,268.3,1017.2,70.8,4.9,255.3,21.8,9,10,2025-04-02T05:53:07,2025-04-02T18:21:56,0.13,Partially cloudy,Partly cloudy throughout the day.,partly-cloudy-day,"44454099999,VNKT,remote,44449099999"
"Kathmandu, Bagmati, Nepal",2025-04-03,28,12.3,19.7,26.7,12.3,19.5,4.3,40.8,0,0,0,,0,0,41,20.5,267.6,1018.6,50.1,3,298.8,25.8,10,10,2025-04-03T05:52:00,2025-04-03T18:22:27,0.16,Partially cloudy,Partly cloudy throughout the day.,partly-cloudy-day,"44454099999,VNKT,44449099999"
"Kathmandu, Bagmati, Nepal",2025-04-04,28,11.6,20,26.6,11.6,19.8,1.5,34.5,0,0,0,,0,0,38.2,17.7,291.4,1016.7,43.3,8.2,286.2,24.9,9,10,2025-04-04T05:50:54,2025-04-04T18:22:58,0.2,Partially cloudy,Clearing in the afternoon.,partly-cloudy-day,"44454099999,VNKT,remote,44449099999"
"Kathmandu, Bagmati, Nepal",2025-04-05,27,12.4,19.7,26.2,12.4,19.6,4.8,40.4,0,0,0,,0,0,33.8,14.8,244.8,1015.9,41.6,4.3,296.6,25.7,10,10,2025-04-05T05:49:48,2025-04-05T18:23:30,0.25,Partially cloudy,Becoming cloudy in the afternoon.,partly-cloudy-day,"44454099999,VNKT,44449099999"
"Kathmandu, Bagmati, Nepal",2025-04-06,27.4,13.3,20.4,26.6,13.3,20.2,6.5,43.3,0,0,0,,0,0,28.8,20.5,187.6,1016.3,40.2,4.5,292.1,25.3,10,10,2025-04-06T05:48:43,2025-04-06T18:24:01,0.27,Partially cloudy,Becoming cloudy in the afternoon.,partly-cloudy-day,"44454099999,VNKT,44449099999"
"Kathmandu, Bagmati, Nepal",2025-04-07,27,14.1,20.3,26.4,14.1,20.3,11,56.3,0,0,0,,0,0,27.4,16.6,270.2,1018.7,57.3,3.6,286.8,25,10,10,2025-04-07T05:47:38,2025-04-07T18:24:33,0.3,Partially cloudy,Partly cloudy throughout the day.,partly-cloudy-day,"44454099999,VNKT,44449099999"
"Kathmandu, Bagmati, Nepal",2025-04-08,27.4,16,21.1,27.3,16,21.1,13.8,64.6,0,0,0,,0,0,24.5,17.7,107.7,1021.5,74.3,3.4,209.7,18.2,8,10,2025-04-08T05:46:33,2025-04-08T18:25:05,0.34,Partially cloudy,Partly cloudy throughout the day.,partly-cloudy-day,"44454099999,VNKT,44449099999"
"Kathmandu, Bagmati, Nepal",2025-04-09,27,15.6,19.9,27,15.6,19.9,14.2,70.9,0,0,0,rain,0,0,24.1,20.7,86.2,1019.2,64.2,4.2,223.9,19.4,8,10,2025-04-09T05:45:28,2025-04-09T18:25:36,0.37,Partially cloudy,Partly cloudy throughout the day.,partly-cloudy-day,"44454099999,VNKT,44449099999"
"Kathmandu, Bagmati, Nepal",2025-04-10,19,14.1,16.7,19,14.1,16.7,14.7,88.6,14,100,8.33,rain,0,0,27,16.6,105.7,1013.6,90,8.3,127.7,10.8,6,10,2025-04-10T05:44:24,2025-04-10T18:26:08,0.41,"Rain, Partially cloudy",Partly cloudy throughout the day with rain.,rain,"44454099999,VNKT,remote,44449099999"
"Kathmandu, Bagmati, Nepal",2025-04-11,24,13.7,18.2,24,13.7,18.2,14.5,81.2,0.2,100,4.17,rain,0,0,29.9,18.4,195.2,1012.7,75.6,6.6,195.4,16.8,7,10,2025-04-11T05:43:21,2025-04-11T18:26:40,0.44,"Rain, Partially cloudy",Partly cloudy throughout the day with early morning rain.,rain,"44454099999,VNKT,remote,44449099999"
"Kathmandu, Bagmati, Nepal",2025-04-12,25,13.8,18.1,25,13.8,18.1,13.4,77.7,13,100,8.33,rain,0,0,48.2,22.3,315,1015.1,44.5,6.8,283.1,24.4,10,10,2025-04-12T05:42:18,2025-04-12T18:27:12,0.47,"Rain, Partially cloudy",Partly cloudy throughout the day with rain.,rain,"44454099999,VNKT,44449099999"
"Kathmandu, Bagmati, Nepal",2025-04-13,28,13.3,18.5,27.1,13.3,18.4,11.4,65.9,0,0,0,rain,0,0,32.4,35.5,149.2,1017,62.8,7.1,269.2,23.2,10,10,2025-04-13T05:41:15,2025-04-13T18:27:44,0.5,Partially cloudy,Partly cloudy throughout the day.,partly-cloudy-day,"44454099999,VNKT,44449099999"
"Kathmandu, Bagmati, Nepal",2025-04-14,25.7,12.4,18.2,25.7,12.4,18.2,11.9,68.9,1.3,100,8.33,rain,0,0,33.8,18.4,129.3,1018.1,52.5,7.5,238.1,20.6,8,10,2025-04-14T05:40:13,2025-04-14T18:28:16,0.54,"Rain, Partially cloudy",Partly cloudy throughout the day with rain.,rain,"44454099999,VNKT,44449099999"
"Kathmandu, Bagmati, Nepal",2025-04-15,26,12.6,18.9,26,12.6,18.9,12.4,69.4,0,0,0,,0,0,27,25.9,94.5,1018.5,55.1,6.9,277.5,24,9,10,2025-04-15T05:39:11,2025-04-15T18:28:49,0.58,Partially cloudy,Becoming cloudy in the afternoon.,partly-cloudy-day,"44454099999,VNKT,44449099999"
"Kathmandu, Bagmati, Nepal",2025-04-16,25,16.4,20.4,25,16.4,20.4,15.6,76.1,0.5,100,4.17,rain,0,0,24.5,16.6,88.6,1017,65.3,6.4,260.5,22.4,9,10,2025-04-16T05:38:10,2025-04-16T18:29:21,0.61,"Rain, Partially cloudy",Partly cloudy throughout the day with morning rain.,rain,"44454099999,VNKT,44449099999"
"Kathmandu, Bagmati, Nepal",2025-04-17,25,16.4,19.2,25,16.4,19.2,15.7,81.8,0,0,0,rain,0,0,33.5,27.7,161.1,1015.1,73.8,5.7,226.8,19.3,7,10,2025-04-17T05:37:10,2025-04-17T18:29:54,0.64,Partially cloudy,Partly cloudy throughout the day.,partly-cloudy-day,"44454099999,VNKT,44449099999"
"Kathmandu, Bagmati, Nepal",2025-04-18,25.8,14.8,20,25.8,14.8,20,15.7,78.8,3,100,4.17,rain,0,0,27,22.3,190.8,1013.8,53.2,7.3,226.6,19.7,9,10,2025-04-18T05:36:11,2025-04-18T18:30:26,0.68,"Rain, Partially cloudy",Becoming cloudy in the afternoon with morning rain.,rain,"44454099999,VNKT,44449099999"
"Kathmandu, Bagmati, Nepal",2025-04-19,24,17.7,20.1,24,17.7,20.1,17.4,85.5,6.2,100,8.33,rain,0,0,22,9.4,87.8,1014.9,81.7,6.5,189.1,16.3,7,10,2025-04-19T05:35:12,2025-04-19T18:30:59,0.71,"Rain, Partially cloudy",Partly cloudy throughout the day with rain.,rain,"44454099999,VNKT,44449099999"
"Kathmandu, Bagmati, Nepal",2025-04-20,28.7,15.8,21.8,28.7,15.8,21.9,16.2,73.9,0,0,0,rain,0,0,31.3,16.6,280.9,1014.3,33.5,7,254.8,22,8,10,2025-04-20T05:34:13,2025-04-20T18:31:32,0.74,Partially cloudy,Partly cloudy throughout the day.,partly-cloudy-day,"44454099999,VNKT,44449099999"
"Kathmandu, Bagmati, Nepal",2025-04-21,30.8,17.4,23.9,32,17.4,24,16.5,66.6,0,0,0,,0,0,37.4,16.6,254.1,1016,30.8,6.8,295.6,25.6,10,10,2025-04-21T05:33:16,2025-04-21T18:32:05,0.75,Partially cloudy,Partly cloudy throughout the day.,partly-cloudy-day,"44454099999,VNKT,44449099999"
"Kathmandu, Bagmati, Nepal",2025-04-22,31,18.4,24.8,30.1,18.4,24.6,14.7,57.8,0,0,0,,0,0,41.4,20.5,306.9,1015.4,28.1,6.7,302.1,26,10,10,2025-04-22T05:32:19,2025-04-22T18:32:39,0.81,Partially cloudy,Partly cloudy throughout the day.,partly-cloudy-day,"44454099999,VNKT,44449099999"
"Kathmandu, Bagmati, Nepal",2025-04-23,32,17.5,24.8,30.1,17.5,24.3,10,44.3,0,0,0,,0,0,39.6,22.3,290.4,1011.9,28.2,7.4,314.6,27.2,10,10,2025-04-23T05:31:23,2025-04-23T18:33:12,0.85,Partially cloudy,Partly cloudy throughout the day.,partly-cloudy-day,"44454099999,VNKT,44449099999"
"Kathmandu, Bagmati, Nepal",2025-04-24,32,16.8,24.7,30,16.8,24,7.9,38.2,0,0,0,,0,0,40.7,18.4,213.7,1011.4,28.1,6.9,314.4,27.2,10,10,2025-04-24T05:30:27,2025-04-24T18:33:46,0.88,Partially cloudy,Partly cloudy throughout the day.,partly-cloudy-day,"44454099999,VNKT,44449099999"
"Kathmandu, Bagmati, Nepal",2025-04-25,31,15.8,23.8,29,15.8,23.2,5.9,37.1,0,0,0,,0,0,39.2,20.5,301.5,1013.2,28.1,7,316.9,27.4,10,10,2025-04-25T05:29:33,2025-04-25T18:34:19,0.91,Partially cloudy,Partly cloudy throughout the day.,partly-cloudy-day,"44454099999,VNKT,44449099999"
"Kathmandu, Bagmati, Nepal",2025-04-26,31.8,16.1,24.3,29.8,16.1,23.7,7.7,38.5,0,0,0,,0,0,40,20.7,219.3,1013.8,34.2,6.8,307.2,26.5,10,10,2025-04-26T05:28:39,2025-04-26T18:34:53,0.95,Partially cloudy,Partly cloudy throughout the day.,partly-cloudy-day,"44454099999,VNKT,44449099999"
"Kathmandu, Bagmati, Nepal",2025-04-27,28.4,16,21.1,28.1,16,21,11.7,56.8,0,0,0,,0,0,31.3,27.7,114.1,1016.7,55.6,6.3,272.7,23.4,9,10,2025-04-27T05:27:46,2025-04-27T18:35:27,0.98,Partially cloudy,Partly cloudy throughout the day.,partly-cloudy-day,"44454099999,VNKT,44449099999"
"Kathmandu, Bagmati, Nepal",2025-04-28,22,14.4,17.3,22,14.4,17.3,13,78.4,5,100,4.17,rain,0,0,28.8,17.7,124.5,1016.3,85.3,6.8,146.2,12.7,7,10,2025-04-28T05:26:54,2025-04-28T18:36:01,0,"Rain, Partially cloudy",Partly cloudy throughout the day with morning rain.,rain,"44454099999,VNKT,44449099999"
"Kathmandu, Bagmati, Nepal",2025-04-29,25,13.4,18.9,25,13.4,18.9,13.7,75.2,4,100,4.17,rain,0,0,24.5,18.4,195.9,1015.8,67.3,7.2,194.6,16.9,6,10,2025-04-29T05:26:03,2025-04-29T18:36:35,0.05,"Rain, Partially cloudy",Partly cloudy throughout the day with morning rain.,rain,"44454099999,VNKT,44449099999"
"Kathmandu, Bagmati, Nepal",2025-04-30,25,17,20.8,25,17,20.8,14.1,67.4,0,0,0,rain,0,0,19.1,16.6,169.3,1017,84.4,7.1,186.8,16.1,6,30,2025-04-30T05:25:13,2025-04-30T18:37:10,0.08,Partially cloudy,Partly cloudy throughout the day.,partly-cloudy-day,"44454099999,VNKT"
"Kathmandu, Bagmati, Nepal",2025-05-01,23,15,19.2,23,15,19.2,14,73.9,0,0,0,rain,0,0,29.9,16.6,110.6,1019.5,80.2,7.8,186.8,16.2,6,10,2025-05-01T05:24:24,2025-05-01T18:37:44,0.12,Partially cloudy,Partly cloudy throughout the day.,partly-cloudy-day,"44454099999,VNKT"
"Kathmandu, Bagmati, Nepal",2025-05-02,25.6,14,19.5,25.6,14,19.5,13.5,70.2,0,0,0,rain,0,0,24.8,18.4,64.1,1018,55.8,7.3,250.5,21.5,8,10,2025-05-02T05:23:35,2025-05-02T18:38:19,0.15,Partially cloudy,Partly cloudy throughout the day.,partly-cloudy-day,"44454099999,VNKT"
"Kathmandu, Bagmati, Nepal",2025-05-03,23,17,19.9,23,17,19.9,15.5,77,0,0,0,rain,0,0,25.6,22.3,185.1,1015.3,69.1,6.8,236.9,20.7,8,10,2025-05-03T05:22:48,2025-05-03T18:38:53,0.18,Partially cloudy,Partly cloudy throughout the day.,partly-cloudy-day,"44454099999,VNKT"
"Kathmandu, Bagmati, Nepal",2025-05-04,24,16,19,24,16,19,16.1,84.8,0,0,0,rain,0,0,29.5,11.2,79.9,1015.2,80.2,7.4,232.4,20,8,10,2025-05-04T05:22:02,2025-05-04T18:39:28,0.25,Partially cloudy,Partly cloudy throughout the day.,partly-cloudy-day,"44454099999,VNKT"
"Kathmandu, Bagmati, Nepal",2025-05-05,25,16,20.4,25,16,20.4,15.1,73.9,0,0,0,rain,0,0,30.6,22.3,185.3,1015.2,68.3,7.1,246.1,21.3,9,10,2025-05-05T05:21:16,2025-05-05T18:40:03,0.25,Partially cloudy,Partly cloudy throughout the day.,partly-cloudy-day,"44454099999,VNKT"
"Kathmandu, Bagmati, Nepal",2025-05-06,22,17,18.4,22,17,18.4,16.5,89,0,0,0,rain,0,0,23.4,25.9,78.8,1015,79.3,6.3,167.8,14.4,5,10,2025-05-06T05:20:32,2025-05-06T18:40:37,0.28,Partially cloudy,Partly cloudy throughout the day.,partly-cloudy-day,"44454099999,VNKT"
"Kathmandu, Bagmati, Nepal",2025-05-07,27,15,21,26.8,15,21,14.9,72,0,0,0,rain,0,0,32.4,20.5,303.8,1014,34.3,7.8,270.7,23.4,9,10,2025-05-07T05:19:49,2025-05-07T18:41:12,0.32,Partially cloudy,Partly cloudy throughout the day.,partly-cloudy-day,"44454099999,VNKT"
"Kathmandu, Bagmati, Nepal",2025-05-08,29,18,23,28.6,18,23,15.4,65.6,0,0,0,,0,0,46.8,21.6,311.2,1014.6,31.8,8.2,285.4,24.5,9,10,2025-05-08T05:19:07,2025-05-08T18:41:47,0.35,Partially cloudy,Partly cloudy throughout the day.,partly-cloudy-day,"44454099999,VNKT"
"Kathmandu, Bagmati, Nepal",2025-05-09,30.2,17,23.7,29.4,17,23.5,14.9,64,0,0,0,,0,0,45.4,22.3,318.6,1015.7,43.2,7.9,260.9,22.6,8,10,2025-05-09T05:18:26,2025-05-09T18:42:22,0.38,Partially cloudy,Partly cloudy throughout the day.,partly-cloudy-day,"44454099999,VNKT,44449099999"
"Kathmandu, Bagmati, Nepal",2025-05-10,30,18.3,24.8,29.4,18.3,24.6,14.2,54.1,0.1,100,4.17,rain,0,0,38.2,20.5,307.2,1014.7,35,9.7,279.7,24.2,9,10,2025-05-10T05:17:46,2025-05-10T18:42:57,0.42,"Rain, Partially cloudy",Partly cloudy throughout the day with afternoon rain.,rain,"44454099999,VNKT,remote,44449099999"
"Kathmandu, Bagmati, Nepal",2025-05-11,30.8,19.4,25,31.4,19.4,25,15.5,57.4,0,0,0,rain,0,0,35.6,18.3,316.7,1013.5,47.8,7.9,260.5,22.6,8,10,2025-05-11T05:17:08,2025-05-11T18:43:32,0.45,Partially cloudy,Becoming cloudy in the afternoon.,partly-cloudy-day,"44454099999,VNKT,44449099999"
"Kathmandu, Bagmati, Nepal",2025-05-12,30.3,19.3,24.7,31.6,19.3,24.8,16.2,60.7,0,0,0,rain,0,0,38.9,22.3,300,1011.4,57.9,7.2,237.3,20.3,8,10,2025-05-12T05:16:30,2025-05-12T18:44:07,0.5,Partially cloudy,Partly cloudy throughout the day.,partly-cloudy-day,"44454099999,VNKT,44449099999"
"Kathmandu, Bagmati, Nepal",2025-05-13,30.3,19.5,24.7,32.1,19.5,24.9,17,64,0,0,0,rain,0,0,32,22.3,280.9,1011.5,46.7,7.5,280.9,24.3,9,10,2025-05-13T05:15:54,2025-05-13T18:44:42,0.52,Partially cloudy,Partly cloudy throughout the day.,partly-cloudy-day,"44454099999,VNKT,44449099999"
"Kathmandu, Bagmati, Nepal",2025-05-14,31,20.3,25.2,30.6,20.3,25.1,16.3,60.4,0,0,0,,0,0,38.9,24.1,299.7,1012.6,47.4,7.7,268.3,23.3,8,10,2025-05-14T05:15:19,2025-05-14T18:45:16,0.55,Partially cloudy,Partly cloudy throughout the day.,partly-cloudy-day,"44454099999,VNKT,44449099999"
"Kathmandu, Bagmati, Nepal",2025-05-15,31,18.6,25,30.3,18.6,24.8,15.1,57,0,0,0,,0,0,33.8,18.4,316.6,1013.2,48.7,7.5,284.8,24.6,8,10,2025-05-15T05:14:45,2025-05-15T18:45:51,0.59,Partially cloudy,Partly cloudy throughout the day.,partly-cloudy-day,"44454099999,VNKT,44449099999"
"Kathmandu, Bagmati, Nepal",2025-05-16,30.8,18.3,23,31.8,18.3,23.2,17.5,74.1,2,100,4.17,rain,0,0,32.4,24.1,262.5,1013.6,68.5,6.5,252,21.7,8,10,2025-05-16T05:14:12,2025-05-16T18:46:26,0.62,"Rain, Partially cloudy",Partly cloudy throughout the day with morning rain.,rain,"44454099999,VNKT,44449099999"
"Kathmandu, Bagmati, Nepal",2025-05-17,27.5,17,21.5,28.2,17,21.5,16.4,74.8,4,100,4.17,rain,0,0,31.3,30.9,106.3,1013.1,51.1,6.9,247.3,21.5,8,10,2025-05-17T05:13:40,2025-05-17T18:47:00,0.66,"Rain, Partially cloudy",Becoming cloudy in the afternoon with morning rain.,rain,"44454099999,VNKT,44449099999"
"Kathmandu, Bagmati, Nepal",2025-05-18,26,18.9,20.9,26,18.9,20.9,17.4,81.1,30.4,100,8.33,rain,0,0,31.3,18.4,101.9,1014.2,74,6.5,240.5,20.8,8,10,2025-05-18T05:13:10,2025-05-18T18:47:35,0.69,"Rain, Partially cloudy",Partly cloudy throughout the day with rain.,rain,"44454099999,VNKT,44449099999"
"Kathmandu, Bagmati, Nepal",2025-05-19,26.5,18.4,21.8,26.5,18.4,21.8,18.7,83.8,0,0,0,rain,0,0,25.2,24.1,183.7,1013.2,84.2,6.8,134.6,11.8,5,10,2025-05-19T05:12:41,2025-05-19T18:48:09,0.73,Partially cloudy,Partly cloudy throughout the day.,partly-cloudy-day,"44454099999,VNKT,44449099999"
"Kathmandu, Bagmati, Nepal",2025-05-20,27,16.7,22,27.5,16.7,22,18.3,81.1,15.3,100,8.33,rain,0,0,25.2,27.7,208.1,1011.8,69,7.8,123.7,10.9,5,10,2025-05-20T05:12:13,2025-05-20T18:48:43,0.75,"Rain, Partially cloudy",Partly cloudy throughout the day with rain.,rain,"44454099999,VNKT,44449099999"
"Kathmandu, Bagmati, Nepal",2025-05-21,26,19,21.4,26,19,21.4,18.5,84.7,10.9,100,8.33,rain,0,0,37.1,22.3,117,1012.9,65,7.3,238.8,20.6,8,30,2025-05-21T05:11:47,2025-05-21T18:49:17,0.8,"Rain, Partially cloudy",Partly cloudy throughout the day with rain.,rain,"44454099999,VNKT,44449099999"
"Kathmandu, Bagmati, Nepal",2025-05-22,26.6,16.3,21.7,26.6,16.3,21.7,16.9,75.9,0,0,0,rain,0,0,25.6,14.8,246.9,1013.1,71.2,8.3,247,21.3,9,10,2025-05-22T05:11:22,2025-05-22T18:49:50,0.83,Partially cloudy,Partly cloudy throughout the day.,partly-cloudy-day,"44454099999,VNKT,remote,44449099999"
"Kathmandu, Bagmati, Nepal",2025-05-23,26,19,22.2,26,19,22.2,18.3,79.8,0,0,0,rain,0,0,29.2,16.6,204.8,1011.6,82.9,6.7,215.2,18.6,7,10,2025-05-23T05:10:58,2025-05-23T18:50:23,0.87,Partially cloudy,Partly cloudy throughout the day.,partly-cloudy-day,"44454099999,VNKT,44449099999"
"Kathmandu, Bagmati, Nepal",2025-05-24,27.3,18.4,22.5,28.9,18.4,22.7,19,81.6,22,100,4.17,rain,0,0,31.3,18.4,187.1,1012.7,81,7.4,218.2,18.8,8,10,2025-05-24T05:10:35,2025-05-24T18:50:56,0.9,"Rain, Partially cloudy",Partly cloudy throughout the day with morning rain.,rain,"44454099999,VNKT,44449099999"
"Kathmandu, Bagmati, Nepal",2025-05-25,28,19.4,23,28.7,19.4,23.1,19,80.1,0.5,100,4.17,rain,0,0,27.4,16.6,213.6,1013.7,67.4,8.6,221.5,19.1,9,10,2025-05-25T05:10:14,2025-05-25T18:51:29,0.94,"Rain, Partially cloudy",Partly cloudy throughout the day with late afternoon rain.,rain,"44454099999,VNKT,remote,44449099999"
"Kathmandu, Bagmati, Nepal",2025-05-26,27.6,19.5,23,29.3,19.5,23.1,19.7,83.3,3.5,100,4.17,rain,0,0,29.2,24.2,217.3,1012.1,80.1,7.3,186.3,16.1,7,10,2025-05-26T05:09:54,2025-05-26T18:52:02,0.97,"Rain, Partially cloudy",Partly cloudy throughout the day with morning rain.,rain,"44454099999,VNKT,44449099999"
"Kathmandu, Bagmati, Nepal",2025-05-27,27.5,20.8,23.8,29.2,20.8,24.1,19.9,79.7,0.1,100,4.17,rain,0,0,27,20.5,217.7,1009.7,79.7,8.2,219.4,19,8,10,2025-05-27T05:09:35,2025-05-27T18:52:33,0,"Rain, Partially cloudy",Partly cloudy throughout the day with late afternoon rain.,rain,"44454099999,VNKT,44449099999"
"Kathmandu, Bagmati, Nepal",2025-05-28,29.5,21,24.6,32.2,21,25.3,20.8,80.9,0,0,0,rain,0,0,37.1,22.3,228.1,1008.2,76.9,7.7,236.4,20.5,8,10,2025-05-28T05:09:18,2025-05-28T18:53:05,0.04,Partially cloudy,Partly cloudy throughout the day.,partly-cloudy-day,"44454099999,VNKT,44449099999"
"Kathmandu, Bagmati, Nepal",2025-05-29,29.4,19,24.1,30.9,19,24.4,19.5,78.3,44,100,4.17,rain,0,0,30.6,18.4,271.2,1006.4,53.4,8.9,229.2,19.8,8,10,2025-05-29T05:09:02,2025-05-29T18:53:36,0.07,"Rain, Partially cloudy",Partly cloudy throughout the day with morning rain.,rain,"44454099999,VNKT,44449099999"
"Kathmandu, Bagmati, Nepal",2025-05-30,28.7,20.7,24.3,31.1,20.7,24.7,20.6,81.1,6,100,4.17,rain,0,0,33.8,18.4,279.5,1004.2,66.9,8.8,206.2,17.8,7,10,2025-05-30T05:08:47,2025-05-30T18:54:07,0.1,"Rain, Partially cloudy",Partly cloudy throughout the day with morning rain.,rain,"44454099999,VNKT,44449099999"
"Kathmandu, Bagmati, Nepal",2025-05-31,29.4,21.6,24.8,32.1,21.6,25.2,20.4,78.2,2.8,100,8.33,rain,0,0,30.2,16.5,278.2,1007.1,78.6,7.5,217,18.7,8,10,2025-05-31T05:08:34,2025-05-31T18:54:37,0.14,"Rain, Partially cloudy",Partly cloudy throughout the day with rain.,rain,"44454099999,VNKT,44449099999"
"Kathmandu, Bagmati, Nepal",2025-06-01,29.3,20,24.6,31,20,24.9,18.4,70.5,1,100,4.17,rain,0,0,36,24.1,283.3,1007.4,66.3,7.3,294.1,25.3,10,10,2025-06-01T05:08:21,2025-06-01T18:55:07,0.17,"Rain, Partially cloudy",Partly cloudy throughout the day with late afternoon rain.,rain,"44454099999,VNKT,44449099999"
"Kathmandu, Bagmati, Nepal",2025-06-02,29,18.4,24,28.8,18.4,24,16.3,63.8,0.1,100,4.17,rain,0,0,36.7,19,305.3,1007.5,57.8,7.7,289.2,24.7,9,10,2025-06-02T05:08:11,2025-06-02T18:55:36,0.2,"Rain, Partially cloudy",Partly cloudy throughout the day with afternoon rain.,rain,"44454099999,VNKT,remote,44449099999"
"Kathmandu, Bagmati, Nepal",2025-06-03,26,19.4,22.8,26,19.4,22.8,17,70.2,0,0,0,,0,0,20.5,13,337.8,1009.7,81.2,6.8,152.3,13.1,5,10,2025-06-03T05:08:01,2025-06-03T18:56:04,0.25,Partially cloudy,Partly cloudy throughout the day.,partly-cloudy-day,"44454099999,VNKT,44449099999"
"Kathmandu, Bagmati, Nepal",2025-06-04,25.7,18.4,20.8,25.7,18.4,20.8,17.7,83.6,2.6,100,8.33,rain,0,0,20.2,14.8,84.3,1012.3,81.5,7.4,128.3,11.1,4,10,2025-06-04T05:07:53,2025-06-04T18:56:32,0.27,"Rain, Partially cloudy",Partly cloudy throughout the day with rain.,rain,"44454099999,VNKT,44449099999"
"Kathmandu, Bagmati, Nepal",2025-06-05,27,17.5,21.5,27.5,17.5,21.6,17.5,79.5,1,100,4.17,rain,0,0,27,22.3,196.8,1015.2,75.7,7.5,186.3,16.1,9,10,2025-06-05T05:07:46,2025-06-05T18:57:00,0.3,"Rain, Partially cloudy",Partly cloudy throughout the day with late afternoon rain.,rain,"44454099999,VNKT,44449099999"
"Kathmandu, Bagmati, Nepal",2025-06-06,26.5,17.6,22.1,26.5,17.6,22.1,16.5,72.1,0,0,0,rain,0,0,28.1,27.7,213.9,1015.2,57.2,8.1,266.1,23,8,10,2025-06-06T05:07:41,2025-06-06T18:57:26,0.33,Partially cloudy,Partly cloudy throughout the day.,partly-cloudy-day,"44454099999,VNKT,44449099999"
"Kathmandu, Bagmati, Nepal",2025-06-07,29.4,17.3,23.6,30.4,17.3,23.7,17,69,0,0,0,,0,0,25.2,16.6,262.8,1014.2,33.6,8.4,283.8,24.5,9,10,2025-06-07T05:07:37,2025-06-07T18:57:52,0.37,Partially cloudy,Partly cloudy throughout the day.,partly-cloudy-day,"44454099999,VNKT,44449099999"
"Kathmandu, Bagmati, Nepal",2025-06-08,30,19.5,24.8,31.5,19.5,25.2,18.6,70.3,0,0,0,,0,0,25.6,16.6,276.1,1013,40.9,7.6,262.1,22.5,9,10,2025-06-08T05:07:34,2025-06-08T18:58:18,0.4,Partially cloudy,Partly cloudy throughout the day.,partly-cloudy-day,"44454099999,VNKT,44449099999"
"Kathmandu, Bagmati, Nepal",2025-06-09,31,21.3,26.1,33.5,21.3,26.9,20.3,72.4,0,0,0,,0,0,23.4,14.8,266.3,1011.8,42,6.9,295.5,25.4,9,10,2025-06-09T05:07:32,2025-06-09T18:58:42,0.43,Partially cloudy,Partly cloudy throughout the day.,partly-cloudy-day,"44454099999,VNKT,44449099999"
"Kathmandu, Bagmati, Nepal",2025-06-10,31.8,22.5,26,37,22.5,27,21.2,76,1.4,100,4.17,rain,0,0,24.8,25.9,223.1,1011.4,65.9,6,275.9,23.6,9,10,2025-06-10T05:07:32,2025-06-10T18:59:06,0.47,"Rain, Partially cloudy",Partly cloudy throughout the day with late afternoon rain.,rain,"44454099999,VNKT,44449099999"
"Kathmandu, Bagmati, Nepal",2025-06-11,30,21.8,25.2,33.2,21.8,26.1,22.2,84.8,16.9,100,8.33,rain,0,0,24.1,22.3,202.1,1012.5,80.8,6.4,244.1,21,8,10,2025-06-11T05:07:32,2025-06-11T18:59:28,0.5,"Rain, Partially cloudy",Partly cloudy throughout the day with rain.,rain,"44454099999,VNKT,44449099999"
"Kathmandu, Bagmati, Nepal",2025-06-12,27.9,23,24.5,30.8,23,24.8,22.6,90.2,0.2,100,4.17,rain,0,0,25.6,27.7,212.2,1012.7,85,5.9,202,17.2,8,30,2025-06-12T05:07:34,2025-06-12T18:59:50,0.53,"Rain, Partially cloudy",Partly cloudy throughout the day with late afternoon rain.,rain,"44454099999,VNKT,44449099999"
"Kathmandu, Bagmati, Nepal",2025-06-13,27,20.3,23.2,28.9,20.3,23.3,22,93.6,1.5,100,12.5,rain,0,0,50,31.6,63.8,1012.6,84.9,7.8,185.5,15.9,7,30,2025-06-13T05:07:38,2025-06-13T19:00:12,0.57,"Rain, Partially cloudy",Partly cloudy throughout the day with early morning rain.,rain,"44454099999,VNKT,remote,44449099999"
"Kathmandu, Bagmati, Nepal",2025-06-14,30.1,19.9,25,32.6,19.9,25.9,20.8,79.7,26,100,4.17,rain,0,0,25.2,20.6,239.5,1010.6,70.1,8.2,219.5,18.9,7,10,2025-06-14T05:07:42,2025-06-14T19:00:32,0.6,"Rain, Partially cloudy",Partly cloudy throughout the day with morning rain.,rain,"44454099999,VNKT,remote,44449099999"
"Kathmandu, Bagmati, Nepal",2025-06-15,28,20.9,23.8,30,20.9,24.2,21.5,87.5,10,100,8.33,rain,0,0,25.9,22.3,191.2,1010,87.1,6.6,186,16.1,6,10,2025-06-15T05:07:48,2025-06-15T19:00:51,0.64,"Rain, Partially cloudy",Partly cloudy throughout the day with rain.,rain,"44454099999,VNKT,44449099999"
"Kathmandu, Bagmati, Nepal",2025-06-16,28,21.5,23.8,29.8,21.5,24,21.8,89.3,5.3,100,4.17,rain,0,0,26.6,18.4,184.2,1009.8,85.9,6.6,214.3,18.5,8,10,2025-06-16T05:07:55,2025-06-16T19:01:09,0.67,"Rain, Partially cloudy",Partly cloudy throughout the day with late afternoon rain.,rain,"44454099999,VNKT,44449099999"
"Kathmandu, Bagmati, Nepal",2025-06-17,29,20.8,23.9,30.8,20.8,24.3,21.3,86.9,41.1,100,8.33,rain,0,0,20.5,25.9,263.3,1009.3,80.1,7.6,112.5,9.7,5,10,2025-06-17T05:08:03,2025-06-17T19:01:27,0.71,"Rain, Partially cloudy",Partly cloudy throughout the day with rain.,rain,"44454099999,VNKT,44449099999"
"Kathmandu, Bagmati, Nepal",2025-06-18,28,21,24.1,33.6,21,25.1,23.2,94.6,0,0,0,rain,0,0,26.3,18.4,245.5,1007.5,87.5,8,169.7,14.9,6,30,2025-06-18T05:08:12,2025-06-18T19:01:43,0.75,Partially cloudy,Partly cloudy throughout the day.,partly-cloudy-day,"44454099999,VNKT,44449099999"
"Kathmandu, Bagmati, Nepal",2025-06-19,27,21.6,23.7,29.2,21.6,24.2,22.2,92,23.7,100,8.33,rain,0,0,19.4,13,113.4,1007,90.8,6.8,68.5,6,2,10,2025-06-19T05:08:22,2025-06-19T19:01:58,0.75,"Rain, Overcast",Cloudy skies throughout the day with rain.,rain,"44454099999,VNKT,44449099999"
"Kathmandu, Bagmati, Nepal",2025-06-20,28,21.4,23.6,30.4,21.4,24,21.9,91.7,53.3,100,8.33,rain,0,0,23.8,18.4,217.7,1008.7,88.5,7,102.8,8.7,5,10,2025-06-20T05:08:33,2025-06-20T19:02:13,0.82,"Rain, Partially cloudy",Partly cloudy throughout the day with rain.,rain,"44454099999,VNKT,44449099999"
"Kathmandu, Bagmati, Nepal",2025-06-21,28.6,21.7,24.5,31.6,21.7,25.1,22.1,87.6,7,100,4.17,rain,0,0,23,25.9,183.3,1009.4,82.4,8,189.9,16.3,6,30,2025-06-21T05:08:46,2025-06-21T19:02:26,0.85,"Rain, Partially cloudy",Partly cloudy throughout the day with morning rain.,rain,"44454099999,VNKT,44449099999"
"Kathmandu, Bagmati, Nepal",2025-06-22,29,21,24.9,31.8,21,25.6,22.4,87,0.7,100,4.17,rain,0,0,46.4,27.7,188.9,1009.5,86.8,7.4,110.3,9.7,6,30,2025-06-22T05:08:59,2025-06-22T19:02:38,0.89,"Rain, Partially cloudy",Partly cloudy throughout the day with morning rain.,rain,"44454099999,VNKT,44449099999"
"Kathmandu, Bagmati, Nepal",2025-06-23,26.6,20.1,23.2,26.6,20.1,23.2,21.6,91.6,60,100,4.17,rain,0,0,22.3,20.5,166.7,1007.6,87,7.6,139.1,11.9,4,30,2025-06-23T05:09:14,2025-06-23T19:02:49,0.92,"Rain, Partially cloudy",Partly cloudy throughout the day with morning rain.,rain,"44454099999,VNKT,remote,44449099999"
"Kathmandu, Bagmati, Nepal",2025-06-24,28,20.7,23.6,30.3,20.7,24.1,21.4,88.4,17.1,100,8.33,rain,0,0,27.4,20.5,184.7,1007,77.8,7.7,150.8,13.2,6,10,2025-06-24T05:09:29,2025-06-24T19:02:58,0.96,"Rain, Partially cloudy",Partly cloudy throughout the day with rain.,rain,"44454099999,VNKT,44449099999"
"Kathmandu, Bagmati, Nepal",2025-06-25,28,20.9,24.2,30.6,20.9,24.8,21.6,86.4,8.9,100,4.17,rain,0,0,26.3,22.3,243,1010.5,80.8,7.1,185.5,16.1,6,10,2025-06-25T05:09:45,2025-06-25T19:03:07,0,"Rain, Partially cloudy",Partly cloudy throughout the day with morning rain.,rain,"44454099999,VNKT,44449099999"
"Kathmandu, Bagmati, Nepal",2025-06-26,28.8,21.3,24.8,32,21.3,25.7,22.1,86.1,9.7,100,8.33,rain,0,0,27.4,18.4,218.8,1011.7,74.8,7.4,160.6,13.9,6,30,2025-06-26T05:10:03,2025-06-26T19:03:14,0.03,"Rain, Partially cloudy",Partly cloudy throughout the day with rain.,rain,"44454099999,VNKT,44449099999"
"Kathmandu, Bagmati, Nepal",2025-06-27,28.2,21,24.8,31.5,21,25.5,21.8,84.4,18.3,100,4.17,rain,0,0,21.2,20.5,232.3,1010.3,77.4,8.2,191.4,16.4,7,30,2025-06-27T05:10:21,2025-06-27T19:03:20,0.06,"Rain, Partially cloudy",Partly cloudy throughout the day with morning rain.,rain,"44454099999,VNKT,44449099999"
"Kathmandu, Bagmati, Nepal",2025-06-28,28,21.4,24.6,29.7,21.4,25,21.5,84.5,3.7,100,4.17,rain,0,0,24.8,18.4,271.7,1009,85.8,7.3,216.1,18.6,7,10,2025-06-28T05:10:40,2025-06-28T19:03:25,0.09,"Rain, Partially cloudy",Partly cloudy throughout the day with late afternoon rain.,rain,"44454099999,VNKT,44449099999"
"Kathmandu, Bagmati, Nepal",2025-06-29,27.7,21.6,23.1,29.8,21.6,23.2,21.9,94.1,10.2,100,4.17,rain,0,0,25.9,25.9,131.9,1006.8,88.8,7.1,155,13.3,7,10,2025-06-29T05:11:00,2025-06-29T19:03:29,0.12,"Rain, Partially cloudy",Partly cloudy throughout the day with late afternoon rain.,rain,"44454099999,VNKT,44449099999"
"Kathmandu, Bagmati, Nepal",2025-06-30,28,20.9,23.6,30.1,20.9,23.8,21.9,91.1,4.8,100,4.17,rain,0,0,21.2,11.2,162.2,1007.5,89,7,135.5,11.7,7,10,2025-06-30T05:11:21,2025-06-30T19:03:31,0.16,"Rain, Partially cloudy",Partly cloudy throughout the day with late afternoon rain.,rain,"44454099999,VNKT,44449099999"
"Kathmandu, Bagmati, Nepal",2025-07-01,28.4,21.4,24,31.4,21.4,24.3,22.4,92,2.9,100,4.17,rain,0,0,29.2,18.4,69.9,1008.4,76.3,7.3,202.3,17.6,8,30,2025-07-01T05:11:43,2025-07-01T19:03:32,0.19,"Rain, Partially cloudy",Partly cloudy throughout the day with late afternoon rain.,rain,"44454099999,VNKT,44449099999"
"Kathmandu, Bagmati, Nepal",2025-07-02,27,21.4,24.5,28.9,21.4,24.8,21.7,85.7,3.6,100,4.17,rain,0,0,26.3,22.3,206.6,1009,85,7.3,199.1,16.9,7,10,2025-07-02T05:12:05,2025-07-02T19:03:32,0.22,"Rain, Partially cloudy",Partly cloudy throughout the day with late afternoon rain.,rain,"44454099999,VNKT,44449099999"
"Kathmandu, Bagmati, Nepal",2025-07-03,28,22.3,24.6,30.1,22.3,25.1,22.3,88.1,0.6,100,4.17,rain,0,0,21.6,20.5,210,1009.7,85.6,7.4,162.7,14.1,6,30,2025-07-03T05:12:28,2025-07-03T19:03:31,0.25,"Rain, Partially cloudy",Partly cloudy throughout the day with late afternoon rain.,rain,"44454099999,VNKT,44449099999"
"Kathmandu, Bagmati, Nepal",2025-07-04,29,21.5,23.9,32,21.5,24.2,21.9,89.9,3.6,100,4.17,rain,0,0,20.9,27.7,207.3,1009.4,87.2,7,145.4,12.6,5,30,2025-07-04T05:12:52,2025-07-04T19:03:28,0.29,"Rain, Partially cloudy",Partly cloudy throughout the day with late afternoon rain.,rain,"44454099999,VNKT,44449099999"
"Kathmandu, Bagmati, Nepal",2025-07-05,26,20.6,23.8,26,20.6,23.8,22,90.3,16.9,100,4.17,rain,0,0,22.3,14.8,273,1008.3,88.8,7.3,178.3,15.5,6,30,2025-07-05T05:13:17,2025-07-05T19:03:24,0.32,"Rain, Partially cloudy",Partly cloudy throughout the day with late afternoon rain.,rain,"44454099999,VNKT,44449099999"
"Kathmandu, Bagmati, Nepal",2025-07-06,27,21,24.5,29.2,21,24.9,22.3,88.5,0.3,100,4.17,rain,0,0,22.7,16.6,271.4,1007.7,87.1,7.4,263.4,22.6,8,30,2025-07-06T05:13:42,2025-07-06T19:03:18,0.35,"Rain, Partially cloudy",Partly cloudy throughout the day with late afternoon rain.,rain,"44454099999,VNKT,44449099999"
"Kathmandu, Bagmati, Nepal",2025-07-07,28.4,20.6,24.8,30.8,20.6,25.5,21.1,81.4,14.8,100,4.17,rain,0,0,26.3,18.4,272.7,1008,61.5,8.5,233.8,20.3,7,30,2025-07-07T05:14:07,2025-07-07T19:03:11,0.38,"Rain, Partially cloudy",Partly cloudy throughout the day with late afternoon rain.,rain,"44454099999,VNKT,44449099999"
"Kathmandu, Bagmati, Nepal",2025-07-08,28.1,21.9,25,30.7,21.9,25.6,21.6,82.7,0.8,100,4.17,rain,0,0,24.1,18.4,243.8,1008,88,8,232.4,20.2,8,30,2025-07-08T05:14:34,2025-07-08T19:03:03,0.42,"Rain, Partially cloudy",Partly cloudy throughout the day with late afternoon rain.,rain,"44454099999,VNKT,44449099999"
"Kathmandu, Bagmati, Nepal",2025-07-09,29,19.8,23.8,29.9,19.8,24.1,20.3,82.6,59.2,100,4.17,rain,0,0,24.1,16.6,266,1010.2,86.6,7.7,161.2,13.8,6,30,2025-07-09T05:15:01,2025-07-09T19:02:54,0.45,"Rain, Partially cloudy",Partly cloudy throughout the day with late afternoon rain.,rain,"44454099999,VNKT,44449099999"
"Kathmandu, Bagmati, Nepal",2025-07-10,28,19,23,30.1,19,23.3,20.8,88.7,16.7,100,4.17,rain,0,0,24.1,27.7,179.8,1011.3,88.5,7,134.4,11.6,5,30,2025-07-10T05:15:28,2025-07-10T19:02:43,0.48,"Rain, Partially cloudy",Partly cloudy throughout the day with late afternoon rain.,rain,"44454099999,VNKT,44449099999"
"Kathmandu, Bagmati, Nepal",2025-07-11,28,21.6,24.5,30.7,21.6,24.9,22.3,88.9,2.5,100,4.17,rain,0,0,24.8,16.6,233.9,1010.6,86.1,7.3,198.1,17.1,6,30,2025-07-11T05:15:56,2025-07-11T19:02:31,0.5,"Rain, Partially cloudy",Partly cloudy throughout the day with late afternoon rain.,rain,"44454099999,VNKT,44449099999"
"Kathmandu, Bagmati, Nepal",2025-07-12,30,22,25.4,33.3,22,26.2,22.4,85.2,8.5,100,4.17,rain,0,0,24.8,18.3,235.3,1011.1,81.1,7.6,214.4,18.6,9,30,2025-07-12T05:16:25,2025-07-12T19:02:17,0.55,"Rain, Partially cloudy",Partly cloudy throughout the day with morning rain.,rain,"44454099999,VNKT,44449099999"
"Kathmandu, Bagmati, Nepal",2025-07-13,30,21,24.4,32.6,21,25,22,87.8,11.2,100,4.17,rain,0,0,25.9,20.5,65,1012.2,76.3,7.1,234,20.4,8,30,2025-07-13T05:16:54,2025-07-13T19:02:02,0.59,"Rain, Partially cloudy",Partly cloudy throughout the day with late afternoon rain.,rain,"44454099999,VNKT,44449099999"
"Kathmandu, Bagmati, Nepal",2025-07-14,28,21,23.9,30.2,21,24.2,21.3,86.9,7.8,100,8.33,rain,0,0,30.6,18.4,228.4,1011.3,84.3,7.4,231.7,19.9,9,10,2025-07-14T05:17:23,2025-07-14T19:01:46,0.62,"Rain, Partially cloudy",Partly cloudy throughout the day with rain.,rain,"44454099999,VNKT,44449099999"
"Kathmandu, Bagmati, Nepal",2025-07-15,27,20.8,23.4,28.9,20.8,23.6,21.8,91.6,6.4,100,8.33,rain,0,0,22.7,14.8,226.7,1010,88.5,6.8,158.3,13.6,6,30,2025-07-15T05:17:52,2025-07-15T19:01:28,0.66,"Rain, Partially cloudy",Partly cloudy throughout the day with rain.,rain,"44454099999,VNKT,44449099999"
"Kathmandu, Bagmati, Nepal",2025-07-16,29,21.4,24.5,30.3,21.4,24.9,20.4,79.9,1.6,100,4.17,rain,0,0,51.5,25.9,106.1,1010.7,85,8.3,166.4,14.2,6,10,2025-07-16T05:18:23,2025-07-16T19:01:09,0.69,"Rain, Partially cloudy",Partly cloudy throughout the day with late afternoon rain.,rain,"44454099999,VNKT,44449099999"
"Kathmandu, Bagmati, Nepal",2025-07-17,28,21.3,24.1,30.5,21.3,24.6,20.8,82.6,1.1,100,4.17,rain,0,0,27.7,18.3,159.4,1013.1,81.8,8,178.1,15.4,7,10,2025-07-17T05:18:53,2025-07-17T19:00:49,0.73,"Rain, Partially cloudy",Partly cloudy throughout the day with late afternoon rain.,rain,"44454099999,VNKT,44449099999"
"Kathmandu, Bagmati, Nepal",2025-07-18,30,20.4,25.6,32.6,20.4,26.5,21.6,80.5,0,0,0,rain,0,0,24.1,16.6,259.1,1011.9,57.5,8.6,239.3,20.7,8,30,2025-07-18T05:19:23,2025-07-18T19:00:27,0.75,Partially cloudy,Partly cloudy throughout the day.,partly-cloudy-day,"44454099999,VNKT,remote,44449099999"
"Kathmandu, Bagmati, Nepal",2025-07-19,30.2,23.1,26.4,34.6,23.1,27.7,23,82.8,0,0,0,rain,0,0,26.3,20.5,239.6,1007.7,81.5,7.5,215.8,18.5,8,30,2025-07-19T05:19:54,2025-07-19T19:00:04,0.8,Partially cloudy,Partly cloudy throughout the day.,partly-cloudy-day,"44454099999,VNKT,44449099999"
"Kathmandu, Bagmati, Nepal",2025-07-20,26.3,22,24.3,26.3,22,24.3,22.1,88.2,4,100,4.17,rain,0,0,26.3,14.8,264.2,1008.7,89,6.9,102.3,8.9,4,10,2025-07-20T05:20:26,2025-07-20T18:59:40,0.84,"Rain, Partially cloudy",Partly cloudy throughout the day with morning rain.,rain,"44454099999,VNKT,44449099999"
"Kathmandu, Bagmati, Nepal",2025-07-21,29,22.3,24.7,32.3,22.3,25.4,22.6,88.8,1.1,100,4.17,rain,0,0,21.6,16.6,206.3,1010.1,85.3,7.1,212.4,18.4,7,10,2025-07-21T05:20:57,2025-07-21T18:59:14,0.87,"Rain, Partially cloudy",Partly cloudy throughout the day with late afternoon rain.,rain,"44454099999,VNKT,44449099999"
"Kathmandu, Bagmati, Nepal",2025-07-22,30.2,21,25.2,32,21,25.9,21.9,83.9,12.1,100,8.33,rain,0,0,25.9,18.4,226.9,1008.5,81,7.5,186.5,16.2,8,30,2025-07-22T05:21:28,2025-07-22T18:58:47,0.91,"Rain, Partially cloudy",Partly cloudy throughout the day with rain.,rain,"44454099999,VNKT,44449099999"
"Kathmandu, Bagmati, Nepal",2025-07-23,30,22.9,25.2,33.4,22.9,26,23.1,89.1,0,0,0,rain,0,0,31.3,22.3,249.4,1006,80.9,7.7,224.5,19.4,9,30,2025-07-23T05:22:00,2025-07-23T18:58:19,0.94,Partially cloudy,Partly cloudy throughout the day.,partly-cloudy-day,"44454099999,VNKT,44449099999"
"Kathmandu, Bagmati, Nepal",2025-07-24,31,22.6,26.4,34.6,22.6,27.4,22.6,81.4,12,100,4.17,rain,0,0,27,16.6,196.7,1004.8,69.5,8.2,219.8,19.2,9,30,2025-07-24T05:22:32,2025-07-24T18:57:49,0.98,"Rain, Partially cloudy",Partly cloudy throughout the day with morning rain.,rain,"44454099999,VNKT,remote,44449099999"
"Kathmandu, Bagmati, Nepal",2025-07-25,29.1,22.6,25.6,32.9,22.6,26.7,23,87,0,0,0,rain,0,0,27,22.3,247.1,1004.9,77.2,7.2,163.3,14.1,7,30,2025-07-25T05:23:04,2025-07-25T18:57:18,0,Partially cloudy,Partly cloudy throughout the day.,partly-cloudy-day,"44454099999,VNKT,44449099999"
"Kathmandu, Bagmati, Nepal",2025-07-26,28,22.6,25.4,31,22.6,26.4,22.8,86.4,1.3,100,8.33,rain,0,0,30.2,18.4,196.2,1006.6,85.9,7.7,163.5,14.1,5,30,2025-07-26T05:23:36,2025-07-26T18:56:46,0.05,"Rain, Partially cloudy",Partly cloudy throughout the day with rain.,rain,"44454099999,VNKT,44449099999"
"Kathmandu, Bagmati, Nepal",2025-07-27,28.2,21.9,24.8,31.2,21.9,25.2,22.3,87.1,0.2,100,4.17,rain,0,0,23,22.3,199.2,1006.8,87.7,7.6,179.8,15.5,7,10,2025-07-27T05:24:08,2025-07-27T18:56:12,0.08,"Rain, Partially cloudy",Partly cloudy throughout the day with late afternoon rain.,rain,"44454099999,VNKT,44449099999"
"Kathmandu, Bagmati, Nepal",2025-07-28,26,21,22.8,26,21,22.8,22.4,97.7,42.6,100,4.17,rain,0,0,19.1,11.2,143.7,1007.5,91.7,6.4,70.2,6,3,10,2025-07-28T05:24:40,2025-07-28T18:55:37,0.11,"Rain, Overcast",Cloudy skies throughout the day with late afternoon rain.,rain,"44454099999,VNKT,44449099999"
"Kathmandu, Bagmati, Nepal",2025-07-29,27,21.5,24,29.7,21.5,24.3,22.7,92.9,2.7,100,4.17,rain,0,0,38.5,16.6,259.5,1008.3,88.9,7.5,148.3,12.7,6,10,2025-07-29T05:25:13,2025-07-29T18:55:01,0.14,"Rain, Partially cloudy",Partly cloudy throughout the day with late afternoon rain.,rain,"44454099999,VNKT,44449099999"
"Kathmandu, Bagmati, Nepal",2025-07-30,27.8,21.6,24.1,29.9,21.6,24.3,22.3,90.1,0,0,0,rain,0,0,31,22.3,204.7,1009.4,87.9,7,185,15.9,6,30,2025-07-30T05:25:45,2025-07-30T18:54:24,0.18,Partially cloudy,Partly cloudy throughout the day.,partly-cloudy-day,"44454099999,VNKT,44449099999"
"Kathmandu, Bagmati, Nepal",2025-07-31,28.7,21.6,23.9,31.9,21.6,24.2,22.3,91.8,8.5,100,8.33,rain,0,0,24.5,18.4,240.5,1009.5,86.9,7.3,186.2,16,6,10,2025-07-31T05:26:17,2025-07-31T18:53:46,0.21,"Rain, Partially cloudy",Partly cloudy throughout the day with rain.,rain,"44454099999,VNKT,44449099999"
"Kathmandu, Bagmati, Nepal",2025-08-01,28,21.9,24.4,30.1,21.9,25,22,87.3,4.5,100,4.17,rain,0,0,26.6,16.6,269.8,1009.2,88,7.5,209.3,18,7,10,2025-08-01T05:26:49,2025-08-01T18:53:06,0.25,"Rain, Partially cloudy",Partly cloudy throughout the day with morning rain.,rain,"44454099999,VNKT,44449099999"
"Kathmandu, Bagmati, Nepal",2025-08-02,27.7,22,24.5,30.9,22,24.8,22.8,91.2,0.7,100,8.33,rain,0,0,22.3,23.6,226.2,1009.8,87.7,7,146.5,12.6,5,30,2025-08-02T05:27:22,2025-08-02T18:52:26,0.27,"Rain, Partially cloudy",Partly cloudy throughout the day with rain.,rain,"44454099999,VNKT,44449099999"
"Kathmandu, Bagmati, Nepal",2025-08-03,26.5,21.2,23.6,26.5,21.2,23.6,22.5,93.9,22.7,100,4.17,rain,0,0,32.8,16.6,182.5,1011.5,87.7,7,72.6,6.3,3,10,2025-08-03T05:27:54,2025-08-03T18:51:44,0.3,"Rain, Partially cloudy",Partly cloudy throughout the day with late afternoon rain.,rain,"44454099999,VNKT,44449099999"
"Kathmandu, Bagmati, Nepal",2025-08-04,26.5,21.1,22.9,26.5,21.1,22.9,22.2,96.3,0,0,0,rain,0,0,39.2,23.6,152.7,1012.8,87.2,6.6,113.1,9.6,6,10,2025-08-04T05:28:26,2025-08-04T18:51:01,0.34,Partially cloudy,Partly cloudy throughout the day.,partly-cloudy-day,"44454099999,VNKT,44449099999"
"Kathmandu, Bagmati, Nepal",2025-08-05,26,20.4,22,26,20.4,22,21.4,96.6,29,100,8.33,rain,0,0,21.6,71.2,265.9,1013.2,89.2,6.8,101.7,8.7,4,10,2025-08-05T05:28:58,2025-08-05T18:50:16,0.37,"Rain, Partially cloudy",Partly cloudy throughout the day with rain.,rain,"44454099999,VNKT,44449099999"
"Kathmandu, Bagmati, Nepal",2025-08-06,28,20,24,30.1,20,24.6,21.1,84.9,0.3,100,4.17,rain,0,0,27,14.8,248.5,1011.8,74.1,7.4,159.9,13.8,5,30,2025-08-06T05:29:30,2025-08-06T18:49:31,0.4,"Rain, Partially cloudy",Partly cloudy throughout the day with late afternoon rain.,rain,"44454099999,VNKT,44449099999"
"Kathmandu, Bagmati, Nepal",2025-08-07,28,22.6,25,31.3,22.6,25.8,22.5,87.3,0,0,0,rain,0,0,26.3,20.5,202.3,1010.4,86.9,7.5,226.6,19.6,8,30,2025-08-07T05:30:02,2025-08-07T18:48:45,0.43,Partially cloudy,Partly cloudy throughout the day.,partly-cloudy-day,"44454099999,VNKT,44449099999"
"Kathmandu, Bagmati, Nepal",2025-08-08,28,22,24,30.7,22,24.3,22.4,91.3,6,100,4.17,rain,0,0,33.1,24.1,193.4,1013.3,88.2,7.3,94.4,8.2,3,10,2025-08-08T05:30:33,2025-08-08T18:47:57,0.47,"Rain, Partially cloudy",Partly cloudy throughout the day with morning rain.,rain,"44454099999,VNKT,44449099999"
"Kathmandu, Bagmati, Nepal",2025-08-09,27,21.3,23.5,28.9,21.3,23.6,22.3,93.6,7.6,100,8.33,rain,0,0,27.7,20.5,225.2,1015,86.9,6.9,95.9,8.1,4,10,2025-08-09T05:31:05,2025-08-09T18:47:09,0.5,"Rain, Partially cloudy",Partly cloudy throughout the day with rain.,rain,"44454099999,VNKT,44449099999"
"Kathmandu, Bagmati, Nepal",2025-08-10,26.6,21.6,23.8,26.6,21.6,23.8,22.4,92.3,6.4,100,8.33,rain,0,0,24.8,12.9,250.9,1013.2,87.7,6.7,129.7,11.3,6,10,2025-08-10T05:31:37,2025-08-10T18:46:19,0.53,"Rain, Partially cloudy",Partly cloudy throughout the day with rain.,rain,"44454099999,VNKT,44449099999"
"Kathmandu, Bagmati, Nepal",2025-08-11,27,21.9,23.7,29.2,21.9,23.8,22.6,94.1,8.7,100,4.17,rain,0,0,21.6,11.2,236.2,1012.2,86.6,6.5,95.4,8.3,3,10,2025-08-11T05:32:08,2025-08-11T18:45:29,0.57,"Rain, Partially cloudy",Partly cloudy throughout the day with late afternoon rain.,rain,"44454099999,VNKT,44449099999"
"Kathmandu, Bagmati, Nepal",2025-08-12,28,21.8,24.7,30.4,21.8,25.4,22.3,87.7,0.6,100,4.17,rain,0,0,20.5,14.8,242.2,1010.5,85.9,7.4,167.2,14.3,6,30,2025-08-12T05:32:39,2025-08-12T18:44:37,0.61,"Rain, Partially cloudy",Partly cloudy throughout the day with late afternoon rain.,rain,"44454099999,VNKT,44449099999"
"Kathmandu, Bagmati, Nepal",2025-08-13,26.1,21.1,23,26.1,21.1,23,22.5,97.4,30.4,100,4.17,rain,0,0,40,20.5,184,1012.1,87.7,6.6,62.3,5.3,2,10,2025-08-13T05:33:10,2025-08-13T18:43:45,0.64,"Rain, Partially cloudy",Partly cloudy throughout the day with late afternoon rain.,rain,"44454099999,VNKT,44449099999"
"Kathmandu, Bagmati, Nepal",2025-08-14,24,20.8,22.4,24,20.8,22.4,21.7,96.2,5.1,100,4.17,rain,0,0,19.8,13,187.7,1014.7,88.7,6.5,130.4,11.3,5,10,2025-08-14T05:33:41,2025-08-14T18:42:52,0.68,"Rain, Partially cloudy",Partly cloudy throughout the day with late afternoon rain.,rain,"44454099999,VNKT,44449099999"
"Kathmandu, Bagmati, Nepal",2025-08-15,26,20.5,23.2,26,20.5,23.2,21.5,90.9,0.6,100,4.17,rain,0,0,23.4,13,270.3,1012.5,86.1,7.2,225.7,19.6,7,10,2025-08-15T05:34:12,2025-08-15T18:41:58,0.71,"Rain, Partially cloudy",Partly cloudy throughout the day with late afternoon rain.,rain,"44454099999,VNKT,44449099999"
"Kathmandu, Bagmati, Nepal",2025-08-16,31,21.7,24,35.5,21.7,24.6,22.5,92.4,0,0,0,rain,0,0,22.7,20.5,167.7,1011.7,82.5,7,213.8,18.2,7,30,2025-08-16T05:34:42,2025-08-16T18:41:02,0.75,Partially cloudy,Partly cloudy throughout the day.,partly-cloudy-day,"44454099999,VNKT,44449099999"
"Kathmandu, Bagmati, Nepal",2025-08-17,29.2,21.5,24,32,21.5,24.6,22,90.1,14,100,8.33,rain,0,0,25.6,24.1,195.6,1013.6,83.3,7,219.4,18.9,9,30,2025-08-17T05:35:13,2025-08-17T18:40:06,0.78,"Rain, Partially cloudy",Partly cloudy throughout the day with rain.,rain,"44454099999,VNKT,44449099999"
"Kathmandu, Bagmati, Nepal",2025-08-18,29,20.5,23.8,31.5,20.5,24.3,21.5,88.9,20.4,100,4.17,rain,0,0,27,22.3,188.2,1014.8,77.4,7.2,215.6,18.7,8,30,2025-08-18T05:35:43,2025-08-18T18:39:10,0.82,"Rain, Partially cloudy",Partly cloudy throughout the day with late afternoon rain.,rain,"44454099999,VNKT,44449099999"
"Kathmandu, Bagmati, Nepal",2025-08-19,29.1,21.4,24.3,32.2,21.4,24.9,22.1,88.9,6.6,100,4.17,rain,0,0,28.1,22.3,182.7,1013.4,81.7,7.4,197.1,17.1,8,30,2025-08-19T05:36:13,2025-08-19T18:38:12,0.86,"Rain, Partially cloudy",Partly cloudy throughout the day with late afternoon rain.,rain,"44454099999,VNKT,44449099999"
"Kathmandu, Bagmati, Nepal",2025-08-20,28.2,21.3,24,30.6,21.3,24.3,21.5,86.7,0.1,100,4.17,rain,0,0,29.2,24.1,202.1,1012.6,83.1,7.3,157.6,13.5,6,30,2025-08-20T05:36:43,2025-08-20T18:37:14,0.89,"Rain, Partially cloudy",Partly cloudy throughout the day with late afternoon rain.,rain,"44454099999,VNKT,44449099999"
"Kathmandu, Bagmati, Nepal",2025-08-21,28.8,21,23.7,31.2,21,24.1,21.4,88.7,8.8,100,4.17,rain,0,0,25.6,13,149.6,1012.1,79.5,7.3,195.5,17,7,30,2025-08-21T05:37:13,2025-08-21T18:36:14,0.93,"Rain, Partially cloudy",Partly cloudy throughout the day with late afternoon rain.,rain,"44454099999,VNKT,44449099999"
"Kathmandu, Bagmati, Nepal",2025-08-22,29,20.9,23,30.7,20.9,23.5,21.3,91.6,30,100,8.33,rain,0,0,27.4,22.3,188.7,1010.2,78.7,7,122,10.6,6,30,2025-08-22T05:37:42,2025-08-22T18:35:15,0.96,"Rain, Partially cloudy",Partly cloudy throughout the day with rain.,rain,"44454099999,VNKT,44449099999"
"Kathmandu, Bagmati, Nepal",2025-08-23,28,20,23.4,30.7,20,23.7,21.3,89,14.3,100,8.33,rain,0,0,25.6,22.3,230.4,1009.8,87.7,7.3,176.8,15.2,6,30,2025-08-23T05:38:12,2025-08-23T18:34:14,0,"Rain, Partially cloudy",Partly cloudy throughout the day with rain.,rain,"44454099999,VNKT,44449099999"
"Kathmandu, Bagmati, Nepal",2025-08-24,28,22,24.5,30,22,24.9,21.5,85,6.9,100,54.17,rain,0,0,41.4,18.4,200.1,1011,80.6,8.1,121.5,10.5,6,30,2025-08-24T05:38:41,2025-08-24T18:33:13,0.03,"Rain, Partially cloudy",Partly cloudy throughout the day with rain.,rain,"44454099999,VNKT"
"Kathmandu, Bagmati, Nepal",2025-08-25,27,21,24,28.7,21,24.1,21.6,87.4,13.8,100,87.5,rain,0,0,32.8,27.7,204,1012.6,80.1,7.8,107.5,9.5,4,10,2025-08-25T05:39:10,2025-08-25T18:32:11,0.06,"Rain, Partially cloudy",Partly cloudy throughout the day with a chance of rain throughout the day.,rain,VNKT
"Kathmandu, Bagmati, Nepal",2025-08-26,27,22,24.2,29.1,22,24.6,21.8,88,5.6,100,75,rain,0,0,31.7,20.5,226.6,1013.8,88,7.5,149.8,12.9,6,10,2025-08-26T05:39:39,2025-08-26T18:31:08,0.1,"Rain, Partially cloudy",Partly cloudy throughout the day with a chance of rain throughout the day.,rain,VNKT
"Kathmandu, Bagmati, Nepal",2025-08-27,28,21,23.4,30,21,23.6,22,93,10.6,100,58.33,rain,0,0,7.6,20.5,108.7,1012.9,88,6.6,195.7,17.1,6,10,2025-08-27T05:40:08,2025-08-27T18:30:05,0.13,"Rain, Partially cloudy",Partly cloudy throughout the day with a chance of rain throughout the day.,rain,VNKT
"Kathmandu, Bagmati, Nepal",2025-08-28,27,20,22.3,28.7,20,22.4,20.9,92.4,7.7,100,66.67,rain,0,0,6.8,18.4,151,1013,92.5,5.9,116.6,10.3,7,10,2025-08-28T05:40:36,2025-08-28T18:29:01,0.16,"Rain, Overcast",Cloudy skies throughout the day with a chance of rain throughout the day.,rain,VNKT
"Kathmandu, Bagmati, Nepal",2025-08-29,26,20,22.7,26,20,22.7,21.3,92.1,15.5,100,70.83,rain,0,0,5.4,13,155.3,1014.4,88,7.2,64.8,5.7,3,10,2025-08-29T05:41:05,2025-08-29T18:27:57,0.19,"Rain, Partially cloudy",Partly cloudy throughout the day with a chance of rain throughout the day.,rain,VNKT
"Kathmandu, Bagmati, Nepal",2025-08-30,26,21,23.1,26,21,23.1,21.3,90.9,14.2,100,79.17,rain,0,0,6.1,16.6,187.3,1015.5,88,7.2,157,13.5,8,10,2025-08-30T05:41:33,2025-08-30T18:26:52,0.23,"Rain, Partially cloudy",Partly cloudy throughout the day with a chance of rain throughout the day.,rain,VNKT
"Kathmandu, Bagmati, Nepal",2025-08-31,28,19.8,23.2,29.2,19.8,23.5,20.9,87.7,26.1,100,83.33,rain,0,0,7.2,24.1,180.3,1013.8,85.3,7.4,185.3,15.9,9,30,2025-08-31T05:42:01,2025-08-31T18:25:46,0.25,"Rain, Partially cloudy",Partly cloudy throughout the day with a chance of rain throughout the day.,rain,"VNKT,remote"
"Kathmandu, Bagmati, Nepal",2025-09-01,26.7,19.3,22.5,26.7,19.3,22.5,20.1,87.2,22.9,100,79.17,rain,0,0,5.8,11.2,175.2,1008.5,71.8,8.9,292.9,25.4,9,30,2025-09-01T05:42:30,2025-09-01T18:24:40,0.29,"Rain, Partially cloudy",Partly cloudy throughout the day with storms possible.,rain,"VNKT,remote"
